condition,training_seed,persona,eval_seed,turn,difficulty_before,perf,conf,hes,resp_time,raw_action,final_action,guardrail_id,activation,override,final_action_attempts_boundary,raw_proposal_attempts_boundary_on_visited_state
Fixed,-,struggling_junior,1001,1,3.0,0.0,0.0,1.0,9.015,Same,Same,none,False,False,False,False
Fixed,-,struggling_junior,1001,2,3.0,0.0,0.0,0.9621,9.145,Same,Same,none,False,False,False,False
Fixed,-,struggling_junior,1001,3,3.0,0.0937,0.0,0.9801,9.61,Same,Same,none,False,False,False,False
Fixed,-,struggling_junior,1001,4,3.0,0.0,0.0558,0.9465,9.106,Same,Same,none,False,False,False,False
Fixed,-,struggling_junior,1001,5,3.0,0.0461,0.0,0.954,9.021,Same,Same,none,False,False,False,False
Fixed,-,struggling_junior,1001,6,3.0,0.0514,0.0486,0.8916,9.405,Same,Same,none,False,False,False,False
Fixed,-,struggling_junior,1001,7,3.0,0.0512,0.0,0.8305,8.823,Same,Same,none,False,False,False,False
Fixed,-,struggling_junior,1001,8,3.0,0.0849,0.0301,1.0,10.265,Same,Same,none,False,False,False,False
Fixed,-,struggling_junior,1001,9,3.0,0.0695,0.0,0.9785,10.372,Same,Same,none,False,False,False,False
Fixed,-,struggling_junior,1001,10,3.0,0.0353,0.0481,1.0,10.104,Same,Same,none,False,False,False,False
Fixed,-,struggling_junior,2002,1,3.0,0.0,0.009,0.9933,11.225,Same,Same,none,False,False,False,False
Fixed,-,struggling_junior,2002,2,3.0,0.05,0.032,0.8323,8.765,Same,Same,none,False,False,False,False
Fixed,-,struggling_junior,2002,3,3.0,0.0062,0.0669,0.8693,8.746,Same,Same,none,False,False,False,False
Fixed,-,struggling_junior,2002,4,3.0,0.0665,0.0601,1.0,9.823,Same,Same,none,False,False,False,False
Fixed,-,struggling_junior,2002,5,3.0,0.0,0.0,0.9886,10.163,Same,Same,none,False,False,False,False
Fixed,-,struggling_junior,2002,6,3.0,0.0043,0.0414,1.0,9.775,Same,Same,none,False,False,False,False
Fixed,-,struggling_junior,2002,7,3.0,0.0428,0.0,0.9392,9.218,Same,Same,none,False,False,False,False
Fixed,-,struggling_junior,2002,8,3.0,0.033,0.0,1.0,8.961,Same,Same,none,False,False,False,False
Fixed,-,struggling_junior,2002,9,3.0,0.0698,0.0,1.0,10.302,Same,Same,none,False,False,False,False
Fixed,-,struggling_junior,2002,10,3.0,0.0,0.0,1.0,9.632,Same,Same,none,False,False,False,False
Fixed,-,struggling_junior,3003,1,3.0,0.0278,0.0,0.9865,9.928,Same,Same,none,False,False,False,False
Fixed,-,struggling_junior,3003,2,3.0,0.1074,0.0,0.9548,9.528,Same,Same,none,False,False,False,False
Fixed,-,struggling_junior,3003,3,3.0,0.1178,0.0,0.9615,8.673,Same,Same,none,False,False,False,False
Fixed,-,struggling_junior,3003,4,3.0,0.0737,0.0,0.9996,9.071,Same,Same,none,False,False,False,False
Fixed,-,struggling_junior,3003,5,3.0,0.0,0.0325,0.9647,9.369,Same,Same,none,False,False,False,False
Fixed,-,struggling_junior,3003,6,3.0,0.0174,0.0,1.0,9.93,Same,Same,none,False,False,False,False
Fixed,-,struggling_junior,3003,7,3.0,0.0367,0.0306,0.9183,8.517,Same,Same,none,False,False,False,False
Fixed,-,struggling_junior,3003,8,3.0,0.032,0.0,0.9794,9.253,Same,Same,none,False,False,False,False
Fixed,-,struggling_junior,3003,9,3.0,0.0356,0.0,0.8792,9.448,Same,Same,none,False,False,False,False
Fixed,-,struggling_junior,3003,10,3.0,0.0236,0.0,0.9747,9.721,Same,Same,none,False,False,False,False
Fixed,-,struggling_junior,4004,1,3.0,0.0634,0.0053,1.0,9.681,Same,Same,none,False,False,False,False
Fixed,-,struggling_junior,4004,2,3.0,0.0422,0.0,0.9976,9.935,Same,Same,none,False,False,False,False
Fixed,-,struggling_junior,4004,3,3.0,0.0491,0.0214,0.9933,9.359,Same,Same,none,False,False,False,False
Fixed,-,struggling_junior,4004,4,3.0,0.081,0.0,0.9551,10.007,Same,Same,none,False,False,False,False
Fixed,-,struggling_junior,4004,5,3.0,0.0607,0.008,1.0,10.688,Same,Same,none,False,False,False,False
Fixed,-,struggling_junior,4004,6,3.0,0.051,0.0,0.9607,11.211,Same,Same,none,False,False,False,False
Fixed,-,struggling_junior,4004,7,3.0,0.0227,0.0516,0.9722,9.794,Same,Same,none,False,False,False,False
Fixed,-,struggling_junior,4004,8,3.0,0.0067,0.0,0.9827,10.756,Same,Same,none,False,False,False,False
Fixed,-,struggling_junior,4004,9,3.0,0.0061,0.0389,0.9619,9.237,Same,Same,none,False,False,False,False
Fixed,-,struggling_junior,4004,10,3.0,0.0606,0.0324,0.9875,8.966,Same,Same,none,False,False,False,False
Fixed,-,struggling_junior,5005,1,3.0,0.0,0.0174,0.9971,10.015,Same,Same,none,False,False,False,False
Fixed,-,struggling_junior,5005,2,3.0,0.0939,0.0,1.0,10.053,Same,Same,none,False,False,False,False
Fixed,-,struggling_junior,5005,3,3.0,0.0107,0.0074,1.0,10.063,Same,Same,none,False,False,False,False
Fixed,-,struggling_junior,5005,4,3.0,0.0114,0.0271,1.0,10.366,Same,Same,none,False,False,False,False
Fixed,-,struggling_junior,5005,5,3.0,0.0,0.0,1.0,10.313,Same,Same,none,False,False,False,False
Fixed,-,struggling_junior,5005,6,3.0,0.1468,0.0316,0.9828,9.539,Same,Same,none,False,False,False,False
Fixed,-,struggling_junior,5005,7,3.0,0.0476,0.0114,0.8819,9.184,Same,Same,none,False,False,False,False
Fixed,-,struggling_junior,5005,8,3.0,0.0,0.0,0.9963,10.355,Same,Same,none,False,False,False,False
Fixed,-,struggling_junior,5005,9,3.0,0.0,0.0,1.0,9.708,Same,Same,none,False,False,False,False
Fixed,-,struggling_junior,5005,10,3.0,0.0673,0.0541,0.936,9.031,Same,Same,none,False,False,False,False
Fixed,-,overconfident_fail,1001,1,3.0,0.0264,0.8372,0.2892,6.491,Same,Same,none,False,False,False,False
Fixed,-,overconfident_fail,1001,2,3.0,0.1202,0.8285,0.2474,6.789,Same,Same,none,False,False,False,False
Fixed,-,overconfident_fail,1001,3,3.0,0.1263,0.8422,0.2677,7.436,Same,Same,none,False,False,False,False
Fixed,-,overconfident_fail,1001,4,3.0,0.0687,0.8689,0.2421,6.798,Same,Same,none,False,False,False,False
Fixed,-,overconfident_fail,1001,5,3.0,0.0683,0.8058,0.2593,6.962,Same,Same,none,False,False,False,False
Fixed,-,overconfident_fail,1001,6,3.0,0.0016,0.8426,0.2023,6.793,Same,Same,none,False,False,False,False
Fixed,-,overconfident_fail,1001,7,3.0,0.1293,0.8843,0.2756,7.395,Same,Same,none,False,False,False,False
Fixed,-,overconfident_fail,1001,8,3.0,0.0523,0.8564,0.2338,6.897,Same,Same,none,False,False,False,False
Fixed,-,overconfident_fail,1001,9,3.0,0.1102,0.8387,0.2593,7.035,Same,Same,none,False,False,False,False
Fixed,-,overconfident_fail,1001,10,3.0,0.0875,0.88,0.285,7.24,Same,Same,none,False,False,False,False
Fixed,-,overconfident_fail,2002,1,3.0,0.0303,0.856,0.2144,8.082,Same,Same,none,False,False,False,False
Fixed,-,overconfident_fail,2002,2,3.0,0.0404,0.8127,0.2694,6.465,Same,Same,none,False,False,False,False
Fixed,-,overconfident_fail,2002,3,3.0,0.0617,0.8644,0.2667,6.122,Same,Same,none,False,False,False,False
Fixed,-,overconfident_fail,2002,4,3.0,0.163,0.8338,0.2619,7.223,Same,Same,none,False,False,False,False
Fixed,-,overconfident_fail,2002,5,3.0,0.0522,0.8388,0.2137,7.318,Same,Same,none,False,False,False,False
Fixed,-,overconfident_fail,2002,6,3.0,0.0629,0.8695,0.2807,7.428,Same,Same,none,False,False,False,False
Fixed,-,overconfident_fail,2002,7,3.0,0.0805,0.841,0.2505,6.637,Same,Same,none,False,False,False,False
Fixed,-,overconfident_fail,2002,8,3.0,0.0822,0.8478,0.2728,6.749,Same,Same,none,False,False,False,False
Fixed,-,overconfident_fail,2002,9,3.0,0.1128,0.8522,0.2502,6.427,Same,Same,none,False,False,False,False
Fixed,-,overconfident_fail,2002,10,3.0,0.1271,0.838,0.2647,6.238,Same,Same,none,False,False,False,False
Fixed,-,overconfident_fail,3003,1,3.0,0.0883,0.8256,0.2149,7.149,Same,Same,none,False,False,False,False
Fixed,-,overconfident_fail,3003,2,3.0,0.1054,0.8847,0.2512,6.941,Same,Same,none,False,False,False,False
Fixed,-,overconfident_fail,3003,3,3.0,0.0886,0.8109,0.3032,7.221,Same,Same,none,False,False,False,False
Fixed,-,overconfident_fail,3003,4,3.0,0.0921,0.8881,0.2378,7.197,Same,Same,none,False,False,False,False
Fixed,-,overconfident_fail,3003,5,3.0,0.0916,0.8003,0.213,6.593,Same,Same,none,False,False,False,False
Fixed,-,overconfident_fail,3003,6,3.0,0.1217,0.8202,0.214,6.311,Same,Same,none,False,False,False,False
Fixed,-,overconfident_fail,3003,7,3.0,0.0888,0.8581,0.2377,6.005,Same,Same,none,False,False,False,False
Fixed,-,overconfident_fail,3003,8,3.0,0.0,0.8333,0.2806,6.046,Same,Same,none,False,False,False,False
Fixed,-,overconfident_fail,3003,9,3.0,0.0963,0.836,0.3304,6.607,Same,Same,none,False,False,False,False
Fixed,-,overconfident_fail,3003,10,3.0,0.0682,0.8452,0.2314,6.569,Same,Same,none,False,False,False,False
Fixed,-,overconfident_fail,4004,1,3.0,0.1115,0.8535,0.2505,6.97,Same,Same,none,False,False,False,False
Fixed,-,overconfident_fail,4004,2,3.0,0.1046,0.8541,0.2805,6.948,Same,Same,none,False,False,False,False
Fixed,-,overconfident_fail,4004,3,3.0,0.0985,0.8459,0.3125,7.307,Same,Same,none,False,False,False,False
Fixed,-,overconfident_fail,4004,4,3.0,0.0471,0.8493,0.2174,7.545,Same,Same,none,False,False,False,False
Fixed,-,overconfident_fail,4004,5,3.0,0.1395,0.8209,0.2451,7.098,Same,Same,none,False,False,False,False
Fixed,-,overconfident_fail,4004,6,3.0,0.1635,0.8566,0.2856,6.983,Same,Same,none,False,False,False,False
Fixed,-,overconfident_fail,4004,7,3.0,0.1147,0.8571,0.2586,7.355,Same,Same,none,False,False,False,False
Fixed,-,overconfident_fail,4004,8,3.0,0.0863,0.8511,0.2092,6.544,Same,Same,none,False,False,False,False
Fixed,-,overconfident_fail,4004,9,3.0,0.0609,0.8759,0.2862,6.651,Same,Same,none,False,False,False,False
Fixed,-,overconfident_fail,4004,10,3.0,0.0934,0.8284,0.2059,6.041,Same,Same,none,False,False,False,False
Fixed,-,overconfident_fail,5005,1,3.0,0.0132,0.8616,0.2782,7.211,Same,Same,none,False,False,False,False
Fixed,-,overconfident_fail,5005,2,3.0,0.0177,0.8372,0.2424,7.24,Same,Same,none,False,False,False,False
Fixed,-,overconfident_fail,5005,3,3.0,0.0694,0.8549,0.2165,7.245,Same,Same,none,False,False,False,False
Fixed,-,overconfident_fail,5005,4,3.0,0.1381,0.8553,0.2856,7.02,Same,Same,none,False,False,False,False
Fixed,-,overconfident_fail,5005,5,3.0,0.1045,0.8709,0.1909,7.625,Same,Same,none,False,False,False,False
Fixed,-,overconfident_fail,5005,6,3.0,0.0889,0.8611,0.2717,5.946,Same,Same,none,False,False,False,False
Fixed,-,overconfident_fail,5005,7,3.0,0.1134,0.8599,0.2251,6.554,Same,Same,none,False,False,False,False
Fixed,-,overconfident_fail,5005,8,3.0,0.0445,0.839,0.2474,6.966,Same,Same,none,False,False,False,False
Fixed,-,overconfident_fail,5005,9,3.0,0.0634,0.8455,0.2349,7.267,Same,Same,none,False,False,False,False
Fixed,-,overconfident_fail,5005,10,3.0,0.0777,0.8668,0.2463,6.666,Same,Same,none,False,False,False,False
Fixed,-,normal,1001,1,3.0,0.4674,0.2547,0.7208,6.148,Same,Same,none,False,False,False,False
Fixed,-,normal,1001,2,3.0,0.4638,0.2689,0.8358,7.76,Same,Same,none,False,False,False,False
Fixed,-,normal,1001,3,3.0,0.5249,0.3732,0.6101,5.814,Same,Same,none,False,False,False,False
Fixed,-,normal,1001,4,3.0,0.4678,0.3117,0.7823,6.304,Same,Same,none,False,False,False,False
Fixed,-,normal,1001,5,3.0,0.5368,0.4622,0.5694,5.796,Same,Same,none,False,False,False,False
Fixed,-,normal,1001,6,3.0,0.5177,0.2673,0.7068,6.935,Same,Same,none,False,False,False,False
Fixed,-,normal,1001,7,3.0,0.4781,0.4281,0.6475,6.178,Same,Same,none,False,False,False,False
Fixed,-,normal,1001,8,3.0,0.4951,0.2776,0.695,6.489,Same,Same,none,False,False,False,False
Fixed,-,normal,1001,9,3.0,0.485,0.1802,0.8446,6.576,Same,Same,none,False,False,False,False
Fixed,-,normal,1001,10,3.0,0.5219,0.3643,0.5837,5.469,Same,Same,none,False,False,False,False
Fixed,-,normal,2002,1,3.0,0.4608,0.3805,0.7601,7.749,Same,Same,none,False,False,False,False
Fixed,-,normal,2002,2,3.0,0.4794,0.3504,0.5545,5.728,Same,Same,none,False,False,False,False
Fixed,-,normal,2002,3,3.0,0.5544,0.3957,0.5207,5.255,Same,Same,none,False,False,False,False
Fixed,-,normal,2002,4,3.0,0.4441,0.3394,0.6642,7.036,Same,Same,none,False,False,False,False
Fixed,-,normal,2002,5,3.0,0.4543,0.2857,0.6229,6.372,Same,Same,none,False,False,False,False
Fixed,-,normal,2002,6,3.0,0.5167,0.4381,0.5934,6.604,Same,Same,none,False,False,False,False
Fixed,-,normal,2002,7,3.0,0.5142,0.5363,0.3991,5.25,Same,Same,none,False,False,False,False
Fixed,-,normal,2002,8,3.0,0.5065,0.3785,0.6413,6.464,Same,Same,none,False,False,False,False
Fixed,-,normal,2002,9,3.0,0.4437,0.2544,0.6489,6.145,Same,Same,none,False,False,False,False
Fixed,-,normal,2002,10,3.0,0.5081,0.2775,0.9003,7.235,Same,Same,none,False,False,False,False
Fixed,-,normal,3003,1,3.0,0.5381,0.3184,0.8131,7.094,Same,Same,none,False,False,False,False
Fixed,-,normal,3003,2,3.0,0.4505,0.215,0.6914,6.361,Same,Same,none,False,False,False,False
Fixed,-,normal,3003,3,3.0,0.4795,0.2727,0.7618,7.301,Same,Same,none,False,False,False,False
Fixed,-,normal,3003,4,3.0,0.5521,0.4049,0.632,5.766,Same,Same,none,False,False,False,False
Fixed,-,normal,3003,5,3.0,0.5254,0.4082,0.5582,5.288,Same,Same,none,False,False,False,False
Fixed,-,normal,3003,6,3.0,0.5532,0.4005,0.5686,5.853,Same,Same,none,False,False,False,False
Fixed,-,normal,3003,7,3.0,0.5171,0.4024,0.7499,6.583,Same,Same,none,False,False,False,False
Fixed,-,normal,3003,8,3.0,0.4966,0.2669,0.74,6.237,Same,Same,none,False,False,False,False
Fixed,-,normal,3003,9,3.0,0.5178,0.1937,0.7076,6.714,Same,Same,none,False,False,False,False
Fixed,-,normal,3003,10,3.0,0.5287,0.3171,0.5891,6.324,Same,Same,none,False,False,False,False
Fixed,-,normal,4004,1,3.0,0.5363,0.3673,0.5976,6.086,Same,Same,none,False,False,False,False
Fixed,-,normal,4004,2,3.0,0.488,0.3503,0.6511,6.111,Same,Same,none,False,False,False,False
Fixed,-,normal,4004,3,3.0,0.5257,0.4248,0.5508,6.37,Same,Same,none,False,False,False,False
Fixed,-,normal,4004,4,3.0,0.5062,0.4274,0.5919,5.741,Same,Same,none,False,False,False,False
Fixed,-,normal,4004,5,3.0,0.5038,0.4036,0.6287,6.113,Same,Same,none,False,False,False,False
Fixed,-,normal,4004,6,3.0,0.5625,0.3478,0.7214,6.791,Same,Same,none,False,False,False,False
Fixed,-,normal,4004,7,3.0,0.5416,0.3626,0.6347,5.866,Same,Same,none,False,False,False,False
Fixed,-,normal,4004,8,3.0,0.5128,0.4897,0.5703,5.994,Same,Same,none,False,False,False,False
Fixed,-,normal,4004,9,3.0,0.5653,0.3134,0.6734,6.552,Same,Same,none,False,False,False,False
Fixed,-,normal,4004,10,3.0,0.5003,0.2535,0.8367,8.243,Same,Same,none,False,False,False,False
Fixed,-,normal,5005,1,3.0,0.4326,0.3876,0.647,6.396,Same,Same,none,False,False,False,False
Fixed,-,normal,5005,2,3.0,0.4962,0.3868,0.6883,5.714,Same,Same,none,False,False,False,False
Fixed,-,normal,5005,3,3.0,0.5471,0.3942,0.6505,6.313,Same,Same,none,False,False,False,False
Fixed,-,normal,5005,4,3.0,0.4807,0.3129,0.729,6.195,Same,Same,none,False,False,False,False
Fixed,-,normal,5005,5,3.0,0.4856,0.4054,0.4767,5.564,Same,Same,none,False,False,False,False
Fixed,-,normal,5005,6,3.0,0.4665,0.4213,0.614,6.554,Same,Same,none,False,False,False,False
Fixed,-,normal,5005,7,3.0,0.497,0.382,0.6394,6.594,Same,Same,none,False,False,False,False
Fixed,-,normal,5005,8,3.0,0.4925,0.4,0.5948,6.53,Same,Same,none,False,False,False,False
Fixed,-,normal,5005,9,3.0,0.5432,0.4665,0.3759,4.899,Same,Same,none,False,False,False,False
Fixed,-,normal,5005,10,3.0,0.5606,0.3637,0.4759,5.808,Same,Same,none,False,False,False,False
Fixed,-,lucky_guesser,1001,1,3.0,0.9319,0.2807,0.8392,5.474,Same,Same,none,False,False,False,False
Fixed,-,lucky_guesser,1001,2,3.0,0.9363,0.2678,0.7974,4.857,Same,Same,none,False,False,False,False
Fixed,-,lucky_guesser,1001,3,3.0,0.9559,0.2884,0.8177,6.762,Same,Same,none,False,False,False,False
Fixed,-,lucky_guesser,1001,4,3.0,0.9714,0.3283,0.7921,6.125,Same,Same,none,False,False,False,False
Fixed,-,lucky_guesser,1001,5,3.0,0.9425,0.2336,0.8093,5.748,Same,Same,none,False,False,False,False
Fixed,-,lucky_guesser,1001,6,3.0,0.9246,0.2889,0.7523,5.264,Same,Same,none,False,False,False,False
Fixed,-,lucky_guesser,1001,7,3.0,0.9513,0.3515,0.8256,5.742,Same,Same,none,False,False,False,False
Fixed,-,lucky_guesser,1001,8,3.0,0.9438,0.3096,0.7838,6.343,Same,Same,none,False,False,False,False
Fixed,-,lucky_guesser,1001,9,3.0,0.9489,0.283,0.8093,5.317,Same,Same,none,False,False,False,False
Fixed,-,lucky_guesser,1001,10,3.0,0.937,0.345,0.835,5.773,Same,Same,none,False,False,False,False
Fixed,-,lucky_guesser,2002,1,3.0,0.9397,0.309,0.7644,6.952,Same,Same,none,False,False,False,False
Fixed,-,lucky_guesser,2002,2,3.0,0.9269,0.2441,0.8194,4.605,Same,Same,none,False,False,False,False
Fixed,-,lucky_guesser,2002,3,3.0,0.9328,0.3216,0.8167,4.015,Same,Same,none,False,False,False,False
Fixed,-,lucky_guesser,2002,4,3.0,0.9869,0.2758,0.8119,6.146,Same,Same,none,False,False,False,False
Fixed,-,lucky_guesser,2002,5,3.0,0.9219,0.2831,0.7637,5.66,Same,Same,none,False,False,False,False
Fixed,-,lucky_guesser,2002,6,3.0,0.9436,0.3292,0.8307,5.545,Same,Same,none,False,False,False,False
Fixed,-,lucky_guesser,2002,7,3.0,0.9595,0.2865,0.8005,5.072,Same,Same,none,False,False,False,False
Fixed,-,lucky_guesser,2002,8,3.0,0.9456,0.2968,0.8228,5.481,Same,Same,none,False,False,False,False
Fixed,-,lucky_guesser,2002,9,3.0,0.9527,0.3033,0.8002,5.177,Same,Same,none,False,False,False,False
Fixed,-,lucky_guesser,2002,10,3.0,0.9599,0.282,0.8147,4.501,Same,Same,none,False,False,False,False
Fixed,-,lucky_guesser,3003,1,3.0,0.9253,0.2634,0.7649,6.426,Same,Same,none,False,False,False,False
Fixed,-,lucky_guesser,3003,2,3.0,0.9734,0.3521,0.8012,5.578,Same,Same,none,False,False,False,False
Fixed,-,lucky_guesser,3003,3,3.0,0.9437,0.2414,0.8532,6.422,Same,Same,none,False,False,False,False
Fixed,-,lucky_guesser,3003,4,3.0,0.9576,0.3571,0.7878,5.731,Same,Same,none,False,False,False,False
Fixed,-,lucky_guesser,3003,5,3.0,0.9589,0.2254,0.763,5.575,Same,Same,none,False,False,False,False
Fixed,-,lucky_guesser,3003,6,3.0,0.9663,0.2554,0.764,4.432,Same,Same,none,False,False,False,False
Fixed,-,lucky_guesser,3003,7,3.0,0.9502,0.3121,0.7877,4.44,Same,Same,none,False,False,False,False
Fixed,-,lucky_guesser,3003,8,3.0,0.9264,0.2749,0.8306,4.49,Same,Same,none,False,False,False,False
Fixed,-,lucky_guesser,3003,9,3.0,0.9778,0.279,0.8804,4.662,Same,Same,none,False,False,False,False
Fixed,-,lucky_guesser,3003,10,3.0,0.9587,0.2928,0.7814,5.265,Same,Same,none,False,False,False,False
Fixed,-,lucky_guesser,4004,1,3.0,0.944,0.3053,0.8005,5.274,Same,Same,none,False,False,False,False
Fixed,-,lucky_guesser,4004,2,3.0,0.9779,0.3062,0.8305,5.479,Same,Same,none,False,False,False,False
Fixed,-,lucky_guesser,4004,3,3.0,0.9561,0.2939,0.8625,6.049,Same,Same,none,False,False,False,False
Fixed,-,lucky_guesser,4004,4,3.0,0.9438,0.299,0.7674,5.97,Same,Same,none,False,False,False,False
Fixed,-,lucky_guesser,4004,5,3.0,0.9826,0.2564,0.7951,5.16,Same,Same,none,False,False,False,False
Fixed,-,lucky_guesser,4004,6,3.0,0.9979,0.3099,0.8356,5.117,Same,Same,none,False,False,False,False
Fixed,-,lucky_guesser,4004,7,3.0,0.9498,0.3107,0.8086,5.409,Same,Same,none,False,False,False,False
Fixed,-,lucky_guesser,4004,8,3.0,0.9646,0.3017,0.7592,5.515,Same,Same,none,False,False,False,False
Fixed,-,lucky_guesser,4004,9,3.0,0.9337,0.3389,0.8362,5.135,Same,Same,none,False,False,False,False
Fixed,-,lucky_guesser,4004,10,3.0,0.9259,0.2675,0.7559,3.996,Same,Same,none,False,False,False,False
Fixed,-,lucky_guesser,5005,1,3.0,0.9481,0.3174,0.8282,5.607,Same,Same,none,False,False,False,False
Fixed,-,lucky_guesser,5005,2,3.0,0.9519,0.2807,0.7924,5.417,Same,Same,none,False,False,False,False
Fixed,-,lucky_guesser,5005,3,3.0,0.9279,0.3074,0.7665,5.977,Same,Same,none,False,False,False,False
Fixed,-,lucky_guesser,5005,4,3.0,0.9575,0.308,0.8356,5.681,Same,Same,none,False,False,False,False
Fixed,-,lucky_guesser,5005,5,3.0,0.9716,0.3314,0.7409,5.655,Same,Same,none,False,False,False,False
Fixed,-,lucky_guesser,5005,6,3.0,0.9673,0.3167,0.8217,4.127,Same,Same,none,False,False,False,False
Fixed,-,lucky_guesser,5005,7,3.0,0.9395,0.3149,0.7751,4.557,Same,Same,none,False,False,False,False
Fixed,-,lucky_guesser,5005,8,3.0,0.9327,0.2835,0.7974,5.316,Same,Same,none,False,False,False,False
Fixed,-,lucky_guesser,5005,9,3.0,0.972,0.2933,0.7849,7.035,Same,Same,none,False,False,False,False
Fixed,-,lucky_guesser,5005,10,3.0,0.9499,0.3252,0.7963,5.004,Same,Same,none,False,False,False,False
Fixed,-,nervous_expert,1001,1,3.0,0.8471,0.4392,0.7892,5.352,Same,Same,none,False,False,False,False
Fixed,-,nervous_expert,1001,2,3.0,0.94,0.6349,0.7474,4.687,Same,Same,none,False,False,False,False
Fixed,-,nervous_expert,1001,3,3.0,0.94,0.463,0.7677,6.649,Same,Same,none,False,False,False,False
Fixed,-,nervous_expert,1001,4,3.0,0.8894,0.5165,0.7421,6.019,Same,Same,none,False,False,False,False
Fixed,-,nervous_expert,1001,5,3.0,0.8889,0.415,0.7593,5.611,Same,Same,none,False,False,False,False
Fixed,-,nervous_expert,1001,6,3.0,0.8222,0.5461,0.7023,5.119,Same,Same,none,False,False,False,False
Fixed,-,nervous_expert,1001,7,3.0,0.94,0.6829,0.7756,5.587,Same,Same,none,False,False,False,False
Fixed,-,nervous_expert,1001,8,3.0,0.8729,0.3806,0.7338,6.242,Same,Same,none,False,False,False,False
Fixed,-,nervous_expert,1001,9,3.0,0.9308,0.5759,0.7593,5.163,Same,Same,none,False,False,False,False
Fixed,-,nervous_expert,1001,10,3.0,0.9081,0.6567,0.785,5.628,Same,Same,none,False,False,False,False
Fixed,-,nervous_expert,2002,1,3.0,0.8509,0.5933,0.7144,6.812,Same,Same,none,False,False,False,False
Fixed,-,nervous_expert,2002,2,3.0,0.861,0.6129,0.7694,4.439,Same,Same,none,False,False,False,False
Fixed,-,nervous_expert,2002,3,3.0,0.8823,0.7316,0.7667,3.978,Same,Same,none,False,False,False,False
Fixed,-,nervous_expert,2002,4,3.0,0.94,0.5878,0.7619,6.018,Same,Same,none,False,False,False,False
Fixed,-,nervous_expert,2002,5,3.0,0.8728,0.5655,0.7137,5.506,Same,Same,none,False,False,False,False
Fixed,-,nervous_expert,2002,6,3.0,0.8835,0.5903,0.7807,5.357,Same,Same,none,False,False,False,False
Fixed,-,nervous_expert,2002,7,3.0,0.9011,0.5185,0.7505,4.906,Same,Same,none,False,False,False,False
Fixed,-,nervous_expert,2002,8,3.0,0.9029,0.5983,0.7728,5.35,Same,Same,none,False,False,False,False
Fixed,-,nervous_expert,2002,9,3.0,0.9334,0.4873,0.7502,5.031,Same,Same,none,False,False,False,False
Fixed,-,nervous_expert,2002,10,3.0,0.94,0.6252,0.7647,4.35,Same,Same,none,False,False,False,False
Fixed,-,nervous_expert,3003,1,3.0,0.9089,0.4856,0.7149,6.314,Same,Same,none,False,False,False,False
Fixed,-,nervous_expert,3003,2,3.0,0.926,0.549,0.7512,5.427,Same,Same,none,False,False,False,False
Fixed,-,nervous_expert,3003,3,3.0,0.9092,0.4128,0.8032,6.307,Same,Same,none,False,False,False,False
Fixed,-,nervous_expert,3003,4,3.0,0.9127,0.5827,0.7378,5.584,Same,Same,none,False,False,False,False
Fixed,-,nervous_expert,3003,5,3.0,0.9122,0.3961,0.713,5.456,Same,Same,none,False,False,False,False
Fixed,-,nervous_expert,3003,6,3.0,0.94,0.593,0.714,4.261,Same,Same,none,False,False,False,False
Fixed,-,nervous_expert,3003,7,3.0,0.9095,0.5548,0.7377,4.272,Same,Same,none,False,False,False,False
Fixed,-,nervous_expert,3003,8,3.0,0.82,0.5163,0.7806,4.323,Same,Same,none,False,False,False,False
Fixed,-,nervous_expert,3003,9,3.0,0.9169,0.6116,0.8304,4.487,Same,Same,none,False,False,False,False
Fixed,-,nervous_expert,3003,10,3.0,0.8888,0.5284,0.7314,5.135,Same,Same,none,False,False,False,False
Fixed,-,nervous_expert,4004,1,3.0,0.9321,0.5764,0.7505,5.115,Same,Same,none,False,False,False,False
Fixed,-,nervous_expert,4004,2,3.0,0.9252,0.6041,0.7805,5.338,Same,Same,none,False,False,False,False
Fixed,-,nervous_expert,4004,3,3.0,0.9191,0.4919,0.8125,5.913,Same,Same,none,False,False,False,False
Fixed,-,nervous_expert,4004,4,3.0,0.8677,0.5856,0.7174,5.817,Same,Same,none,False,False,False,False
Fixed,-,nervous_expert,4004,5,3.0,0.94,0.6499,0.7451,4.993,Same,Same,none,False,False,False,False
Fixed,-,nervous_expert,4004,6,3.0,0.94,0.5808,0.7856,4.932,Same,Same,none,False,False,False,False
Fixed,-,nervous_expert,4004,7,3.0,0.9353,0.5954,0.7586,5.225,Same,Same,none,False,False,False,False
Fixed,-,nervous_expert,4004,8,3.0,0.9069,0.5304,0.7092,5.397,Same,Same,none,False,False,False,False
Fixed,-,nervous_expert,4004,9,3.0,0.8816,0.6821,0.7862,4.995,Same,Same,none,False,False,False,False
Fixed,-,nervous_expert,4004,10,3.0,0.914,0.6754,0.7059,3.891,Same,Same,none,False,False,False,False
Fixed,-,nervous_expert,5005,1,3.0,0.8338,0.6088,0.7782,5.457,Same,Same,none,False,False,False,False
Fixed,-,nervous_expert,5005,2,3.0,0.8383,0.5764,0.7424,5.256,Same,Same,none,False,False,False,False
Fixed,-,nervous_expert,5005,3,3.0,0.89,0.4859,0.7165,5.831,Same,Same,none,False,False,False,False
Fixed,-,nervous_expert,5005,4,3.0,0.94,0.6376,0.7856,5.545,Same,Same,none,False,False,False,False
Fixed,-,nervous_expert,5005,5,3.0,0.9251,0.6352,0.6909,5.483,Same,Same,none,False,False,False,False
Fixed,-,nervous_expert,5005,6,3.0,0.9095,0.6946,0.7717,3.959,Same,Same,none,False,False,False,False
Fixed,-,nervous_expert,5005,7,3.0,0.934,0.6224,0.7251,4.366,Same,Same,none,False,False,False,False
Fixed,-,nervous_expert,5005,8,3.0,0.8651,0.5905,0.7474,5.166,Same,Same,none,False,False,False,False
Fixed,-,nervous_expert,5005,9,3.0,0.884,0.3543,0.7349,6.943,Same,Same,none,False,False,False,False
Fixed,-,nervous_expert,5005,10,3.0,0.8983,0.6126,0.7463,4.854,Same,Same,none,False,False,False,False
Heuristic,-,struggling_junior,1001,1,3.0,0.0,0.0,1.0,9.015,Easier,Easier,none,False,False,False,False
Heuristic,-,struggling_junior,1001,2,2.0,0.102,0.0217,0.9376,7.082,Easier,Easier,none,False,False,False,False
Heuristic,-,struggling_junior,1001,3,1.0,0.3177,0.257,0.7712,4.14,Same,Same,none,False,False,False,False
Heuristic,-,struggling_junior,1001,4,1.0,0.252,0.3558,0.6175,4.225,Same,Same,none,False,False,False,False
Heuristic,-,struggling_junior,1001,5,1.0,0.3219,0.1769,0.7986,4.697,Same,Same,none,False,False,False,False
Heuristic,-,struggling_junior,1001,6,1.0,0.3267,0.3287,0.6338,3.84,Same,Same,none,False,False,False,False
Heuristic,-,struggling_junior,1001,7,1.0,0.2865,0.2876,0.5078,4.003,Same,Same,none,False,False,False,False
Heuristic,-,struggling_junior,1001,8,1.0,0.2959,0.3301,0.7128,4.584,Same,Same,none,False,False,False,False
Heuristic,-,struggling_junior,1001,9,1.0,0.3148,0.278,0.7938,5.301,Same,Same,none,False,False,False,False
Heuristic,-,struggling_junior,1001,10,1.0,0.2795,0.3481,0.8566,4.616,Same,Same,none,False,False,False,False
Heuristic,-,struggling_junior,2002,1,3.0,0.0,0.009,0.9933,11.225,Easier,Easier,none,False,False,False,False
Heuristic,-,struggling_junior,2002,2,2.0,0.1788,0.032,0.8323,6.887,Easier,Easier,none,False,False,False,False
Heuristic,-,struggling_junior,2002,3,1.0,0.2657,0.3216,0.8245,3.542,Same,Same,none,False,False,False,False
Heuristic,-,struggling_junior,2002,4,1.0,0.2933,0.3601,0.578,4.239,Same,Same,none,False,False,False,False
Heuristic,-,struggling_junior,2002,5,1.0,0.2437,0.2831,0.6299,4.617,Same,Same,none,False,False,False,False
Heuristic,-,struggling_junior,2002,6,1.0,0.2757,0.3414,0.7511,4.313,Same,Same,none,False,False,False,False
Heuristic,-,struggling_junior,2002,7,1.0,0.3189,0.2865,0.9392,4.215,Same,Same,none,False,False,False,False
Heuristic,-,struggling_junior,2002,8,1.0,0.2858,0.2296,0.8804,4.668,Same,Same,none,False,False,False,False
Heuristic,-,struggling_junior,2002,9,1.0,0.3251,0.2973,0.6723,4.666,Same,Same,none,False,False,False,False
Heuristic,-,struggling_junior,2002,10,1.0,0.2619,0.2299,0.687,4.369,Same,Same,none,False,False,False,False
Heuristic,-,struggling_junior,3003,1,3.0,0.0278,0.0,0.9865,9.928,Easier,Easier,none,False,False,False,False
Heuristic,-,struggling_junior,3003,2,2.0,0.2362,0.0367,0.8923,7.208,Easier,Easier,none,False,False,False,False
Heuristic,-,struggling_junior,3003,3,1.0,0.3532,0.2988,0.5533,3.777,Same,Same,none,False,False,False,False
Heuristic,-,struggling_junior,3003,4,1.0,0.2956,0.2251,0.6305,4.07,Same,Same,none,False,False,False,False
Heuristic,-,struggling_junior,3003,5,1.0,0.2648,0.3325,0.689,4.51,Same,Same,none,False,False,False,False
Heuristic,-,struggling_junior,3003,6,1.0,0.2983,0.2338,0.8094,5.032,Same,Same,none,False,False,False,False
Heuristic,-,struggling_junior,3003,7,1.0,0.2749,0.2707,0.9088,4.159,Same,Same,none,False,False,False,False
Heuristic,-,struggling_junior,3003,8,1.0,0.2676,0.2606,0.7114,4.438,Same,Same,none,False,False,False,False
Heuristic,-,struggling_junior,3003,9,1.0,0.2928,0.2814,0.5154,4.201,Same,Same,none,False,False,False,False
Heuristic,-,struggling_junior,3003,10,1.0,0.2943,0.2777,0.8272,4.511,Same,Same,none,False,False,False,False
Heuristic,-,struggling_junior,4004,1,3.0,0.0634,0.0053,1.0,9.681,Easier,Easier,none,False,False,False,False
Heuristic,-,struggling_junior,4004,2,2.0,0.171,0.0607,0.9976,7.806,Easier,Easier,none,False,False,False,False
Heuristic,-,struggling_junior,4004,3,1.0,0.3038,0.3214,0.5852,4.101,Same,Same,none,False,False,False,False
Heuristic,-,struggling_junior,4004,4,1.0,0.3248,0.2895,0.8087,4.496,Same,Same,none,False,False,False,False
Heuristic,-,struggling_junior,4004,5,1.0,0.3225,0.2808,0.781,5.275,Same,Same,none,False,False,False,False
Heuristic,-,struggling_junior,4004,6,1.0,0.3084,0.2657,0.8429,5.386,Same,Same,none,False,False,False,False
Heuristic,-,struggling_junior,4004,7,1.0,0.2736,0.3516,0.8626,4.451,Same,Same,none,False,False,False,False
Heuristic,-,struggling_junior,4004,8,1.0,0.2687,0.2719,0.6216,4.878,Same,Same,none,False,False,False,False
Heuristic,-,struggling_junior,4004,9,1.0,0.2675,0.3389,0.6579,4.191,Same,Same,none,False,False,False,False
Heuristic,-,struggling_junior,4004,10,1.0,0.273,0.3293,0.7589,4.454,Same,Same,none,False,False,False,False
Heuristic,-,struggling_junior,5005,1,3.0,0.0,0.0174,0.9971,10.015,Easier,Easier,none,False,False,False,False
Heuristic,-,struggling_junior,5005,2,2.0,0.2227,0.0,1.0,7.899,Easier,Easier,none,False,False,False,False
Heuristic,-,struggling_junior,5005,3,1.0,0.2558,0.2821,0.7399,4.828,Same,Same,none,False,False,False,False
Heuristic,-,struggling_junior,5005,4,1.0,0.2905,0.3271,0.6445,4.703,Same,Same,none,False,False,False,False
Heuristic,-,struggling_junior,5005,5,1.0,0.2409,0.2827,0.6745,4.714,Same,Same,none,False,False,False,False
Heuristic,-,struggling_junior,5005,6,1.0,0.3498,0.3031,0.522,3.963,Same,Same,none,False,False,False,False
Heuristic,-,struggling_junior,5005,7,1.0,0.3295,0.3114,0.688,4.114,Same,Same,none,False,False,False,False
Heuristic,-,struggling_junior,5005,8,1.0,0.2878,0.2842,0.8113,4.912,Same,Same,none,False,False,False,False
Heuristic,-,struggling_junior,5005,9,1.0,0.2717,0.2998,0.7296,4.667,Same,Same,none,False,False,False,False
Heuristic,-,struggling_junior,5005,10,1.0,0.3079,0.3541,0.5852,4.11,Same,Same,none,False,False,False,False
Heuristic,-,overconfident_fail,1001,1,3.0,0.0264,0.8372,0.2892,6.491,Easier,Easier,none,False,False,False,False
Heuristic,-,overconfident_fail,1001,2,2.0,0.1817,0.8285,0.2474,4.623,Easier,Easier,none,False,False,False,False
Heuristic,-,overconfident_fail,1001,3,1.0,0.2079,0.8422,0.2677,3.369,Same,Same,none,False,False,False,False
Heuristic,-,overconfident_fail,1001,4,1.0,0.2286,0.8689,0.2421,3.054,Same,Same,none,False,False,False,False
Heuristic,-,overconfident_fail,1001,5,1.0,0.19,0.8058,0.2593,2.899,Same,Same,none,False,False,False,False
Heuristic,-,overconfident_fail,1001,6,1.0,0.1661,0.8426,0.2023,2.671,Same,Same,none,False,False,False,False
Heuristic,-,overconfident_fail,1001,7,1.0,0.2017,0.8843,0.2756,2.911,Same,Same,none,False,False,False,False
Heuristic,-,overconfident_fail,1001,8,1.0,0.1917,0.8564,0.2338,3.156,Same,Same,none,False,False,False,False
Heuristic,-,overconfident_fail,1001,9,1.0,0.1986,0.8387,0.2593,2.704,Same,Same,none,False,False,False,False
Heuristic,-,overconfident_fail,1001,10,1.0,0.1826,0.88,0.285,2.918,Same,Same,none,False,False,False,False
Heuristic,-,overconfident_fail,2002,1,3.0,0.0303,0.856,0.2144,8.082,Easier,Easier,none,False,False,False,False
Heuristic,-,overconfident_fail,2002,2,2.0,0.1692,0.8127,0.2694,4.399,Easier,Easier,none,False,False,False,False
Heuristic,-,overconfident_fail,2002,3,1.0,0.1771,0.8644,0.1986,2.119,Same,Same,none,False,False,False,False
Heuristic,-,overconfident_fail,2002,4,1.0,0.2492,0.8338,0.2619,3.084,Same,Same,none,False,False,False,False
Heuristic,-,overconfident_fail,2002,5,1.0,0.1625,0.8388,0.2137,2.87,Same,Same,none,False,False,False,False
Heuristic,-,overconfident_fail,2002,6,1.0,0.1914,0.8695,0.2807,2.843,Same,Same,none,False,False,False,False
Heuristic,-,overconfident_fail,2002,7,1.0,0.2126,0.841,0.2505,2.596,Same,Same,none,False,False,False,False
Heuristic,-,overconfident_fail,2002,8,1.0,0.1941,0.8478,0.2728,2.764,Same,Same,none,False,False,False,False
Heuristic,-,overconfident_fail,2002,9,1.0,0.2036,0.8522,0.2502,2.63,Same,Same,none,False,False,False,False
Heuristic,-,overconfident_fail,2002,10,1.0,0.2131,0.838,0.2647,2.307,Same,Same,none,False,False,False,False
Heuristic,-,overconfident_fail,3003,1,3.0,0.0883,0.8256,0.2149,7.149,Easier,Easier,none,False,False,False,False
Heuristic,-,overconfident_fail,3003,2,2.0,0.2312,0.8847,0.2512,5.119,Easier,Easier,none,False,False,False,False
Heuristic,-,overconfident_fail,3003,3,1.0,0.1916,0.8109,0.3032,3.207,Same,Same,none,False,False,False,False
Heuristic,-,overconfident_fail,3003,4,1.0,0.2101,0.8881,0.2378,2.9,Same,Same,none,False,False,False,False
Heuristic,-,overconfident_fail,3003,5,1.0,0.2118,0.8003,0.213,2.799,Same,Same,none,False,False,False,False
Heuristic,-,overconfident_fail,3003,6,1.0,0.2217,0.8202,0.214,2.29,Same,Same,none,False,False,False,False
Heuristic,-,overconfident_fail,3003,7,1.0,0.2003,0.8581,0.2377,2.292,Same,Same,none,False,False,False,False
Heuristic,-,overconfident_fail,3003,8,1.0,0.1685,0.8333,0.2806,2.315,Same,Same,none,False,False,False,False
Heuristic,-,overconfident_fail,3003,9,1.0,0.2371,0.836,0.3304,2.406,Same,Same,none,False,False,False,False
Heuristic,-,overconfident_fail,3003,10,1.0,0.2116,0.8452,0.2314,2.659,Same,Same,none,False,False,False,False
Heuristic,-,overconfident_fail,4004,1,3.0,0.1115,0.8535,0.2505,6.97,Easier,Easier,none,False,False,False,False
Heuristic,-,overconfident_fail,4004,2,2.0,0.2372,0.8541,0.2805,4.998,Easier,Easier,none,False,False,False,False
Heuristic,-,overconfident_fail,4004,3,1.0,0.2081,0.8459,0.3125,3.044,Same,Same,none,False,False,False,False
Heuristic,-,overconfident_fail,4004,4,1.0,0.1917,0.8493,0.2174,3.02,Same,Same,none,False,False,False,False
Heuristic,-,overconfident_fail,4004,5,1.0,0.2435,0.8209,0.2451,2.639,Same,Same,none,False,False,False,False
Heuristic,-,overconfident_fail,4004,6,1.0,0.2638,0.8566,0.2856,2.634,Same,Same,none,False,False,False,False
Heuristic,-,overconfident_fail,4004,7,1.0,0.1997,0.8571,0.2586,2.774,Same,Same,none,False,False,False,False
Heuristic,-,overconfident_fail,4004,8,1.0,0.2194,0.8511,0.2092,2.77,Same,Same,none,False,False,False,False
Heuristic,-,overconfident_fail,4004,9,1.0,0.1783,0.8759,0.2862,2.605,Same,Same,none,False,False,False,False
Heuristic,-,overconfident_fail,4004,10,1.0,0.1678,0.8284,0.1518,2.103,Same,Same,none,False,False,False,False
Heuristic,-,overconfident_fail,5005,1,3.0,0.0132,0.8616,0.2782,7.211,Easier,Easier,none,False,False,False,False
Heuristic,-,overconfident_fail,5005,2,2.0,0.2025,0.8372,0.2424,5.031,Easier,Easier,none,False,False,False,False
Heuristic,-,overconfident_fail,5005,3,1.0,0.1705,0.8549,0.2165,3.016,Same,Same,none,False,False,False,False
Heuristic,-,overconfident_fail,5005,4,1.0,0.21,0.8553,0.2856,2.866,Same,Same,none,False,False,False,False
Heuristic,-,overconfident_fail,5005,5,1.0,0.2288,0.8709,0.1909,2.884,Same,Same,none,False,False,False,False
Heuristic,-,overconfident_fail,5005,6,1.0,0.223,0.8611,0.2717,2.14,Same,Same,none,False,False,False,False
Heuristic,-,overconfident_fail,5005,7,1.0,0.186,0.8599,0.2251,2.367,Same,Same,none,False,False,False,False
Heuristic,-,overconfident_fail,5005,8,1.0,0.1769,0.839,0.2474,2.701,Same,Same,none,False,False,False,False
Heuristic,-,overconfident_fail,5005,9,1.0,0.2294,0.8455,0.2349,3.483,Same,Same,none,False,False,False,False
Heuristic,-,overconfident_fail,5005,10,1.0,0.1999,0.8668,0.2463,2.55,Same,Same,none,False,False,False,False
Heuristic,-,normal,1001,1,3.0,0.4674,0.2547,0.7208,6.148,Same,Same,none,False,False,False,False
Heuristic,-,normal,1001,2,3.0,0.4638,0.2689,0.8358,7.76,Same,Same,none,False,False,False,False
Heuristic,-,normal,1001,3,3.0,0.5249,0.3732,0.6101,5.814,Same,Same,none,False,False,False,False
Heuristic,-,normal,1001,4,3.0,0.4678,0.3117,0.7823,6.304,Same,Same,none,False,False,False,False
Heuristic,-,normal,1001,5,3.0,0.5368,0.4622,0.5694,5.796,Same,Same,none,False,False,False,False
Heuristic,-,normal,1001,6,3.0,0.5177,0.2673,0.7068,6.935,Same,Same,none,False,False,False,False
Heuristic,-,normal,1001,7,3.0,0.4781,0.4281,0.6475,6.178,Same,Same,none,False,False,False,False
Heuristic,-,normal,1001,8,3.0,0.4951,0.2776,0.695,6.489,Same,Same,none,False,False,False,False
Heuristic,-,normal,1001,9,3.0,0.485,0.1802,0.8446,6.576,Same,Same,none,False,False,False,False
Heuristic,-,normal,1001,10,3.0,0.5219,0.3643,0.5837,5.469,Same,Same,none,False,False,False,False
Heuristic,-,normal,2002,1,3.0,0.4608,0.3805,0.7601,7.749,Same,Same,none,False,False,False,False
Heuristic,-,normal,2002,2,3.0,0.4794,0.3504,0.5545,5.728,Same,Same,none,False,False,False,False
Heuristic,-,normal,2002,3,3.0,0.5544,0.3957,0.5207,5.255,Same,Same,none,False,False,False,False
Heuristic,-,normal,2002,4,3.0,0.4441,0.3394,0.6642,7.036,Same,Same,none,False,False,False,False
Heuristic,-,normal,2002,5,3.0,0.4543,0.2857,0.6229,6.372,Same,Same,none,False,False,False,False
Heuristic,-,normal,2002,6,3.0,0.5167,0.4381,0.5934,6.604,Same,Same,none,False,False,False,False
Heuristic,-,normal,2002,7,3.0,0.5142,0.5363,0.3991,5.25,Same,Same,none,False,False,False,False
Heuristic,-,normal,2002,8,3.0,0.5065,0.3785,0.6413,6.464,Same,Same,none,False,False,False,False
Heuristic,-,normal,2002,9,3.0,0.4437,0.2544,0.6489,6.145,Same,Same,none,False,False,False,False
Heuristic,-,normal,2002,10,3.0,0.5081,0.2775,0.9003,7.235,Same,Same,none,False,False,False,False
Heuristic,-,normal,3003,1,3.0,0.5381,0.3184,0.8131,7.094,Same,Same,none,False,False,False,False
Heuristic,-,normal,3003,2,3.0,0.4505,0.215,0.6914,6.361,Same,Same,none,False,False,False,False
Heuristic,-,normal,3003,3,3.0,0.4795,0.2727,0.7618,7.301,Same,Same,none,False,False,False,False
Heuristic,-,normal,3003,4,3.0,0.5521,0.4049,0.632,5.766,Same,Same,none,False,False,False,False
Heuristic,-,normal,3003,5,3.0,0.5254,0.4082,0.5582,5.288,Same,Same,none,False,False,False,False
Heuristic,-,normal,3003,6,3.0,0.5532,0.4005,0.5686,5.853,Same,Same,none,False,False,False,False
Heuristic,-,normal,3003,7,3.0,0.5171,0.4024,0.7499,6.583,Same,Same,none,False,False,False,False
Heuristic,-,normal,3003,8,3.0,0.4966,0.2669,0.74,6.237,Same,Same,none,False,False,False,False
Heuristic,-,normal,3003,9,3.0,0.5178,0.1937,0.7076,6.714,Same,Same,none,False,False,False,False
Heuristic,-,normal,3003,10,3.0,0.5287,0.3171,0.5891,6.324,Same,Same,none,False,False,False,False
Heuristic,-,normal,4004,1,3.0,0.5363,0.3673,0.5976,6.086,Same,Same,none,False,False,False,False
Heuristic,-,normal,4004,2,3.0,0.488,0.3503,0.6511,6.111,Same,Same,none,False,False,False,False
Heuristic,-,normal,4004,3,3.0,0.5257,0.4248,0.5508,6.37,Same,Same,none,False,False,False,False
Heuristic,-,normal,4004,4,3.0,0.5062,0.4274,0.5919,5.741,Same,Same,none,False,False,False,False
Heuristic,-,normal,4004,5,3.0,0.5038,0.4036,0.6287,6.113,Same,Same,none,False,False,False,False
Heuristic,-,normal,4004,6,3.0,0.5625,0.3478,0.7214,6.791,Same,Same,none,False,False,False,False
Heuristic,-,normal,4004,7,3.0,0.5416,0.3626,0.6347,5.866,Same,Same,none,False,False,False,False
Heuristic,-,normal,4004,8,3.0,0.5128,0.4897,0.5703,5.994,Same,Same,none,False,False,False,False
Heuristic,-,normal,4004,9,3.0,0.5653,0.3134,0.6734,6.552,Same,Same,none,False,False,False,False
Heuristic,-,normal,4004,10,3.0,0.5003,0.2535,0.8367,8.243,Same,Same,none,False,False,False,False
Heuristic,-,normal,5005,1,3.0,0.4326,0.3876,0.647,6.396,Same,Same,none,False,False,False,False
Heuristic,-,normal,5005,2,3.0,0.4962,0.3868,0.6883,5.714,Same,Same,none,False,False,False,False
Heuristic,-,normal,5005,3,3.0,0.5471,0.3942,0.6505,6.313,Same,Same,none,False,False,False,False
Heuristic,-,normal,5005,4,3.0,0.4807,0.3129,0.729,6.195,Same,Same,none,False,False,False,False
Heuristic,-,normal,5005,5,3.0,0.4856,0.4054,0.4767,5.564,Same,Same,none,False,False,False,False
Heuristic,-,normal,5005,6,3.0,0.4665,0.4213,0.614,6.554,Same,Same,none,False,False,False,False
Heuristic,-,normal,5005,7,3.0,0.497,0.382,0.6394,6.594,Same,Same,none,False,False,False,False
Heuristic,-,normal,5005,8,3.0,0.4925,0.4,0.5948,6.53,Same,Same,none,False,False,False,False
Heuristic,-,normal,5005,9,3.0,0.5432,0.4665,0.3759,4.899,Same,Same,none,False,False,False,False
Heuristic,-,normal,5005,10,3.0,0.5606,0.3637,0.4759,5.808,Same,Same,none,False,False,False,False
Heuristic,-,lucky_guesser,1001,1,3.0,0.9319,0.2807,0.8392,5.474,Harder,Harder,none,False,False,False,False
Heuristic,-,lucky_guesser,1001,2,4.0,0.9363,0.2678,0.7974,7.953,Harder,Harder,none,False,False,False,False
Heuristic,-,lucky_guesser,1001,3,5.0,0.9559,0.0,1.0,13.573,Same,Same,none,False,False,False,False
Heuristic,-,lucky_guesser,1001,4,5.0,0.9714,0.0283,0.9921,12.409,Same,Same,none,False,False,False,False
Heuristic,-,lucky_guesser,1001,5,5.0,0.9425,0.0,0.9819,12.709,Same,Same,none,False,False,False,False
Heuristic,-,lucky_guesser,1001,6,5.0,0.9246,0.0103,0.9223,12.248,Same,Same,none,False,False,False,False
Heuristic,-,lucky_guesser,1001,7,5.0,0.9513,0.1471,1.0,13.325,Same,Same,none,False,False,False,False
Heuristic,-,lucky_guesser,1001,8,5.0,0.9438,0.0096,0.9838,12.59,Same,Same,none,False,False,False,False
Heuristic,-,lucky_guesser,1001,9,5.0,0.9489,0.0401,0.9584,12.468,Same,Same,none,False,False,False,False
Heuristic,-,lucky_guesser,1001,10,5.0,0.937,0.1209,1.0,13.215,Same,Same,none,False,False,False,False
Heuristic,-,lucky_guesser,2002,1,3.0,0.9397,0.309,0.7644,6.952,Harder,Harder,none,False,False,False,False
Heuristic,-,lucky_guesser,2002,2,4.0,0.9269,0.2441,0.8194,7.56,Harder,Harder,none,False,False,False,False
Heuristic,-,lucky_guesser,2002,3,5.0,0.9328,0.1958,0.8167,10.559,Same,Same,none,False,False,False,False
Heuristic,-,lucky_guesser,2002,4,5.0,0.9869,0.052,1.0,13.184,Same,Same,none,False,False,False,False
Heuristic,-,lucky_guesser,2002,5,5.0,0.9219,0.0297,0.9371,13.154,Same,Same,none,False,False,False,False
Heuristic,-,lucky_guesser,2002,6,5.0,0.9436,0.0545,0.9133,13.352,Same,Same,none,False,False,False,False
Heuristic,-,lucky_guesser,2002,7,5.0,0.9595,0.0,0.8931,12.115,Same,Same,none,False,False,False,False
Heuristic,-,lucky_guesser,2002,8,5.0,0.9456,0.0625,1.0,12.319,Same,Same,none,False,False,False,False
Heuristic,-,lucky_guesser,2002,9,5.0,0.9527,0.0033,0.9063,11.732,Same,Same,none,False,False,False,False
Heuristic,-,lucky_guesser,2002,10,5.0,0.9599,0.0894,0.9003,10.826,Same,Same,none,False,False,False,False
Heuristic,-,lucky_guesser,3003,1,3.0,0.9253,0.2634,0.7649,6.426,Harder,Harder,none,False,False,False,False
Heuristic,-,lucky_guesser,3003,2,4.0,0.9734,0.3452,0.8012,8.895,Harder,Harder,none,False,False,False,False
Heuristic,-,lucky_guesser,3003,3,5.0,0.9437,0.0,1.0,13.182,Same,Same,none,False,False,False,False
Heuristic,-,lucky_guesser,3003,4,5.0,0.9576,0.0571,0.9733,13.137,Same,Same,none,False,False,False,False
Heuristic,-,lucky_guesser,3003,5,5.0,0.9589,0.0,0.963,12.035,Same,Same,none,False,False,False,False
Heuristic,-,lucky_guesser,3003,6,5.0,0.9663,0.0572,0.7917,10.932,Same,Same,none,False,False,False,False
Heuristic,-,lucky_guesser,3003,7,5.0,0.9502,0.019,0.8234,10.914,Same,Same,none,False,False,False,False
Heuristic,-,lucky_guesser,3003,8,5.0,0.9264,0.0,0.8736,10.998,Same,Same,none,False,False,False,False
Heuristic,-,lucky_guesser,3003,9,5.0,0.9778,0.0758,0.918,11.449,Same,Same,none,False,False,False,False
Heuristic,-,lucky_guesser,3003,10,5.0,0.9587,0.0,0.9814,11.991,Same,Same,none,False,False,False,False
Heuristic,-,lucky_guesser,4004,1,3.0,0.944,0.3053,0.8005,5.274,Harder,Harder,none,False,False,False,False
Heuristic,-,lucky_guesser,4004,2,4.0,0.9779,0.3062,0.8305,8.699,Harder,Harder,none,False,False,False,False
Heuristic,-,lucky_guesser,4004,3,5.0,0.9561,0.0,1.0,13.339,Same,Same,none,False,False,False,False
Heuristic,-,lucky_guesser,4004,4,5.0,0.9438,0.0498,0.965,13.755,Same,Same,none,False,False,False,False
Heuristic,-,lucky_guesser,4004,5,5.0,0.9826,0.1141,0.8974,12.324,Same,Same,none,False,False,False,False
Heuristic,-,lucky_guesser,4004,6,5.0,0.9979,0.045,0.8899,12.473,Same,Same,none,False,False,False,False
Heuristic,-,lucky_guesser,4004,7,5.0,0.9498,0.0596,0.8893,13.036,Same,Same,none,False,False,False,False
Heuristic,-,lucky_guesser,4004,8,5.0,0.9646,0.0017,0.9592,11.946,Same,Same,none,False,False,False,False
Heuristic,-,lucky_guesser,4004,9,5.0,0.9337,0.1463,1.0,11.942,Same,Same,none,False,False,False,False
Heuristic,-,lucky_guesser,4004,10,5.0,0.9259,0.1396,0.7559,10.425,Same,Same,none,False,False,False,False
Heuristic,-,lucky_guesser,5005,1,3.0,0.9481,0.3174,0.8282,5.607,Harder,Harder,none,False,False,False,False
Heuristic,-,lucky_guesser,5005,2,4.0,0.9519,0.2807,0.7924,8.713,Harder,Harder,none,False,False,False,False
Heuristic,-,lucky_guesser,5005,3,5.0,0.9279,0.0074,0.9281,13.226,Same,Same,none,False,False,False,False
Heuristic,-,lucky_guesser,5005,4,5.0,0.9575,0.1018,1.0,12.815,Same,Same,none,False,False,False,False
Heuristic,-,lucky_guesser,5005,5,5.0,0.9716,0.0994,0.8677,13.376,Same,Same,none,False,False,False,False
Heuristic,-,lucky_guesser,5005,6,5.0,0.9673,0.1588,0.826,10.293,Same,Same,none,False,False,False,False
Heuristic,-,lucky_guesser,5005,7,5.0,0.9395,0.0866,0.7751,11.431,Same,Same,none,False,False,False,False
Heuristic,-,lucky_guesser,5005,8,5.0,0.9327,0.0547,0.9566,12.42,Same,Same,none,False,False,False,False
Heuristic,-,lucky_guesser,5005,9,5.0,0.972,0.0,0.9849,13.266,Same,Same,none,False,False,False,False
Heuristic,-,lucky_guesser,5005,10,5.0,0.9499,0.0768,0.9296,11.806,Same,Same,none,False,False,False,False
Heuristic,-,nervous_expert,1001,1,3.0,0.8471,0.4392,0.7892,5.352,Harder,Harder,none,False,False,False,False
Heuristic,-,nervous_expert,1001,2,4.0,0.82,0.3859,0.7474,7.3,Harder,Harder,none,False,False,False,False
Heuristic,-,nervous_expert,1001,3,5.0,0.8279,0.0,1.0,14.163,Same,Same,none,False,False,False,False
Heuristic,-,nervous_expert,1001,4,5.0,0.8486,0.0,0.9921,12.949,Same,Same,none,False,False,False,False
Heuristic,-,nervous_expert,1001,5,5.0,0.82,0.0,0.9274,12.842,Same,Same,none,False,False,False,False
Heuristic,-,nervous_expert,1001,6,5.0,0.82,0.0,0.8134,11.971,Same,Same,none,False,False,False,False
Heuristic,-,nervous_expert,1001,7,5.0,0.8217,0.056,0.8942,13.028,Same,Same,none,False,False,False,False
Heuristic,-,nervous_expert,1001,8,5.0,0.82,0.0,0.9838,13.137,Same,Same,none,False,False,False,False
Heuristic,-,nervous_expert,1001,9,5.0,0.82,0.0,0.8495,12.177,Same,Same,none,False,False,False,False
Heuristic,-,nervous_expert,1001,10,5.0,0.82,0.0298,0.9323,12.981,Same,Same,none,False,False,False,False
Heuristic,-,nervous_expert,2002,1,3.0,0.8509,0.5933,0.7144,6.812,Harder,Harder,none,False,False,False,False
Heuristic,-,nervous_expert,2002,2,4.0,0.82,0.3639,0.7694,6.931,Harder,Harder,none,False,False,False,False
Heuristic,-,nervous_expert,2002,3,5.0,0.82,0.1047,0.7667,10.193,Same,Same,none,False,False,False,False
Heuristic,-,nervous_expert,2002,4,5.0,0.8692,0.0,0.9825,13.526,Same,Same,none,False,False,False,False
Heuristic,-,nervous_expert,2002,5,5.0,0.82,0.0,0.8282,12.858,Same,Same,none,False,False,False,False
Heuristic,-,nervous_expert,2002,6,5.0,0.82,0.0,0.8044,13.003,Same,Same,none,False,False,False,False
Heuristic,-,nervous_expert,2002,7,5.0,0.8326,0.0,0.788,11.833,Same,Same,none,False,False,False,False
Heuristic,-,nervous_expert,2002,8,5.0,0.82,0.0,0.9403,12.248,Same,Same,none,False,False,False,False
Heuristic,-,nervous_expert,2002,9,5.0,0.8236,0.0,0.8493,11.821,Same,Same,none,False,False,False,False
Heuristic,-,nervous_expert,2002,10,5.0,0.8331,0.0,0.7914,10.545,Same,Same,none,False,False,False,False
Heuristic,-,nervous_expert,3003,1,3.0,0.9089,0.4856,0.7149,6.314,Harder,Harder,none,False,False,False,False
Heuristic,-,nervous_expert,3003,2,4.0,0.8512,0.3,0.7512,8.25,Harder,Harder,none,False,False,False,False
Heuristic,-,nervous_expert,3003,3,5.0,0.82,0.0,1.0,13.755,Same,Same,none,False,False,False,False
Heuristic,-,nervous_expert,3003,4,5.0,0.8301,0.0,0.8746,12.929,Same,Same,none,False,False,False,False
Heuristic,-,nervous_expert,3003,5,5.0,0.8318,0.0,0.9261,12.293,Same,Same,none,False,False,False,False
Heuristic,-,nervous_expert,3003,6,5.0,0.8417,0.0,0.714,10.62,Same,Same,none,False,False,False,False
Heuristic,-,nervous_expert,3003,7,5.0,0.8203,0.0,0.7377,10.606,Same,Same,none,False,False,False,False
Heuristic,-,nervous_expert,3003,8,5.0,0.82,0.0,0.7806,10.692,Same,Same,none,False,False,False,False
Heuristic,-,nervous_expert,3003,9,5.0,0.8571,0.0,0.8304,11.127,Same,Same,none,False,False,False,False
Heuristic,-,nervous_expert,3003,10,5.0,0.8316,0.0,0.8842,11.817,Same,Same,none,False,False,False,False
Heuristic,-,nervous_expert,4004,1,3.0,0.9321,0.5764,0.7505,5.115,Harder,Harder,none,False,False,False,False
Heuristic,-,nervous_expert,4004,2,4.0,0.8572,0.355,0.7805,8.082,Harder,Harder,none,False,False,False,False
Heuristic,-,nervous_expert,4004,3,5.0,0.8281,0.0,1.0,13.433,Same,Same,none,False,False,False,False
Heuristic,-,nervous_expert,4004,4,5.0,0.82,0.0,0.8561,13.459,Same,Same,none,False,False,False,False
Heuristic,-,nervous_expert,4004,5,5.0,0.8635,0.0229,0.7885,12.012,Same,Same,none,False,False,False,False
Heuristic,-,nervous_expert,4004,6,5.0,0.8838,0.0,0.7856,12.132,Same,Same,none,False,False,False,False
Heuristic,-,nervous_expert,4004,7,5.0,0.82,0.0,0.7804,12.694,Same,Same,none,False,False,False,False
Heuristic,-,nervous_expert,4004,8,5.0,0.8394,0.0,0.9185,12.175,Same,Same,none,False,False,False,False
Heuristic,-,nervous_expert,4004,9,5.0,0.82,0.0552,0.8988,11.673,Same,Same,none,False,False,False,False
Heuristic,-,nervous_expert,4004,10,5.0,0.82,0.0485,0.7059,10.071,Same,Same,none,False,False,False,False
Heuristic,-,nervous_expert,5005,1,3.0,0.8338,0.6088,0.7782,5.457,Harder,Harder,none,False,False,False,False
Heuristic,-,nervous_expert,5005,2,4.0,0.8225,0.3274,0.7424,8.053,Harder,Harder,none,False,False,False,False
Heuristic,-,nervous_expert,5005,3,5.0,0.82,0.0,0.8765,13.385,Same,Same,none,False,False,False,False
Heuristic,-,nervous_expert,5005,4,5.0,0.83,0.0107,0.9491,12.711,Same,Same,none,False,False,False,False
Heuristic,-,nervous_expert,5005,5,5.0,0.8488,0.0083,0.7588,13.051,Same,Same,none,False,False,False,False
Heuristic,-,nervous_expert,5005,6,5.0,0.843,0.0677,0.7717,9.988,Same,Same,none,False,False,False,False
Heuristic,-,nervous_expert,5005,7,5.0,0.82,0.0,0.7251,11.086,Same,Same,none,False,False,False,False
Heuristic,-,nervous_expert,5005,8,5.0,0.82,0.0,0.8477,12.134,Same,Same,none,False,False,False,False
Heuristic,-,nervous_expert,5005,9,5.0,0.8494,0.0,0.9849,13.843,Same,Same,none,False,False,False,False
Heuristic,-,nervous_expert,5005,10,5.0,0.82,0.0,0.8207,11.522,Same,Same,none,False,False,False,False
PPO raw,42,struggling_junior,1001,1,3.0,0.0,0.0,1.0,9.015,Same,Same,none,False,False,False,False
PPO raw,42,struggling_junior,1001,2,3.0,0.0,0.0,0.9621,9.145,Same,Same,none,False,False,False,False
PPO raw,42,struggling_junior,1001,3,3.0,0.0937,0.0,0.9801,9.61,Same,Same,none,False,False,False,False
PPO raw,42,struggling_junior,1001,4,3.0,0.0,0.0558,0.9465,9.106,Same,Same,none,False,False,False,False
PPO raw,42,struggling_junior,1001,5,3.0,0.0461,0.0,0.954,9.021,Same,Same,none,False,False,False,False
PPO raw,42,struggling_junior,1001,6,3.0,0.0514,0.0486,0.8916,9.405,Same,Same,none,False,False,False,False
PPO raw,42,struggling_junior,1001,7,3.0,0.0512,0.0,0.8305,8.823,Same,Same,none,False,False,False,False
PPO raw,42,struggling_junior,1001,8,3.0,0.0849,0.0301,1.0,10.265,Same,Same,none,False,False,False,False
PPO raw,42,struggling_junior,1001,9,3.0,0.0695,0.0,0.9785,10.372,Same,Same,none,False,False,False,False
PPO raw,42,struggling_junior,1001,10,3.0,0.0353,0.0481,1.0,10.104,Same,Same,none,False,False,False,False
PPO raw,42,struggling_junior,2002,1,3.0,0.0,0.009,0.9933,11.225,Same,Same,none,False,False,False,False
PPO raw,42,struggling_junior,2002,2,3.0,0.05,0.032,0.8323,8.765,Same,Same,none,False,False,False,False
PPO raw,42,struggling_junior,2002,3,3.0,0.0062,0.0669,0.8693,8.746,Same,Same,none,False,False,False,False
PPO raw,42,struggling_junior,2002,4,3.0,0.0665,0.0601,1.0,9.823,Same,Same,none,False,False,False,False
PPO raw,42,struggling_junior,2002,5,3.0,0.0,0.0,0.9886,10.163,Same,Same,none,False,False,False,False
PPO raw,42,struggling_junior,2002,6,3.0,0.0043,0.0414,1.0,9.775,Same,Same,none,False,False,False,False
PPO raw,42,struggling_junior,2002,7,3.0,0.0428,0.0,0.9392,9.218,Same,Same,none,False,False,False,False
PPO raw,42,struggling_junior,2002,8,3.0,0.033,0.0,1.0,8.961,Same,Same,none,False,False,False,False
PPO raw,42,struggling_junior,2002,9,3.0,0.0698,0.0,1.0,10.302,Same,Same,none,False,False,False,False
PPO raw,42,struggling_junior,2002,10,3.0,0.0,0.0,1.0,9.632,Same,Same,none,False,False,False,False
PPO raw,42,struggling_junior,3003,1,3.0,0.0278,0.0,0.9865,9.928,Same,Same,none,False,False,False,False
PPO raw,42,struggling_junior,3003,2,3.0,0.1074,0.0,0.9548,9.528,Same,Same,none,False,False,False,False
PPO raw,42,struggling_junior,3003,3,3.0,0.1178,0.0,0.9615,8.673,Same,Same,none,False,False,False,False
PPO raw,42,struggling_junior,3003,4,3.0,0.0737,0.0,0.9996,9.071,Same,Same,none,False,False,False,False
PPO raw,42,struggling_junior,3003,5,3.0,0.0,0.0325,0.9647,9.369,Same,Same,none,False,False,False,False
PPO raw,42,struggling_junior,3003,6,3.0,0.0174,0.0,1.0,9.93,Same,Same,none,False,False,False,False
PPO raw,42,struggling_junior,3003,7,3.0,0.0367,0.0306,0.9183,8.517,Same,Same,none,False,False,False,False
PPO raw,42,struggling_junior,3003,8,3.0,0.032,0.0,0.9794,9.253,Same,Same,none,False,False,False,False
PPO raw,42,struggling_junior,3003,9,3.0,0.0356,0.0,0.8792,9.448,Same,Same,none,False,False,False,False
PPO raw,42,struggling_junior,3003,10,3.0,0.0236,0.0,0.9747,9.721,Same,Same,none,False,False,False,False
PPO raw,42,struggling_junior,4004,1,3.0,0.0634,0.0053,1.0,9.681,Same,Same,none,False,False,False,False
PPO raw,42,struggling_junior,4004,2,3.0,0.0422,0.0,0.9976,9.935,Same,Same,none,False,False,False,False
PPO raw,42,struggling_junior,4004,3,3.0,0.0491,0.0214,0.9933,9.359,Same,Same,none,False,False,False,False
PPO raw,42,struggling_junior,4004,4,3.0,0.081,0.0,0.9551,10.007,Same,Same,none,False,False,False,False
PPO raw,42,struggling_junior,4004,5,3.0,0.0607,0.008,1.0,10.688,Same,Same,none,False,False,False,False
PPO raw,42,struggling_junior,4004,6,3.0,0.051,0.0,0.9607,11.211,Same,Same,none,False,False,False,False
PPO raw,42,struggling_junior,4004,7,3.0,0.0227,0.0516,0.9722,9.794,Same,Same,none,False,False,False,False
PPO raw,42,struggling_junior,4004,8,3.0,0.0067,0.0,0.9827,10.756,Same,Same,none,False,False,False,False
PPO raw,42,struggling_junior,4004,9,3.0,0.0061,0.0389,0.9619,9.237,Same,Same,none,False,False,False,False
PPO raw,42,struggling_junior,4004,10,3.0,0.0606,0.0324,0.9875,8.966,Same,Same,none,False,False,False,False
PPO raw,42,struggling_junior,5005,1,3.0,0.0,0.0174,0.9971,10.015,Same,Same,none,False,False,False,False
PPO raw,42,struggling_junior,5005,2,3.0,0.0939,0.0,1.0,10.053,Same,Same,none,False,False,False,False
PPO raw,42,struggling_junior,5005,3,3.0,0.0107,0.0074,1.0,10.063,Same,Same,none,False,False,False,False
PPO raw,42,struggling_junior,5005,4,3.0,0.0114,0.0271,1.0,10.366,Same,Same,none,False,False,False,False
PPO raw,42,struggling_junior,5005,5,3.0,0.0,0.0,1.0,10.313,Same,Same,none,False,False,False,False
PPO raw,42,struggling_junior,5005,6,3.0,0.1468,0.0316,0.9828,9.539,Same,Same,none,False,False,False,False
PPO raw,42,struggling_junior,5005,7,3.0,0.0476,0.0114,0.8819,9.184,Same,Same,none,False,False,False,False
PPO raw,42,struggling_junior,5005,8,3.0,0.0,0.0,0.9963,10.355,Same,Same,none,False,False,False,False
PPO raw,42,struggling_junior,5005,9,3.0,0.0,0.0,1.0,9.708,Same,Same,none,False,False,False,False
PPO raw,42,struggling_junior,5005,10,3.0,0.0673,0.0541,0.936,9.031,Same,Same,none,False,False,False,False
PPO raw,42,overconfident_fail,1001,1,3.0,0.0264,0.8372,0.2892,6.491,Easier,Easier,none,False,False,False,False
PPO raw,42,overconfident_fail,1001,2,2.0,0.1817,0.8285,0.2474,4.623,Harder,Harder,none,False,False,False,False
PPO raw,42,overconfident_fail,1001,3,3.0,0.1263,0.8422,0.2677,7.436,Easier,Easier,none,False,False,False,False
PPO raw,42,overconfident_fail,1001,4,2.0,0.2286,0.8689,0.2421,5.341,Harder,Harder,none,False,False,False,False
PPO raw,42,overconfident_fail,1001,5,3.0,0.0683,0.8058,0.2593,6.962,Easier,Easier,none,False,False,False,False
PPO raw,42,overconfident_fail,1001,6,2.0,0.1661,0.8426,0.2023,4.836,Harder,Harder,none,False,False,False,False
PPO raw,42,overconfident_fail,1001,7,3.0,0.1293,0.8843,0.2756,7.395,Same,Same,none,False,False,False,False
PPO raw,42,overconfident_fail,1001,8,3.0,0.0523,0.8564,0.2338,6.897,Easier,Easier,none,False,False,False,False
PPO raw,42,overconfident_fail,1001,9,2.0,0.1986,0.8387,0.2593,4.918,Harder,Harder,none,False,False,False,False
PPO raw,42,overconfident_fail,1001,10,3.0,0.0875,0.88,0.285,7.24,Same,Same,none,False,False,False,False
PPO raw,42,overconfident_fail,2002,1,3.0,0.0303,0.856,0.2144,8.082,Easier,Easier,none,False,False,False,False
PPO raw,42,overconfident_fail,2002,2,2.0,0.1692,0.8127,0.2694,4.399,Harder,Harder,none,False,False,False,False
PPO raw,42,overconfident_fail,2002,3,3.0,0.0617,0.8644,0.2667,6.122,Easier,Easier,none,False,False,False,False
PPO raw,42,overconfident_fail,2002,4,2.0,0.2492,0.8338,0.2619,5.472,Harder,Harder,none,False,False,False,False
PPO raw,42,overconfident_fail,2002,5,3.0,0.0522,0.8388,0.2137,7.318,Easier,Easier,none,False,False,False,False
PPO raw,42,overconfident_fail,2002,6,2.0,0.1914,0.8695,0.2807,5.247,Harder,Harder,none,False,False,False,False
PPO raw,42,overconfident_fail,2002,7,3.0,0.0805,0.841,0.2505,6.637,Easier,Easier,none,False,False,False,False
PPO raw,42,overconfident_fail,2002,8,2.0,0.1941,0.8478,0.2728,4.952,Harder,Harder,none,False,False,False,False
PPO raw,42,overconfident_fail,2002,9,3.0,0.1128,0.8522,0.2502,6.427,Same,Same,none,False,False,False,False
PPO raw,42,overconfident_fail,2002,10,3.0,0.1271,0.838,0.2647,6.238,Same,Same,none,False,False,False,False
PPO raw,42,overconfident_fail,3003,1,3.0,0.0883,0.8256,0.2149,7.149,Easier,Easier,none,False,False,False,False
PPO raw,42,overconfident_fail,3003,2,2.0,0.2312,0.8847,0.2512,5.119,Harder,Harder,none,False,False,False,False
PPO raw,42,overconfident_fail,3003,3,3.0,0.0886,0.8109,0.3032,7.221,Easier,Easier,none,False,False,False,False
PPO raw,42,overconfident_fail,3003,4,2.0,0.2101,0.8881,0.2378,5.225,Harder,Harder,none,False,False,False,False
PPO raw,42,overconfident_fail,3003,5,3.0,0.0916,0.8003,0.213,6.593,Easier,Easier,none,False,False,False,False
PPO raw,42,overconfident_fail,3003,6,2.0,0.2217,0.8202,0.214,4.282,Harder,Harder,none,False,False,False,False
PPO raw,42,overconfident_fail,3003,7,3.0,0.0888,0.8581,0.2377,6.005,Easier,Easier,none,False,False,False,False
PPO raw,42,overconfident_fail,3003,8,2.0,0.1685,0.8333,0.2806,4.312,Harder,Harder,none,False,False,False,False
PPO raw,42,overconfident_fail,3003,9,3.0,0.0963,0.836,0.3304,6.607,Same,Same,none,False,False,False,False
PPO raw,42,overconfident_fail,3003,10,3.0,0.0682,0.8452,0.2314,6.569,Same,Same,none,False,False,False,False
PPO raw,42,overconfident_fail,4004,1,3.0,0.1115,0.8535,0.2505,6.97,Easier,Easier,none,False,False,False,False
PPO raw,42,overconfident_fail,4004,2,2.0,0.2372,0.8541,0.2805,4.998,Harder,Harder,none,False,False,False,False
PPO raw,42,overconfident_fail,4004,3,3.0,0.0985,0.8459,0.3125,7.307,Easier,Easier,none,False,False,False,False
PPO raw,42,overconfident_fail,4004,4,2.0,0.1917,0.8493,0.2174,5.439,Harder,Harder,none,False,False,False,False
PPO raw,42,overconfident_fail,4004,5,3.0,0.1395,0.8209,0.2451,7.098,Easier,Easier,none,False,False,False,False
PPO raw,42,overconfident_fail,4004,6,2.0,0.2638,0.8566,0.2856,4.893,Harder,Harder,none,False,False,False,False
PPO raw,42,overconfident_fail,4004,7,3.0,0.1147,0.8571,0.2586,7.355,Easier,Easier,none,False,False,False,False
PPO raw,42,overconfident_fail,4004,8,2.0,0.2194,0.8511,0.2092,4.925,Harder,Harder,none,False,False,False,False
PPO raw,42,overconfident_fail,4004,9,3.0,0.0609,0.8759,0.2862,6.651,Same,Same,none,False,False,False,False
PPO raw,42,overconfident_fail,4004,10,3.0,0.0934,0.8284,0.2059,6.041,Same,Same,none,False,False,False,False
PPO raw,42,overconfident_fail,5005,1,3.0,0.0132,0.8616,0.2782,7.211,Easier,Easier,none,False,False,False,False
PPO raw,42,overconfident_fail,5005,2,2.0,0.2025,0.8372,0.2424,5.031,Harder,Harder,none,False,False,False,False
PPO raw,42,overconfident_fail,5005,3,3.0,0.0694,0.8549,0.2165,7.245,Easier,Easier,none,False,False,False,False
PPO raw,42,overconfident_fail,5005,4,2.0,0.21,0.8553,0.2856,5.139,Harder,Harder,none,False,False,False,False
PPO raw,42,overconfident_fail,5005,5,3.0,0.1045,0.8709,0.1909,7.625,Easier,Easier,none,False,False,False,False
PPO raw,42,overconfident_fail,5005,6,2.0,0.223,0.8611,0.2717,4.026,Harder,Harder,none,False,False,False,False
PPO raw,42,overconfident_fail,5005,7,3.0,0.1134,0.8599,0.2251,6.554,Easier,Easier,none,False,False,False,False
PPO raw,42,overconfident_fail,5005,8,2.0,0.1769,0.839,0.2474,4.902,Harder,Harder,none,False,False,False,False
PPO raw,42,overconfident_fail,5005,9,3.0,0.0634,0.8455,0.2349,7.267,Same,Same,none,False,False,False,False
PPO raw,42,overconfident_fail,5005,10,3.0,0.0777,0.8668,0.2463,6.666,Same,Same,none,False,False,False,False
PPO raw,42,normal,1001,1,3.0,0.4674,0.2547,0.7208,6.148,Same,Same,none,False,False,False,False
PPO raw,42,normal,1001,2,3.0,0.4638,0.2689,0.8358,7.76,Same,Same,none,False,False,False,False
PPO raw,42,normal,1001,3,3.0,0.5249,0.3732,0.6101,5.814,Same,Same,none,False,False,False,False
PPO raw,42,normal,1001,4,3.0,0.4678,0.3117,0.7823,6.304,Same,Same,none,False,False,False,False
PPO raw,42,normal,1001,5,3.0,0.5368,0.4622,0.5694,5.796,Same,Same,none,False,False,False,False
PPO raw,42,normal,1001,6,3.0,0.5177,0.2673,0.7068,6.935,Same,Same,none,False,False,False,False
PPO raw,42,normal,1001,7,3.0,0.4781,0.4281,0.6475,6.178,Same,Same,none,False,False,False,False
PPO raw,42,normal,1001,8,3.0,0.4951,0.2776,0.695,6.489,Same,Same,none,False,False,False,False
PPO raw,42,normal,1001,9,3.0,0.485,0.1802,0.8446,6.576,Same,Same,none,False,False,False,False
PPO raw,42,normal,1001,10,3.0,0.5219,0.3643,0.5837,5.469,Same,Same,none,False,False,False,False
PPO raw,42,normal,2002,1,3.0,0.4608,0.3805,0.7601,7.749,Same,Same,none,False,False,False,False
PPO raw,42,normal,2002,2,3.0,0.4794,0.3504,0.5545,5.728,Same,Same,none,False,False,False,False
PPO raw,42,normal,2002,3,3.0,0.5544,0.3957,0.5207,5.255,Same,Same,none,False,False,False,False
PPO raw,42,normal,2002,4,3.0,0.4441,0.3394,0.6642,7.036,Same,Same,none,False,False,False,False
PPO raw,42,normal,2002,5,3.0,0.4543,0.2857,0.6229,6.372,Same,Same,none,False,False,False,False
PPO raw,42,normal,2002,6,3.0,0.5167,0.4381,0.5934,6.604,Same,Same,none,False,False,False,False
PPO raw,42,normal,2002,7,3.0,0.5142,0.5363,0.3991,5.25,Same,Same,none,False,False,False,False
PPO raw,42,normal,2002,8,3.0,0.5065,0.3785,0.6413,6.464,Same,Same,none,False,False,False,False
PPO raw,42,normal,2002,9,3.0,0.4437,0.2544,0.6489,6.145,Same,Same,none,False,False,False,False
PPO raw,42,normal,2002,10,3.0,0.5081,0.2775,0.9003,7.235,Same,Same,none,False,False,False,False
PPO raw,42,normal,3003,1,3.0,0.5381,0.3184,0.8131,7.094,Same,Same,none,False,False,False,False
PPO raw,42,normal,3003,2,3.0,0.4505,0.215,0.6914,6.361,Same,Same,none,False,False,False,False
PPO raw,42,normal,3003,3,3.0,0.4795,0.2727,0.7618,7.301,Same,Same,none,False,False,False,False
PPO raw,42,normal,3003,4,3.0,0.5521,0.4049,0.632,5.766,Same,Same,none,False,False,False,False
PPO raw,42,normal,3003,5,3.0,0.5254,0.4082,0.5582,5.288,Same,Same,none,False,False,False,False
PPO raw,42,normal,3003,6,3.0,0.5532,0.4005,0.5686,5.853,Same,Same,none,False,False,False,False
PPO raw,42,normal,3003,7,3.0,0.5171,0.4024,0.7499,6.583,Same,Same,none,False,False,False,False
PPO raw,42,normal,3003,8,3.0,0.4966,0.2669,0.74,6.237,Same,Same,none,False,False,False,False
PPO raw,42,normal,3003,9,3.0,0.5178,0.1937,0.7076,6.714,Same,Same,none,False,False,False,False
PPO raw,42,normal,3003,10,3.0,0.5287,0.3171,0.5891,6.324,Same,Same,none,False,False,False,False
PPO raw,42,normal,4004,1,3.0,0.5363,0.3673,0.5976,6.086,Same,Same,none,False,False,False,False
PPO raw,42,normal,4004,2,3.0,0.488,0.3503,0.6511,6.111,Same,Same,none,False,False,False,False
PPO raw,42,normal,4004,3,3.0,0.5257,0.4248,0.5508,6.37,Same,Same,none,False,False,False,False
PPO raw,42,normal,4004,4,3.0,0.5062,0.4274,0.5919,5.741,Same,Same,none,False,False,False,False
PPO raw,42,normal,4004,5,3.0,0.5038,0.4036,0.6287,6.113,Same,Same,none,False,False,False,False
PPO raw,42,normal,4004,6,3.0,0.5625,0.3478,0.7214,6.791,Same,Same,none,False,False,False,False
PPO raw,42,normal,4004,7,3.0,0.5416,0.3626,0.6347,5.866,Same,Same,none,False,False,False,False
PPO raw,42,normal,4004,8,3.0,0.5128,0.4897,0.5703,5.994,Same,Same,none,False,False,False,False
PPO raw,42,normal,4004,9,3.0,0.5653,0.3134,0.6734,6.552,Same,Same,none,False,False,False,False
PPO raw,42,normal,4004,10,3.0,0.5003,0.2535,0.8367,8.243,Same,Same,none,False,False,False,False
PPO raw,42,normal,5005,1,3.0,0.4326,0.3876,0.647,6.396,Same,Same,none,False,False,False,False
PPO raw,42,normal,5005,2,3.0,0.4962,0.3868,0.6883,5.714,Same,Same,none,False,False,False,False
PPO raw,42,normal,5005,3,3.0,0.5471,0.3942,0.6505,6.313,Same,Same,none,False,False,False,False
PPO raw,42,normal,5005,4,3.0,0.4807,0.3129,0.729,6.195,Same,Same,none,False,False,False,False
PPO raw,42,normal,5005,5,3.0,0.4856,0.4054,0.4767,5.564,Same,Same,none,False,False,False,False
PPO raw,42,normal,5005,6,3.0,0.4665,0.4213,0.614,6.554,Same,Same,none,False,False,False,False
PPO raw,42,normal,5005,7,3.0,0.497,0.382,0.6394,6.594,Same,Same,none,False,False,False,False
PPO raw,42,normal,5005,8,3.0,0.4925,0.4,0.5948,6.53,Same,Same,none,False,False,False,False
PPO raw,42,normal,5005,9,3.0,0.5432,0.4665,0.3759,4.899,Same,Same,none,False,False,False,False
PPO raw,42,normal,5005,10,3.0,0.5606,0.3637,0.4759,5.808,Same,Same,none,False,False,False,False
PPO raw,42,lucky_guesser,1001,1,3.0,0.9319,0.2807,0.8392,5.474,Same,Same,none,False,False,False,False
PPO raw,42,lucky_guesser,1001,2,3.0,0.9363,0.2678,0.7974,4.857,Same,Same,none,False,False,False,False
PPO raw,42,lucky_guesser,1001,3,3.0,0.9559,0.2884,0.8177,6.762,Same,Same,none,False,False,False,False
PPO raw,42,lucky_guesser,1001,4,3.0,0.9714,0.3283,0.7921,6.125,Same,Same,none,False,False,False,False
PPO raw,42,lucky_guesser,1001,5,3.0,0.9425,0.2336,0.8093,5.748,Same,Same,none,False,False,False,False
PPO raw,42,lucky_guesser,1001,6,3.0,0.9246,0.2889,0.7523,5.264,Same,Same,none,False,False,False,False
PPO raw,42,lucky_guesser,1001,7,3.0,0.9513,0.3515,0.8256,5.742,Same,Same,none,False,False,False,False
PPO raw,42,lucky_guesser,1001,8,3.0,0.9438,0.3096,0.7838,6.343,Same,Same,none,False,False,False,False
PPO raw,42,lucky_guesser,1001,9,3.0,0.9489,0.283,0.8093,5.317,Same,Same,none,False,False,False,False
PPO raw,42,lucky_guesser,1001,10,3.0,0.937,0.345,0.835,5.773,Same,Same,none,False,False,False,False
PPO raw,42,lucky_guesser,2002,1,3.0,0.9397,0.309,0.7644,6.952,Same,Same,none,False,False,False,False
PPO raw,42,lucky_guesser,2002,2,3.0,0.9269,0.2441,0.8194,4.605,Same,Same,none,False,False,False,False
PPO raw,42,lucky_guesser,2002,3,3.0,0.9328,0.3216,0.8167,4.015,Same,Same,none,False,False,False,False
PPO raw,42,lucky_guesser,2002,4,3.0,0.9869,0.2758,0.8119,6.146,Same,Same,none,False,False,False,False
PPO raw,42,lucky_guesser,2002,5,3.0,0.9219,0.2831,0.7637,5.66,Same,Same,none,False,False,False,False
PPO raw,42,lucky_guesser,2002,6,3.0,0.9436,0.3292,0.8307,5.545,Same,Same,none,False,False,False,False
PPO raw,42,lucky_guesser,2002,7,3.0,0.9595,0.2865,0.8005,5.072,Same,Same,none,False,False,False,False
PPO raw,42,lucky_guesser,2002,8,3.0,0.9456,0.2968,0.8228,5.481,Same,Same,none,False,False,False,False
PPO raw,42,lucky_guesser,2002,9,3.0,0.9527,0.3033,0.8002,5.177,Same,Same,none,False,False,False,False
PPO raw,42,lucky_guesser,2002,10,3.0,0.9599,0.282,0.8147,4.501,Same,Same,none,False,False,False,False
PPO raw,42,lucky_guesser,3003,1,3.0,0.9253,0.2634,0.7649,6.426,Same,Same,none,False,False,False,False
PPO raw,42,lucky_guesser,3003,2,3.0,0.9734,0.3521,0.8012,5.578,Same,Same,none,False,False,False,False
PPO raw,42,lucky_guesser,3003,3,3.0,0.9437,0.2414,0.8532,6.422,Same,Same,none,False,False,False,False
PPO raw,42,lucky_guesser,3003,4,3.0,0.9576,0.3571,0.7878,5.731,Same,Same,none,False,False,False,False
PPO raw,42,lucky_guesser,3003,5,3.0,0.9589,0.2254,0.763,5.575,Same,Same,none,False,False,False,False
PPO raw,42,lucky_guesser,3003,6,3.0,0.9663,0.2554,0.764,4.432,Same,Same,none,False,False,False,False
PPO raw,42,lucky_guesser,3003,7,3.0,0.9502,0.3121,0.7877,4.44,Same,Same,none,False,False,False,False
PPO raw,42,lucky_guesser,3003,8,3.0,0.9264,0.2749,0.8306,4.49,Same,Same,none,False,False,False,False
PPO raw,42,lucky_guesser,3003,9,3.0,0.9778,0.279,0.8804,4.662,Same,Same,none,False,False,False,False
PPO raw,42,lucky_guesser,3003,10,3.0,0.9587,0.2928,0.7814,5.265,Same,Same,none,False,False,False,False
PPO raw,42,lucky_guesser,4004,1,3.0,0.944,0.3053,0.8005,5.274,Same,Same,none,False,False,False,False
PPO raw,42,lucky_guesser,4004,2,3.0,0.9779,0.3062,0.8305,5.479,Same,Same,none,False,False,False,False
PPO raw,42,lucky_guesser,4004,3,3.0,0.9561,0.2939,0.8625,6.049,Same,Same,none,False,False,False,False
PPO raw,42,lucky_guesser,4004,4,3.0,0.9438,0.299,0.7674,5.97,Same,Same,none,False,False,False,False
PPO raw,42,lucky_guesser,4004,5,3.0,0.9826,0.2564,0.7951,5.16,Same,Same,none,False,False,False,False
PPO raw,42,lucky_guesser,4004,6,3.0,0.9979,0.3099,0.8356,5.117,Same,Same,none,False,False,False,False
PPO raw,42,lucky_guesser,4004,7,3.0,0.9498,0.3107,0.8086,5.409,Same,Same,none,False,False,False,False
PPO raw,42,lucky_guesser,4004,8,3.0,0.9646,0.3017,0.7592,5.515,Same,Same,none,False,False,False,False
PPO raw,42,lucky_guesser,4004,9,3.0,0.9337,0.3389,0.8362,5.135,Same,Same,none,False,False,False,False
PPO raw,42,lucky_guesser,4004,10,3.0,0.9259,0.2675,0.7559,3.996,Same,Same,none,False,False,False,False
PPO raw,42,lucky_guesser,5005,1,3.0,0.9481,0.3174,0.8282,5.607,Same,Same,none,False,False,False,False
PPO raw,42,lucky_guesser,5005,2,3.0,0.9519,0.2807,0.7924,5.417,Same,Same,none,False,False,False,False
PPO raw,42,lucky_guesser,5005,3,3.0,0.9279,0.3074,0.7665,5.977,Same,Same,none,False,False,False,False
PPO raw,42,lucky_guesser,5005,4,3.0,0.9575,0.308,0.8356,5.681,Same,Same,none,False,False,False,False
PPO raw,42,lucky_guesser,5005,5,3.0,0.9716,0.3314,0.7409,5.655,Same,Same,none,False,False,False,False
PPO raw,42,lucky_guesser,5005,6,3.0,0.9673,0.3167,0.8217,4.127,Same,Same,none,False,False,False,False
PPO raw,42,lucky_guesser,5005,7,3.0,0.9395,0.3149,0.7751,4.557,Same,Same,none,False,False,False,False
PPO raw,42,lucky_guesser,5005,8,3.0,0.9327,0.2835,0.7974,5.316,Same,Same,none,False,False,False,False
PPO raw,42,lucky_guesser,5005,9,3.0,0.972,0.2933,0.7849,7.035,Same,Same,none,False,False,False,False
PPO raw,42,lucky_guesser,5005,10,3.0,0.9499,0.3252,0.7963,5.004,Same,Same,none,False,False,False,False
PPO raw,42,nervous_expert,1001,1,3.0,0.8471,0.4392,0.7892,5.352,Same,Same,none,False,False,False,False
PPO raw,42,nervous_expert,1001,2,3.0,0.94,0.6349,0.7474,4.687,Same,Same,none,False,False,False,False
PPO raw,42,nervous_expert,1001,3,3.0,0.94,0.463,0.7677,6.649,Same,Same,none,False,False,False,False
PPO raw,42,nervous_expert,1001,4,3.0,0.8894,0.5165,0.7421,6.019,Same,Same,none,False,False,False,False
PPO raw,42,nervous_expert,1001,5,3.0,0.8889,0.415,0.7593,5.611,Same,Same,none,False,False,False,False
PPO raw,42,nervous_expert,1001,6,3.0,0.8222,0.5461,0.7023,5.119,Same,Same,none,False,False,False,False
PPO raw,42,nervous_expert,1001,7,3.0,0.94,0.6829,0.7756,5.587,Same,Same,none,False,False,False,False
PPO raw,42,nervous_expert,1001,8,3.0,0.8729,0.3806,0.7338,6.242,Same,Same,none,False,False,False,False
PPO raw,42,nervous_expert,1001,9,3.0,0.9308,0.5759,0.7593,5.163,Same,Same,none,False,False,False,False
PPO raw,42,nervous_expert,1001,10,3.0,0.9081,0.6567,0.785,5.628,Same,Same,none,False,False,False,False
PPO raw,42,nervous_expert,2002,1,3.0,0.8509,0.5933,0.7144,6.812,Same,Same,none,False,False,False,False
PPO raw,42,nervous_expert,2002,2,3.0,0.861,0.6129,0.7694,4.439,Same,Same,none,False,False,False,False
PPO raw,42,nervous_expert,2002,3,3.0,0.8823,0.7316,0.7667,3.978,Same,Same,none,False,False,False,False
PPO raw,42,nervous_expert,2002,4,3.0,0.94,0.5878,0.7619,6.018,Same,Same,none,False,False,False,False
PPO raw,42,nervous_expert,2002,5,3.0,0.8728,0.5655,0.7137,5.506,Same,Same,none,False,False,False,False
PPO raw,42,nervous_expert,2002,6,3.0,0.8835,0.5903,0.7807,5.357,Same,Same,none,False,False,False,False
PPO raw,42,nervous_expert,2002,7,3.0,0.9011,0.5185,0.7505,4.906,Same,Same,none,False,False,False,False
PPO raw,42,nervous_expert,2002,8,3.0,0.9029,0.5983,0.7728,5.35,Same,Same,none,False,False,False,False
PPO raw,42,nervous_expert,2002,9,3.0,0.9334,0.4873,0.7502,5.031,Same,Same,none,False,False,False,False
PPO raw,42,nervous_expert,2002,10,3.0,0.94,0.6252,0.7647,4.35,Same,Same,none,False,False,False,False
PPO raw,42,nervous_expert,3003,1,3.0,0.9089,0.4856,0.7149,6.314,Same,Same,none,False,False,False,False
PPO raw,42,nervous_expert,3003,2,3.0,0.926,0.549,0.7512,5.427,Same,Same,none,False,False,False,False
PPO raw,42,nervous_expert,3003,3,3.0,0.9092,0.4128,0.8032,6.307,Same,Same,none,False,False,False,False
PPO raw,42,nervous_expert,3003,4,3.0,0.9127,0.5827,0.7378,5.584,Same,Same,none,False,False,False,False
PPO raw,42,nervous_expert,3003,5,3.0,0.9122,0.3961,0.713,5.456,Same,Same,none,False,False,False,False
PPO raw,42,nervous_expert,3003,6,3.0,0.94,0.593,0.714,4.261,Same,Same,none,False,False,False,False
PPO raw,42,nervous_expert,3003,7,3.0,0.9095,0.5548,0.7377,4.272,Same,Same,none,False,False,False,False
PPO raw,42,nervous_expert,3003,8,3.0,0.82,0.5163,0.7806,4.323,Same,Same,none,False,False,False,False
PPO raw,42,nervous_expert,3003,9,3.0,0.9169,0.6116,0.8304,4.487,Same,Same,none,False,False,False,False
PPO raw,42,nervous_expert,3003,10,3.0,0.8888,0.5284,0.7314,5.135,Same,Same,none,False,False,False,False
PPO raw,42,nervous_expert,4004,1,3.0,0.9321,0.5764,0.7505,5.115,Same,Same,none,False,False,False,False
PPO raw,42,nervous_expert,4004,2,3.0,0.9252,0.6041,0.7805,5.338,Same,Same,none,False,False,False,False
PPO raw,42,nervous_expert,4004,3,3.0,0.9191,0.4919,0.8125,5.913,Same,Same,none,False,False,False,False
PPO raw,42,nervous_expert,4004,4,3.0,0.8677,0.5856,0.7174,5.817,Same,Same,none,False,False,False,False
PPO raw,42,nervous_expert,4004,5,3.0,0.94,0.6499,0.7451,4.993,Same,Same,none,False,False,False,False
PPO raw,42,nervous_expert,4004,6,3.0,0.94,0.5808,0.7856,4.932,Same,Same,none,False,False,False,False
PPO raw,42,nervous_expert,4004,7,3.0,0.9353,0.5954,0.7586,5.225,Same,Same,none,False,False,False,False
PPO raw,42,nervous_expert,4004,8,3.0,0.9069,0.5304,0.7092,5.397,Same,Same,none,False,False,False,False
PPO raw,42,nervous_expert,4004,9,3.0,0.8816,0.6821,0.7862,4.995,Same,Same,none,False,False,False,False
PPO raw,42,nervous_expert,4004,10,3.0,0.914,0.6754,0.7059,3.891,Same,Same,none,False,False,False,False
PPO raw,42,nervous_expert,5005,1,3.0,0.8338,0.6088,0.7782,5.457,Same,Same,none,False,False,False,False
PPO raw,42,nervous_expert,5005,2,3.0,0.8383,0.5764,0.7424,5.256,Same,Same,none,False,False,False,False
PPO raw,42,nervous_expert,5005,3,3.0,0.89,0.4859,0.7165,5.831,Same,Same,none,False,False,False,False
PPO raw,42,nervous_expert,5005,4,3.0,0.94,0.6376,0.7856,5.545,Same,Same,none,False,False,False,False
PPO raw,42,nervous_expert,5005,5,3.0,0.9251,0.6352,0.6909,5.483,Same,Same,none,False,False,False,False
PPO raw,42,nervous_expert,5005,6,3.0,0.9095,0.6946,0.7717,3.959,Same,Same,none,False,False,False,False
PPO raw,42,nervous_expert,5005,7,3.0,0.934,0.6224,0.7251,4.366,Same,Same,none,False,False,False,False
PPO raw,42,nervous_expert,5005,8,3.0,0.8651,0.5905,0.7474,5.166,Same,Same,none,False,False,False,False
PPO raw,42,nervous_expert,5005,9,3.0,0.884,0.3543,0.7349,6.943,Same,Same,none,False,False,False,False
PPO raw,42,nervous_expert,5005,10,3.0,0.8983,0.6126,0.7463,4.854,Same,Same,none,False,False,False,False
PPO+G,42,struggling_junior,1001,1,3.0,0.0,0.0,1.0,9.015,Same,Easier,g4_stuck_easier,True,True,False,False
PPO+G,42,struggling_junior,1001,2,2.0,0.102,0.0217,0.9376,7.082,Easier,Easier,g4_stuck_easier,True,False,False,False
PPO+G,42,struggling_junior,1001,3,1.0,0.3177,0.257,0.7712,4.14,Easier,Same,g2_anxiety_stabilizer_same,True,True,False,True
PPO+G,42,struggling_junior,1001,4,1.0,0.252,0.3558,0.6175,4.225,Easier,Easier,g4_stuck_easier,True,False,True,True
PPO+G,42,struggling_junior,1001,5,1.0,0.3219,0.1769,0.7986,4.697,Easier,Same,g2_anxiety_stabilizer_same,True,True,False,True
PPO+G,42,struggling_junior,1001,6,1.0,0.3267,0.3287,0.6338,3.84,Harder,Harder,none,False,False,False,False
PPO+G,42,struggling_junior,1001,7,2.0,0.18,0.0,0.8305,6.932,Easier,Easier,g4_stuck_easier,True,False,False,False
PPO+G,42,struggling_junior,1001,8,1.0,0.2959,0.3301,0.7128,4.584,Easier,Easier,g4_stuck_easier,True,False,True,True
PPO+G,42,struggling_junior,1001,9,1.0,0.3148,0.278,0.7938,5.301,Easier,Same,g2_anxiety_stabilizer_same,True,True,False,True
PPO+G,42,struggling_junior,1001,10,1.0,0.2795,0.3481,0.8566,4.616,Easier,Easier,g4_stuck_easier,True,False,True,True
PPO+G,42,struggling_junior,2002,1,3.0,0.0,0.009,0.9933,11.225,Same,Easier,g4_stuck_easier,True,True,False,False
PPO+G,42,struggling_junior,2002,2,2.0,0.1788,0.032,0.8323,6.887,Easier,Easier,g4_stuck_easier,True,False,False,False
PPO+G,42,struggling_junior,2002,3,1.0,0.2657,0.3216,0.8245,3.542,Easier,Easier,g4_stuck_easier,True,False,True,True
PPO+G,42,struggling_junior,2002,4,1.0,0.2933,0.3601,0.578,4.239,Easier,Easier,none,False,False,True,True
PPO+G,42,struggling_junior,2002,5,1.0,0.2437,0.2831,0.6299,4.617,Easier,Easier,g4_stuck_easier,True,False,True,True
PPO+G,42,struggling_junior,2002,6,1.0,0.2757,0.3414,0.7511,4.313,Easier,Easier,g4_stuck_easier,True,False,True,True
PPO+G,42,struggling_junior,2002,7,1.0,0.3189,0.2865,0.9392,4.215,Easier,Same,g2_anxiety_stabilizer_same,True,True,False,True
PPO+G,42,struggling_junior,2002,8,1.0,0.2858,0.2296,0.8804,4.668,Easier,Easier,g4_stuck_easier,True,False,True,True
PPO+G,42,struggling_junior,2002,9,1.0,0.3251,0.2973,0.6723,4.666,Harder,Harder,none,False,False,False,False
PPO+G,42,struggling_junior,2002,10,2.0,0.1102,0.0,1.0,7.473,Easier,Easier,g4_stuck_easier,True,False,False,False
PPO+G,42,struggling_junior,3003,1,3.0,0.0278,0.0,0.9865,9.928,Same,Easier,g4_stuck_easier,True,True,False,False
PPO+G,42,struggling_junior,3003,2,2.0,0.2362,0.0367,0.8923,7.208,Easier,Easier,g4_stuck_easier,True,False,False,False
PPO+G,42,struggling_junior,3003,3,1.0,0.3532,0.2988,0.5533,3.777,Easier,Easier,none,False,False,True,True
PPO+G,42,struggling_junior,3003,4,1.0,0.2956,0.2251,0.6305,4.07,Easier,Easier,g4_stuck_easier,True,False,True,True
PPO+G,42,struggling_junior,3003,5,1.0,0.2648,0.3325,0.689,4.51,Easier,Easier,g4_stuck_easier,True,False,True,True
PPO+G,42,struggling_junior,3003,6,1.0,0.2983,0.2338,0.8094,5.032,Easier,Easier,g4_stuck_easier,True,False,True,True
PPO+G,42,struggling_junior,3003,7,1.0,0.2749,0.2707,0.9088,4.159,Easier,Easier,g4_stuck_easier,True,False,True,True
PPO+G,42,struggling_junior,3003,8,1.0,0.2676,0.2606,0.7114,4.438,Easier,Easier,g4_stuck_easier,True,False,True,True
PPO+G,42,struggling_junior,3003,9,1.0,0.2928,0.2814,0.5154,4.201,Easier,Easier,none,False,False,True,True
PPO+G,42,struggling_junior,3003,10,1.0,0.2943,0.2777,0.8272,4.511,Easier,Easier,g4_stuck_easier,True,False,True,True
PPO+G,42,struggling_junior,4004,1,3.0,0.0634,0.0053,1.0,9.681,Same,Easier,g4_stuck_easier,True,True,False,False
PPO+G,42,struggling_junior,4004,2,2.0,0.171,0.0607,0.9976,7.806,Easier,Easier,g4_stuck_easier,True,False,False,False
PPO+G,42,struggling_junior,4004,3,1.0,0.3038,0.3214,0.5852,4.101,Easier,Easier,none,False,False,True,True
PPO+G,42,struggling_junior,4004,4,1.0,0.3248,0.2895,0.8087,4.496,Easier,Same,g2_anxiety_stabilizer_same,True,True,False,True
PPO+G,42,struggling_junior,4004,5,1.0,0.3225,0.2808,0.781,5.275,Easier,Same,g2_anxiety_stabilizer_same,True,True,False,True
PPO+G,42,struggling_junior,4004,6,1.0,0.3084,0.2657,0.8429,5.386,Easier,Same,g2_anxiety_stabilizer_same,True,True,False,True
PPO+G,42,struggling_junior,4004,7,1.0,0.2736,0.3516,0.8626,4.451,Easier,Easier,g4_stuck_easier,True,False,True,True
PPO+G,42,struggling_junior,4004,8,1.0,0.2687,0.2719,0.6216,4.878,Easier,Easier,g4_stuck_easier,True,False,True,True
PPO+G,42,struggling_junior,4004,9,1.0,0.2675,0.3389,0.6579,4.191,Easier,Easier,g4_stuck_easier,True,False,True,True
PPO+G,42,struggling_junior,4004,10,1.0,0.273,0.3293,0.7589,4.454,Easier,Easier,g4_stuck_easier,True,False,True,True
PPO+G,42,struggling_junior,5005,1,3.0,0.0,0.0174,0.9971,10.015,Same,Easier,g4_stuck_easier,True,True,False,False
PPO+G,42,struggling_junior,5005,2,2.0,0.2227,0.0,1.0,7.899,Easier,Easier,g4_stuck_easier,True,False,False,False
PPO+G,42,struggling_junior,5005,3,1.0,0.2558,0.2821,0.7399,4.828,Easier,Easier,g4_stuck_easier,True,False,True,True
PPO+G,42,struggling_junior,5005,4,1.0,0.2905,0.3271,0.6445,4.703,Easier,Easier,g4_stuck_easier,True,False,True,True
PPO+G,42,struggling_junior,5005,5,1.0,0.2409,0.2827,0.6745,4.714,Easier,Easier,g4_stuck_easier,True,False,True,True
PPO+G,42,struggling_junior,5005,6,1.0,0.3498,0.3031,0.522,3.963,Harder,Harder,none,False,False,False,False
PPO+G,42,struggling_junior,5005,7,2.0,0.1765,0.0431,0.8501,7.08,Easier,Easier,g4_stuck_easier,True,False,False,False
PPO+G,42,struggling_junior,5005,8,1.0,0.2878,0.2842,0.8113,4.912,Easier,Easier,g4_stuck_easier,True,False,True,True
PPO+G,42,struggling_junior,5005,9,1.0,0.2717,0.2998,0.7296,4.667,Easier,Easier,g4_stuck_easier,True,False,True,True
PPO+G,42,struggling_junior,5005,10,1.0,0.3079,0.3541,0.5852,4.11,Harder,Harder,none,False,False,False,False
PPO+G,42,overconfident_fail,1001,1,3.0,0.0264,0.8372,0.2892,6.491,Easier,Easier,g1_overload_protection,True,False,False,False
PPO+G,42,overconfident_fail,1001,2,2.0,0.1817,0.8285,0.2474,4.623,Harder,Easier,g1_overload_protection,True,True,False,False
PPO+G,42,overconfident_fail,1001,3,1.0,0.2079,0.8422,0.2677,3.369,Harder,Harder,none,False,False,False,False
PPO+G,42,overconfident_fail,1001,4,2.0,0.2286,0.8689,0.2421,5.341,Harder,Easier,g1_overload_protection,True,True,False,False
PPO+G,42,overconfident_fail,1001,5,1.0,0.19,0.8058,0.2593,2.899,Harder,Harder,none,False,False,False,False
PPO+G,42,overconfident_fail,1001,6,2.0,0.1661,0.8426,0.2023,4.836,Harder,Easier,g1_overload_protection,True,True,False,False
PPO+G,42,overconfident_fail,1001,7,1.0,0.2017,0.8843,0.2756,2.911,Harder,Harder,none,False,False,False,False
PPO+G,42,overconfident_fail,1001,8,2.0,0.1917,0.8564,0.2338,5.419,Harder,Easier,g1_overload_protection,True,True,False,False
PPO+G,42,overconfident_fail,1001,9,1.0,0.1986,0.8387,0.2593,2.704,Harder,Harder,none,False,False,False,False
PPO+G,42,overconfident_fail,1001,10,2.0,0.1826,0.88,0.285,5.247,Harder,Easier,g1_overload_protection,True,True,False,False
PPO+G,42,overconfident_fail,2002,1,3.0,0.0303,0.856,0.2144,8.082,Easier,Easier,g1_overload_protection,True,False,False,False
PPO+G,42,overconfident_fail,2002,2,2.0,0.1692,0.8127,0.2694,4.399,Harder,Easier,g1_overload_protection,True,True,False,False
PPO+G,42,overconfident_fail,2002,3,1.0,0.1771,0.8644,0.1986,2.119,Harder,Harder,none,False,False,False,False
PPO+G,42,overconfident_fail,2002,4,2.0,0.2492,0.8338,0.2619,5.472,Harder,Easier,g1_overload_protection,True,True,False,False
PPO+G,42,overconfident_fail,2002,5,1.0,0.1625,0.8388,0.2137,2.87,Harder,Harder,none,False,False,False,False
PPO+G,42,overconfident_fail,2002,6,2.0,0.1914,0.8695,0.2807,5.247,Harder,Easier,g1_overload_protection,True,True,False,False
PPO+G,42,overconfident_fail,2002,7,1.0,0.2126,0.841,0.2505,2.596,Harder,Harder,none,False,False,False,False
PPO+G,42,overconfident_fail,2002,8,2.0,0.1941,0.8478,0.2728,4.952,Harder,Easier,g1_overload_protection,True,True,False,False
PPO+G,42,overconfident_fail,2002,9,1.0,0.2036,0.8522,0.2502,2.63,Harder,Harder,none,False,False,False,False
PPO+G,42,overconfident_fail,2002,10,2.0,0.2131,0.838,0.2647,4.255,Harder,Easier,g1_overload_protection,True,True,False,False
PPO+G,42,overconfident_fail,3003,1,3.0,0.0883,0.8256,0.2149,7.149,Easier,Easier,g1_overload_protection,True,False,False,False
PPO+G,42,overconfident_fail,3003,2,2.0,0.2312,0.8847,0.2512,5.119,Harder,Easier,g1_overload_protection,True,True,False,False
PPO+G,42,overconfident_fail,3003,3,1.0,0.1916,0.8109,0.3032,3.207,Harder,Harder,none,False,False,False,False
PPO+G,42,overconfident_fail,3003,4,2.0,0.2101,0.8881,0.2378,5.225,Harder,Easier,g1_overload_protection,True,True,False,False
PPO+G,42,overconfident_fail,3003,5,1.0,0.2118,0.8003,0.213,2.799,Harder,Harder,none,False,False,False,False
PPO+G,42,overconfident_fail,3003,6,2.0,0.2217,0.8202,0.214,4.282,Harder,Easier,g1_overload_protection,True,True,False,False
PPO+G,42,overconfident_fail,3003,7,1.0,0.2003,0.8581,0.2377,2.292,Harder,Harder,none,False,False,False,False
PPO+G,42,overconfident_fail,3003,8,2.0,0.1685,0.8333,0.2806,4.312,Harder,Easier,g1_overload_protection,True,True,False,False
PPO+G,42,overconfident_fail,3003,9,1.0,0.2371,0.836,0.3304,2.406,Harder,Harder,none,False,False,False,False
PPO+G,42,overconfident_fail,3003,10,2.0,0.2116,0.8452,0.2314,4.777,Harder,Easier,g1_overload_protection,True,True,False,False
PPO+G,42,overconfident_fail,4004,1,3.0,0.1115,0.8535,0.2505,6.97,Easier,Easier,g1_overload_protection,True,False,False,False
PPO+G,42,overconfident_fail,4004,2,2.0,0.2372,0.8541,0.2805,4.998,Harder,Easier,g1_overload_protection,True,True,False,False
PPO+G,42,overconfident_fail,4004,3,1.0,0.2081,0.8459,0.3125,3.044,Harder,Harder,none,False,False,False,False
PPO+G,42,overconfident_fail,4004,4,2.0,0.1917,0.8493,0.2174,5.439,Harder,Easier,g1_overload_protection,True,True,False,False
PPO+G,42,overconfident_fail,4004,5,1.0,0.2435,0.8209,0.2451,2.639,Harder,Harder,none,False,False,False,False
PPO+G,42,overconfident_fail,4004,6,2.0,0.2638,0.8566,0.2856,4.893,Harder,Easier,g1_overload_protection,True,True,False,False
PPO+G,42,overconfident_fail,4004,7,1.0,0.1997,0.8571,0.2586,2.774,Harder,Harder,none,False,False,False,False
PPO+G,42,overconfident_fail,4004,8,2.0,0.2194,0.8511,0.2092,4.925,Harder,Easier,g1_overload_protection,True,True,False,False
PPO+G,42,overconfident_fail,4004,9,1.0,0.1783,0.8759,0.2862,2.605,Harder,Harder,none,False,False,False,False
PPO+G,42,overconfident_fail,4004,10,2.0,0.1678,0.8284,0.2059,4.053,Harder,Easier,g1_overload_protection,True,True,False,False
PPO+G,42,overconfident_fail,5005,1,3.0,0.0132,0.8616,0.2782,7.211,Easier,Easier,g1_overload_protection,True,False,False,False
PPO+G,42,overconfident_fail,5005,2,2.0,0.2025,0.8372,0.2424,5.031,Harder,Easier,g1_overload_protection,True,True,False,False
PPO+G,42,overconfident_fail,5005,3,1.0,0.1705,0.8549,0.2165,3.016,Harder,Harder,none,False,False,False,False
PPO+G,42,overconfident_fail,5005,4,2.0,0.21,0.8553,0.2856,5.139,Harder,Easier,g1_overload_protection,True,True,False,False
PPO+G,42,overconfident_fail,5005,5,1.0,0.2288,0.8709,0.1909,2.884,Harder,Harder,none,False,False,False,False
PPO+G,42,overconfident_fail,5005,6,2.0,0.223,0.8611,0.2717,4.026,Harder,Easier,g1_overload_protection,True,True,False,False
PPO+G,42,overconfident_fail,5005,7,1.0,0.186,0.8599,0.2251,2.367,Harder,Harder,none,False,False,False,False
PPO+G,42,overconfident_fail,5005,8,2.0,0.1769,0.839,0.2474,4.902,Harder,Easier,g1_overload_protection,True,True,False,False
PPO+G,42,overconfident_fail,5005,9,1.0,0.2294,0.8455,0.2349,3.483,Harder,Harder,none,False,False,False,False
PPO+G,42,overconfident_fail,5005,10,2.0,0.1999,0.8668,0.2463,4.653,Harder,Easier,g1_overload_protection,True,True,False,False
PPO+G,42,normal,1001,1,3.0,0.4674,0.2547,0.7208,6.148,Same,Same,g2_anxiety_stabilizer_same,True,False,False,False
PPO+G,42,normal,1001,2,3.0,0.4638,0.2689,0.8358,7.76,Same,Same,g2_anxiety_stabilizer_same,True,False,False,False
PPO+G,42,normal,1001,3,3.0,0.5249,0.3732,0.6101,5.814,Same,Same,g5_partial_same,True,False,False,False
PPO+G,42,normal,1001,4,3.0,0.4678,0.3117,0.7823,6.304,Same,Same,g5_partial_same,True,False,False,False
PPO+G,42,normal,1001,5,3.0,0.5368,0.4622,0.5694,5.796,Same,Same,g5_partial_same,True,False,False,False
PPO+G,42,normal,1001,6,3.0,0.5177,0.2673,0.7068,6.935,Same,Same,g2_anxiety_stabilizer_same,True,False,False,False
PPO+G,42,normal,1001,7,3.0,0.4781,0.4281,0.6475,6.178,Same,Same,g5_partial_same,True,False,False,False
PPO+G,42,normal,1001,8,3.0,0.4951,0.2776,0.695,6.489,Same,Same,g5_partial_same,True,False,False,False
PPO+G,42,normal,1001,9,3.0,0.485,0.1802,0.8446,6.576,Same,Same,g2_anxiety_stabilizer_same,True,False,False,False
PPO+G,42,normal,1001,10,3.0,0.5219,0.3643,0.5837,5.469,Same,Same,g5_partial_same,True,False,False,False
PPO+G,42,normal,2002,1,3.0,0.4608,0.3805,0.7601,7.749,Same,Same,g5_partial_same,True,False,False,False
PPO+G,42,normal,2002,2,3.0,0.4794,0.3504,0.5545,5.728,Same,Same,g5_partial_same,True,False,False,False
PPO+G,42,normal,2002,3,3.0,0.5544,0.3957,0.5207,5.255,Same,Same,g5_partial_same,True,False,False,False
PPO+G,42,normal,2002,4,3.0,0.4441,0.3394,0.6642,7.036,Same,Same,g5_partial_same,True,False,False,False
PPO+G,42,normal,2002,5,3.0,0.4543,0.2857,0.6229,6.372,Same,Same,g5_partial_same,True,False,False,False
PPO+G,42,normal,2002,6,3.0,0.5167,0.4381,0.5934,6.604,Same,Same,g5_partial_same,True,False,False,False
PPO+G,42,normal,2002,7,3.0,0.5142,0.5363,0.3991,5.25,Same,Same,g5_partial_same,True,False,False,False
PPO+G,42,normal,2002,8,3.0,0.5065,0.3785,0.6413,6.464,Same,Same,g5_partial_same,True,False,False,False
PPO+G,42,normal,2002,9,3.0,0.4437,0.2544,0.6489,6.145,Same,Same,g5_partial_same,True,False,False,False
PPO+G,42,normal,2002,10,3.0,0.5081,0.2775,0.9003,7.235,Same,Same,g2_anxiety_stabilizer_same,True,False,False,False
PPO+G,42,normal,3003,1,3.0,0.5381,0.3184,0.8131,7.094,Same,Same,g5_partial_same,True,False,False,False
PPO+G,42,normal,3003,2,3.0,0.4505,0.215,0.6914,6.361,Same,Same,g5_partial_same,True,False,False,False
PPO+G,42,normal,3003,3,3.0,0.4795,0.2727,0.7618,7.301,Same,Same,g2_anxiety_stabilizer_same,True,False,False,False
PPO+G,42,normal,3003,4,3.0,0.5521,0.4049,0.632,5.766,Same,Same,g5_partial_same,True,False,False,False
PPO+G,42,normal,3003,5,3.0,0.5254,0.4082,0.5582,5.288,Same,Same,g5_partial_same,True,False,False,False
PPO+G,42,normal,3003,6,3.0,0.5532,0.4005,0.5686,5.853,Same,Same,g5_partial_same,True,False,False,False
PPO+G,42,normal,3003,7,3.0,0.5171,0.4024,0.7499,6.583,Same,Same,g5_partial_same,True,False,False,False
PPO+G,42,normal,3003,8,3.0,0.4966,0.2669,0.74,6.237,Same,Same,g2_anxiety_stabilizer_same,True,False,False,False
PPO+G,42,normal,3003,9,3.0,0.5178,0.1937,0.7076,6.714,Same,Same,g2_anxiety_stabilizer_same,True,False,False,False
PPO+G,42,normal,3003,10,3.0,0.5287,0.3171,0.5891,6.324,Same,Same,g5_partial_same,True,False,False,False
PPO+G,42,normal,4004,1,3.0,0.5363,0.3673,0.5976,6.086,Same,Same,g5_partial_same,True,False,False,False
PPO+G,42,normal,4004,2,3.0,0.488,0.3503,0.6511,6.111,Same,Same,g5_partial_same,True,False,False,False
PPO+G,42,normal,4004,3,3.0,0.5257,0.4248,0.5508,6.37,Same,Same,g5_partial_same,True,False,False,False
PPO+G,42,normal,4004,4,3.0,0.5062,0.4274,0.5919,5.741,Same,Same,g5_partial_same,True,False,False,False
PPO+G,42,normal,4004,5,3.0,0.5038,0.4036,0.6287,6.113,Same,Same,g5_partial_same,True,False,False,False
PPO+G,42,normal,4004,6,3.0,0.5625,0.3478,0.7214,6.791,Same,Same,g5_partial_same,True,False,False,False
PPO+G,42,normal,4004,7,3.0,0.5416,0.3626,0.6347,5.866,Same,Same,g5_partial_same,True,False,False,False
PPO+G,42,normal,4004,8,3.0,0.5128,0.4897,0.5703,5.994,Same,Same,g5_partial_same,True,False,False,False
PPO+G,42,normal,4004,9,3.0,0.5653,0.3134,0.6734,6.552,Same,Same,g5_partial_same,True,False,False,False
PPO+G,42,normal,4004,10,3.0,0.5003,0.2535,0.8367,8.243,Same,Same,g2_anxiety_stabilizer_same,True,False,False,False
PPO+G,42,normal,5005,1,3.0,0.4326,0.3876,0.647,6.396,Same,Same,g5_partial_same,True,False,False,False
PPO+G,42,normal,5005,2,3.0,0.4962,0.3868,0.6883,5.714,Same,Same,g5_partial_same,True,False,False,False
PPO+G,42,normal,5005,3,3.0,0.5471,0.3942,0.6505,6.313,Same,Same,g5_partial_same,True,False,False,False
PPO+G,42,normal,5005,4,3.0,0.4807,0.3129,0.729,6.195,Same,Same,g5_partial_same,True,False,False,False
PPO+G,42,normal,5005,5,3.0,0.4856,0.4054,0.4767,5.564,Same,Same,g5_partial_same,True,False,False,False
PPO+G,42,normal,5005,6,3.0,0.4665,0.4213,0.614,6.554,Same,Same,g5_partial_same,True,False,False,False
PPO+G,42,normal,5005,7,3.0,0.497,0.382,0.6394,6.594,Same,Same,g5_partial_same,True,False,False,False
PPO+G,42,normal,5005,8,3.0,0.4925,0.4,0.5948,6.53,Same,Same,g5_partial_same,True,False,False,False
PPO+G,42,normal,5005,9,3.0,0.5432,0.4665,0.3759,4.899,Same,Same,g5_partial_same,True,False,False,False
PPO+G,42,normal,5005,10,3.0,0.5606,0.3637,0.4759,5.808,Same,Same,g5_partial_same,True,False,False,False
PPO+G,42,lucky_guesser,1001,1,3.0,0.9319,0.2807,0.8392,5.474,Same,Same,none,False,False,False,False
PPO+G,42,lucky_guesser,1001,2,3.0,0.9363,0.2678,0.7974,4.857,Same,Same,none,False,False,False,False
PPO+G,42,lucky_guesser,1001,3,3.0,0.9559,0.2884,0.8177,6.762,Same,Same,none,False,False,False,False
PPO+G,42,lucky_guesser,1001,4,3.0,0.9714,0.3283,0.7921,6.125,Same,Same,none,False,False,False,False
PPO+G,42,lucky_guesser,1001,5,3.0,0.9425,0.2336,0.8093,5.748,Same,Same,none,False,False,False,False
PPO+G,42,lucky_guesser,1001,6,3.0,0.9246,0.2889,0.7523,5.264,Same,Same,none,False,False,False,False
PPO+G,42,lucky_guesser,1001,7,3.0,0.9513,0.3515,0.8256,5.742,Same,Same,none,False,False,False,False
PPO+G,42,lucky_guesser,1001,8,3.0,0.9438,0.3096,0.7838,6.343,Same,Same,none,False,False,False,False
PPO+G,42,lucky_guesser,1001,9,3.0,0.9489,0.283,0.8093,5.317,Same,Same,none,False,False,False,False
PPO+G,42,lucky_guesser,1001,10,3.0,0.937,0.345,0.835,5.773,Same,Same,none,False,False,False,False
PPO+G,42,lucky_guesser,2002,1,3.0,0.9397,0.309,0.7644,6.952,Same,Same,none,False,False,False,False
PPO+G,42,lucky_guesser,2002,2,3.0,0.9269,0.2441,0.8194,4.605,Same,Same,none,False,False,False,False
PPO+G,42,lucky_guesser,2002,3,3.0,0.9328,0.3216,0.8167,4.015,Same,Same,none,False,False,False,False
PPO+G,42,lucky_guesser,2002,4,3.0,0.9869,0.2758,0.8119,6.146,Same,Same,none,False,False,False,False
PPO+G,42,lucky_guesser,2002,5,3.0,0.9219,0.2831,0.7637,5.66,Same,Same,none,False,False,False,False
PPO+G,42,lucky_guesser,2002,6,3.0,0.9436,0.3292,0.8307,5.545,Same,Same,none,False,False,False,False
PPO+G,42,lucky_guesser,2002,7,3.0,0.9595,0.2865,0.8005,5.072,Same,Same,none,False,False,False,False
PPO+G,42,lucky_guesser,2002,8,3.0,0.9456,0.2968,0.8228,5.481,Same,Same,none,False,False,False,False
PPO+G,42,lucky_guesser,2002,9,3.0,0.9527,0.3033,0.8002,5.177,Same,Same,none,False,False,False,False
PPO+G,42,lucky_guesser,2002,10,3.0,0.9599,0.282,0.8147,4.501,Same,Same,none,False,False,False,False
PPO+G,42,lucky_guesser,3003,1,3.0,0.9253,0.2634,0.7649,6.426,Same,Same,none,False,False,False,False
PPO+G,42,lucky_guesser,3003,2,3.0,0.9734,0.3521,0.8012,5.578,Same,Same,none,False,False,False,False
PPO+G,42,lucky_guesser,3003,3,3.0,0.9437,0.2414,0.8532,6.422,Same,Same,none,False,False,False,False
PPO+G,42,lucky_guesser,3003,4,3.0,0.9576,0.3571,0.7878,5.731,Same,Same,none,False,False,False,False
PPO+G,42,lucky_guesser,3003,5,3.0,0.9589,0.2254,0.763,5.575,Same,Same,none,False,False,False,False
PPO+G,42,lucky_guesser,3003,6,3.0,0.9663,0.2554,0.764,4.432,Same,Same,none,False,False,False,False
PPO+G,42,lucky_guesser,3003,7,3.0,0.9502,0.3121,0.7877,4.44,Same,Same,none,False,False,False,False
PPO+G,42,lucky_guesser,3003,8,3.0,0.9264,0.2749,0.8306,4.49,Same,Same,none,False,False,False,False
PPO+G,42,lucky_guesser,3003,9,3.0,0.9778,0.279,0.8804,4.662,Same,Same,none,False,False,False,False
PPO+G,42,lucky_guesser,3003,10,3.0,0.9587,0.2928,0.7814,5.265,Same,Same,none,False,False,False,False
PPO+G,42,lucky_guesser,4004,1,3.0,0.944,0.3053,0.8005,5.274,Same,Same,none,False,False,False,False
PPO+G,42,lucky_guesser,4004,2,3.0,0.9779,0.3062,0.8305,5.479,Same,Same,none,False,False,False,False
PPO+G,42,lucky_guesser,4004,3,3.0,0.9561,0.2939,0.8625,6.049,Same,Same,none,False,False,False,False
PPO+G,42,lucky_guesser,4004,4,3.0,0.9438,0.299,0.7674,5.97,Same,Same,none,False,False,False,False
PPO+G,42,lucky_guesser,4004,5,3.0,0.9826,0.2564,0.7951,5.16,Same,Same,none,False,False,False,False
PPO+G,42,lucky_guesser,4004,6,3.0,0.9979,0.3099,0.8356,5.117,Same,Same,none,False,False,False,False
PPO+G,42,lucky_guesser,4004,7,3.0,0.9498,0.3107,0.8086,5.409,Same,Same,none,False,False,False,False
PPO+G,42,lucky_guesser,4004,8,3.0,0.9646,0.3017,0.7592,5.515,Same,Same,none,False,False,False,False
PPO+G,42,lucky_guesser,4004,9,3.0,0.9337,0.3389,0.8362,5.135,Same,Same,none,False,False,False,False
PPO+G,42,lucky_guesser,4004,10,3.0,0.9259,0.2675,0.7559,3.996,Same,Same,none,False,False,False,False
PPO+G,42,lucky_guesser,5005,1,3.0,0.9481,0.3174,0.8282,5.607,Same,Same,none,False,False,False,False
PPO+G,42,lucky_guesser,5005,2,3.0,0.9519,0.2807,0.7924,5.417,Same,Same,none,False,False,False,False
PPO+G,42,lucky_guesser,5005,3,3.0,0.9279,0.3074,0.7665,5.977,Same,Same,none,False,False,False,False
PPO+G,42,lucky_guesser,5005,4,3.0,0.9575,0.308,0.8356,5.681,Same,Same,none,False,False,False,False
PPO+G,42,lucky_guesser,5005,5,3.0,0.9716,0.3314,0.7409,5.655,Same,Same,none,False,False,False,False
PPO+G,42,lucky_guesser,5005,6,3.0,0.9673,0.3167,0.8217,4.127,Same,Same,none,False,False,False,False
PPO+G,42,lucky_guesser,5005,7,3.0,0.9395,0.3149,0.7751,4.557,Same,Same,none,False,False,False,False
PPO+G,42,lucky_guesser,5005,8,3.0,0.9327,0.2835,0.7974,5.316,Same,Same,none,False,False,False,False
PPO+G,42,lucky_guesser,5005,9,3.0,0.972,0.2933,0.7849,7.035,Same,Same,none,False,False,False,False
PPO+G,42,lucky_guesser,5005,10,3.0,0.9499,0.3252,0.7963,5.004,Same,Same,none,False,False,False,False
PPO+G,42,nervous_expert,1001,1,3.0,0.8471,0.4392,0.7892,5.352,Same,Same,none,False,False,False,False
PPO+G,42,nervous_expert,1001,2,3.0,0.94,0.6349,0.7474,4.687,Same,Same,none,False,False,False,False
PPO+G,42,nervous_expert,1001,3,3.0,0.94,0.463,0.7677,6.649,Same,Same,none,False,False,False,False
PPO+G,42,nervous_expert,1001,4,3.0,0.8894,0.5165,0.7421,6.019,Same,Same,none,False,False,False,False
PPO+G,42,nervous_expert,1001,5,3.0,0.8889,0.415,0.7593,5.611,Same,Same,none,False,False,False,False
PPO+G,42,nervous_expert,1001,6,3.0,0.8222,0.5461,0.7023,5.119,Same,Same,none,False,False,False,False
PPO+G,42,nervous_expert,1001,7,3.0,0.94,0.6829,0.7756,5.587,Same,Same,none,False,False,False,False
PPO+G,42,nervous_expert,1001,8,3.0,0.8729,0.3806,0.7338,6.242,Same,Same,none,False,False,False,False
PPO+G,42,nervous_expert,1001,9,3.0,0.9308,0.5759,0.7593,5.163,Same,Same,none,False,False,False,False
PPO+G,42,nervous_expert,1001,10,3.0,0.9081,0.6567,0.785,5.628,Same,Same,none,False,False,False,False
PPO+G,42,nervous_expert,2002,1,3.0,0.8509,0.5933,0.7144,6.812,Same,Same,none,False,False,False,False
PPO+G,42,nervous_expert,2002,2,3.0,0.861,0.6129,0.7694,4.439,Same,Same,none,False,False,False,False
PPO+G,42,nervous_expert,2002,3,3.0,0.8823,0.7316,0.7667,3.978,Same,Same,none,False,False,False,False
PPO+G,42,nervous_expert,2002,4,3.0,0.94,0.5878,0.7619,6.018,Same,Same,none,False,False,False,False
PPO+G,42,nervous_expert,2002,5,3.0,0.8728,0.5655,0.7137,5.506,Same,Same,none,False,False,False,False
PPO+G,42,nervous_expert,2002,6,3.0,0.8835,0.5903,0.7807,5.357,Same,Same,none,False,False,False,False
PPO+G,42,nervous_expert,2002,7,3.0,0.9011,0.5185,0.7505,4.906,Same,Same,none,False,False,False,False
PPO+G,42,nervous_expert,2002,8,3.0,0.9029,0.5983,0.7728,5.35,Same,Same,none,False,False,False,False
PPO+G,42,nervous_expert,2002,9,3.0,0.9334,0.4873,0.7502,5.031,Same,Same,none,False,False,False,False
PPO+G,42,nervous_expert,2002,10,3.0,0.94,0.6252,0.7647,4.35,Same,Same,none,False,False,False,False
PPO+G,42,nervous_expert,3003,1,3.0,0.9089,0.4856,0.7149,6.314,Same,Same,none,False,False,False,False
PPO+G,42,nervous_expert,3003,2,3.0,0.926,0.549,0.7512,5.427,Same,Same,none,False,False,False,False
PPO+G,42,nervous_expert,3003,3,3.0,0.9092,0.4128,0.8032,6.307,Same,Same,none,False,False,False,False
PPO+G,42,nervous_expert,3003,4,3.0,0.9127,0.5827,0.7378,5.584,Same,Same,none,False,False,False,False
PPO+G,42,nervous_expert,3003,5,3.0,0.9122,0.3961,0.713,5.456,Same,Same,none,False,False,False,False
PPO+G,42,nervous_expert,3003,6,3.0,0.94,0.593,0.714,4.261,Same,Same,none,False,False,False,False
PPO+G,42,nervous_expert,3003,7,3.0,0.9095,0.5548,0.7377,4.272,Same,Same,none,False,False,False,False
PPO+G,42,nervous_expert,3003,8,3.0,0.82,0.5163,0.7806,4.323,Same,Same,none,False,False,False,False
PPO+G,42,nervous_expert,3003,9,3.0,0.9169,0.6116,0.8304,4.487,Same,Same,none,False,False,False,False
PPO+G,42,nervous_expert,3003,10,3.0,0.8888,0.5284,0.7314,5.135,Same,Same,none,False,False,False,False
PPO+G,42,nervous_expert,4004,1,3.0,0.9321,0.5764,0.7505,5.115,Same,Same,none,False,False,False,False
PPO+G,42,nervous_expert,4004,2,3.0,0.9252,0.6041,0.7805,5.338,Same,Same,none,False,False,False,False
PPO+G,42,nervous_expert,4004,3,3.0,0.9191,0.4919,0.8125,5.913,Same,Same,none,False,False,False,False
PPO+G,42,nervous_expert,4004,4,3.0,0.8677,0.5856,0.7174,5.817,Same,Same,none,False,False,False,False
PPO+G,42,nervous_expert,4004,5,3.0,0.94,0.6499,0.7451,4.993,Same,Same,none,False,False,False,False
PPO+G,42,nervous_expert,4004,6,3.0,0.94,0.5808,0.7856,4.932,Same,Same,none,False,False,False,False
PPO+G,42,nervous_expert,4004,7,3.0,0.9353,0.5954,0.7586,5.225,Same,Same,none,False,False,False,False
PPO+G,42,nervous_expert,4004,8,3.0,0.9069,0.5304,0.7092,5.397,Same,Same,none,False,False,False,False
PPO+G,42,nervous_expert,4004,9,3.0,0.8816,0.6821,0.7862,4.995,Same,Same,none,False,False,False,False
PPO+G,42,nervous_expert,4004,10,3.0,0.914,0.6754,0.7059,3.891,Same,Same,none,False,False,False,False
PPO+G,42,nervous_expert,5005,1,3.0,0.8338,0.6088,0.7782,5.457,Same,Same,none,False,False,False,False
PPO+G,42,nervous_expert,5005,2,3.0,0.8383,0.5764,0.7424,5.256,Same,Same,none,False,False,False,False
PPO+G,42,nervous_expert,5005,3,3.0,0.89,0.4859,0.7165,5.831,Same,Same,none,False,False,False,False
PPO+G,42,nervous_expert,5005,4,3.0,0.94,0.6376,0.7856,5.545,Same,Same,none,False,False,False,False
PPO+G,42,nervous_expert,5005,5,3.0,0.9251,0.6352,0.6909,5.483,Same,Same,none,False,False,False,False
PPO+G,42,nervous_expert,5005,6,3.0,0.9095,0.6946,0.7717,3.959,Same,Same,none,False,False,False,False
PPO+G,42,nervous_expert,5005,7,3.0,0.934,0.6224,0.7251,4.366,Same,Same,none,False,False,False,False
PPO+G,42,nervous_expert,5005,8,3.0,0.8651,0.5905,0.7474,5.166,Same,Same,none,False,False,False,False
PPO+G,42,nervous_expert,5005,9,3.0,0.884,0.3543,0.7349,6.943,Same,Same,none,False,False,False,False
PPO+G,42,nervous_expert,5005,10,3.0,0.8983,0.6126,0.7463,4.854,Same,Same,none,False,False,False,False
PPO raw,123,struggling_junior,1001,1,3.0,0.0,0.0,1.0,9.015,Same,Same,none,False,False,False,False
PPO raw,123,struggling_junior,1001,2,3.0,0.0,0.0,0.9621,9.145,Same,Same,none,False,False,False,False
PPO raw,123,struggling_junior,1001,3,3.0,0.0937,0.0,0.9801,9.61,Same,Same,none,False,False,False,False
PPO raw,123,struggling_junior,1001,4,3.0,0.0,0.0558,0.9465,9.106,Easier,Easier,none,False,False,False,False
PPO raw,123,struggling_junior,1001,5,2.0,0.1749,0.0,0.954,7.088,Easier,Easier,none,False,False,False,False
PPO raw,123,struggling_junior,1001,6,1.0,0.3267,0.3287,0.6338,3.84,Easier,Easier,none,False,False,True,True
PPO raw,123,struggling_junior,1001,7,1.0,0.2865,0.2876,0.5078,4.003,Easier,Easier,none,False,False,True,True
PPO raw,123,struggling_junior,1001,8,1.0,0.2959,0.3301,0.7128,4.584,Easier,Easier,none,False,False,True,True
PPO raw,123,struggling_junior,1001,9,1.0,0.3148,0.278,0.7938,5.301,Easier,Easier,none,False,False,True,True
PPO raw,123,struggling_junior,1001,10,1.0,0.2795,0.3481,0.8566,4.616,Easier,Easier,none,False,False,True,True
PPO raw,123,struggling_junior,2002,1,3.0,0.0,0.009,0.9933,11.225,Same,Same,none,False,False,False,False
PPO raw,123,struggling_junior,2002,2,3.0,0.05,0.032,0.8323,8.765,Easier,Easier,none,False,False,False,False
PPO raw,123,struggling_junior,2002,3,2.0,0.135,0.1958,0.8245,6.312,Easier,Easier,none,False,False,False,False
PPO raw,123,struggling_junior,2002,4,1.0,0.2933,0.3601,0.578,4.239,Easier,Easier,none,False,False,True,True
PPO raw,123,struggling_junior,2002,5,1.0,0.2437,0.2831,0.6299,4.617,Easier,Easier,none,False,False,True,True
PPO raw,123,struggling_junior,2002,6,1.0,0.2757,0.3414,0.7511,4.313,Easier,Easier,none,False,False,True,True
PPO raw,123,struggling_junior,2002,7,1.0,0.3189,0.2865,0.9392,4.215,Easier,Easier,none,False,False,True,True
PPO raw,123,struggling_junior,2002,8,1.0,0.2858,0.2296,0.8804,4.668,Easier,Easier,none,False,False,True,True
PPO raw,123,struggling_junior,2002,9,1.0,0.3251,0.2973,0.6723,4.666,Easier,Easier,none,False,False,True,True
PPO raw,123,struggling_junior,2002,10,1.0,0.2619,0.2299,0.687,4.369,Easier,Easier,none,False,False,True,True
PPO raw,123,struggling_junior,3003,1,3.0,0.0278,0.0,0.9865,9.928,Same,Same,none,False,False,False,False
PPO raw,123,struggling_junior,3003,2,3.0,0.1074,0.0,0.9548,9.528,Same,Same,none,False,False,False,False
PPO raw,123,struggling_junior,3003,3,3.0,0.1178,0.0,0.9615,8.673,Same,Same,none,False,False,False,False
PPO raw,123,struggling_junior,3003,4,3.0,0.0737,0.0,0.9996,9.071,Same,Same,none,False,False,False,False
PPO raw,123,struggling_junior,3003,5,3.0,0.0,0.0325,0.9647,9.369,Easier,Easier,none,False,False,False,False
PPO raw,123,struggling_junior,3003,6,2.0,0.1463,0.0,1.0,7.802,Easier,Easier,none,False,False,False,False
PPO raw,123,struggling_junior,3003,7,1.0,0.2749,0.2707,0.9088,4.159,Easier,Easier,none,False,False,True,True
PPO raw,123,struggling_junior,3003,8,1.0,0.2676,0.2606,0.7114,4.438,Easier,Easier,none,False,False,True,True
PPO raw,123,struggling_junior,3003,9,1.0,0.2928,0.2814,0.5154,4.201,Easier,Easier,none,False,False,True,True
PPO raw,123,struggling_junior,3003,10,1.0,0.2943,0.2777,0.8272,4.511,Easier,Easier,none,False,False,True,True
PPO raw,123,struggling_junior,4004,1,3.0,0.0634,0.0053,1.0,9.681,Same,Same,none,False,False,False,False
PPO raw,123,struggling_junior,4004,2,3.0,0.0422,0.0,0.9976,9.935,Same,Same,none,False,False,False,False
PPO raw,123,struggling_junior,4004,3,3.0,0.0491,0.0214,0.9933,9.359,Same,Same,none,False,False,False,False
PPO raw,123,struggling_junior,4004,4,3.0,0.081,0.0,0.9551,10.007,Same,Same,none,False,False,False,False
PPO raw,123,struggling_junior,4004,5,3.0,0.0607,0.008,1.0,10.688,Same,Same,none,False,False,False,False
PPO raw,123,struggling_junior,4004,6,3.0,0.051,0.0,0.9607,11.211,Same,Same,none,False,False,False,False
PPO raw,123,struggling_junior,4004,7,3.0,0.0227,0.0516,0.9722,9.794,Easier,Easier,none,False,False,False,False
PPO raw,123,struggling_junior,4004,8,2.0,0.1355,0.0173,0.9536,8.31,Easier,Easier,none,False,False,False,False
PPO raw,123,struggling_junior,4004,9,1.0,0.2675,0.3389,0.6579,4.191,Easier,Easier,none,False,False,True,True
PPO raw,123,struggling_junior,4004,10,1.0,0.273,0.3293,0.7589,4.454,Easier,Easier,none,False,False,True,True
PPO raw,123,struggling_junior,5005,1,3.0,0.0,0.0174,0.9971,10.015,Same,Same,none,False,False,False,False
PPO raw,123,struggling_junior,5005,2,3.0,0.0939,0.0,1.0,10.053,Same,Same,none,False,False,False,False
PPO raw,123,struggling_junior,5005,3,3.0,0.0107,0.0074,1.0,10.063,Same,Same,none,False,False,False,False
PPO raw,123,struggling_junior,5005,4,3.0,0.0114,0.0271,1.0,10.366,Same,Same,none,False,False,False,False
PPO raw,123,struggling_junior,5005,5,3.0,0.0,0.0,1.0,10.313,Easier,Easier,none,False,False,False,False
PPO raw,123,struggling_junior,5005,6,2.0,0.2756,0.1604,0.854,6.923,Easier,Easier,none,False,False,False,False
PPO raw,123,struggling_junior,5005,7,1.0,0.3295,0.3114,0.688,4.114,Easier,Easier,none,False,False,True,True
PPO raw,123,struggling_junior,5005,8,1.0,0.2878,0.2842,0.8113,4.912,Easier,Easier,none,False,False,True,True
PPO raw,123,struggling_junior,5005,9,1.0,0.2717,0.2998,0.7296,4.667,Easier,Easier,none,False,False,True,True
PPO raw,123,struggling_junior,5005,10,1.0,0.3079,0.3541,0.5852,4.11,Easier,Easier,none,False,False,True,True
PPO raw,123,overconfident_fail,1001,1,3.0,0.0264,0.8372,0.2892,6.491,Easier,Easier,none,False,False,False,False
PPO raw,123,overconfident_fail,1001,2,2.0,0.1817,0.8285,0.2474,4.623,Easier,Easier,none,False,False,False,False
PPO raw,123,overconfident_fail,1001,3,1.0,0.2079,0.8422,0.2677,3.369,Easier,Easier,none,False,False,True,True
PPO raw,123,overconfident_fail,1001,4,1.0,0.2286,0.8689,0.2421,3.054,Easier,Easier,none,False,False,True,True
PPO raw,123,overconfident_fail,1001,5,1.0,0.19,0.8058,0.2593,2.899,Easier,Easier,none,False,False,True,True
PPO raw,123,overconfident_fail,1001,6,1.0,0.1661,0.8426,0.2023,2.671,Easier,Easier,none,False,False,True,True
PPO raw,123,overconfident_fail,1001,7,1.0,0.2017,0.8843,0.2756,2.911,Easier,Easier,none,False,False,True,True
PPO raw,123,overconfident_fail,1001,8,1.0,0.1917,0.8564,0.2338,3.156,Easier,Easier,none,False,False,True,True
PPO raw,123,overconfident_fail,1001,9,1.0,0.1986,0.8387,0.2593,2.704,Easier,Easier,none,False,False,True,True
PPO raw,123,overconfident_fail,1001,10,1.0,0.1826,0.88,0.285,2.918,Easier,Easier,none,False,False,True,True
PPO raw,123,overconfident_fail,2002,1,3.0,0.0303,0.856,0.2144,8.082,Easier,Easier,none,False,False,False,False
PPO raw,123,overconfident_fail,2002,2,2.0,0.1692,0.8127,0.2694,4.399,Easier,Easier,none,False,False,False,False
PPO raw,123,overconfident_fail,2002,3,1.0,0.1771,0.8644,0.1986,2.119,Easier,Easier,none,False,False,True,True
PPO raw,123,overconfident_fail,2002,4,1.0,0.2492,0.8338,0.2619,3.084,Easier,Easier,none,False,False,True,True
PPO raw,123,overconfident_fail,2002,5,1.0,0.1625,0.8388,0.2137,2.87,Easier,Easier,none,False,False,True,True
PPO raw,123,overconfident_fail,2002,6,1.0,0.1914,0.8695,0.2807,2.843,Easier,Easier,none,False,False,True,True
PPO raw,123,overconfident_fail,2002,7,1.0,0.2126,0.841,0.2505,2.596,Easier,Easier,none,False,False,True,True
PPO raw,123,overconfident_fail,2002,8,1.0,0.1941,0.8478,0.2728,2.764,Easier,Easier,none,False,False,True,True
PPO raw,123,overconfident_fail,2002,9,1.0,0.2036,0.8522,0.2502,2.63,Easier,Easier,none,False,False,True,True
PPO raw,123,overconfident_fail,2002,10,1.0,0.2131,0.838,0.2647,2.307,Easier,Easier,none,False,False,True,True
PPO raw,123,overconfident_fail,3003,1,3.0,0.0883,0.8256,0.2149,7.149,Easier,Easier,none,False,False,False,False
PPO raw,123,overconfident_fail,3003,2,2.0,0.2312,0.8847,0.2512,5.119,Easier,Easier,none,False,False,False,False
PPO raw,123,overconfident_fail,3003,3,1.0,0.1916,0.8109,0.3032,3.207,Easier,Easier,none,False,False,True,True
PPO raw,123,overconfident_fail,3003,4,1.0,0.2101,0.8881,0.2378,2.9,Easier,Easier,none,False,False,True,True
PPO raw,123,overconfident_fail,3003,5,1.0,0.2118,0.8003,0.213,2.799,Easier,Easier,none,False,False,True,True
PPO raw,123,overconfident_fail,3003,6,1.0,0.2217,0.8202,0.214,2.29,Easier,Easier,none,False,False,True,True
PPO raw,123,overconfident_fail,3003,7,1.0,0.2003,0.8581,0.2377,2.292,Easier,Easier,none,False,False,True,True
PPO raw,123,overconfident_fail,3003,8,1.0,0.1685,0.8333,0.2806,2.315,Easier,Easier,none,False,False,True,True
PPO raw,123,overconfident_fail,3003,9,1.0,0.2371,0.836,0.3304,2.406,Easier,Easier,none,False,False,True,True
PPO raw,123,overconfident_fail,3003,10,1.0,0.2116,0.8452,0.2314,2.659,Easier,Easier,none,False,False,True,True
PPO raw,123,overconfident_fail,4004,1,3.0,0.1115,0.8535,0.2505,6.97,Easier,Easier,none,False,False,False,False
PPO raw,123,overconfident_fail,4004,2,2.0,0.2372,0.8541,0.2805,4.998,Easier,Easier,none,False,False,False,False
PPO raw,123,overconfident_fail,4004,3,1.0,0.2081,0.8459,0.3125,3.044,Easier,Easier,none,False,False,True,True
PPO raw,123,overconfident_fail,4004,4,1.0,0.1917,0.8493,0.2174,3.02,Easier,Easier,none,False,False,True,True
PPO raw,123,overconfident_fail,4004,5,1.0,0.2435,0.8209,0.2451,2.639,Easier,Easier,none,False,False,True,True
PPO raw,123,overconfident_fail,4004,6,1.0,0.2638,0.8566,0.2856,2.634,Harder,Harder,none,False,False,False,False
PPO raw,123,overconfident_fail,4004,7,2.0,0.1997,0.8571,0.2586,5.122,Easier,Easier,none,False,False,False,False
PPO raw,123,overconfident_fail,4004,8,1.0,0.2194,0.8511,0.2092,2.77,Easier,Easier,none,False,False,True,True
PPO raw,123,overconfident_fail,4004,9,1.0,0.1783,0.8759,0.2862,2.605,Easier,Easier,none,False,False,True,True
PPO raw,123,overconfident_fail,4004,10,1.0,0.1678,0.8284,0.1518,2.103,Easier,Easier,none,False,False,True,True
PPO raw,123,overconfident_fail,5005,1,3.0,0.0132,0.8616,0.2782,7.211,Easier,Easier,none,False,False,False,False
PPO raw,123,overconfident_fail,5005,2,2.0,0.2025,0.8372,0.2424,5.031,Easier,Easier,none,False,False,False,False
PPO raw,123,overconfident_fail,5005,3,1.0,0.1705,0.8549,0.2165,3.016,Easier,Easier,none,False,False,True,True
PPO raw,123,overconfident_fail,5005,4,1.0,0.21,0.8553,0.2856,2.866,Easier,Easier,none,False,False,True,True
PPO raw,123,overconfident_fail,5005,5,1.0,0.2288,0.8709,0.1909,2.884,Easier,Easier,none,False,False,True,True
PPO raw,123,overconfident_fail,5005,6,1.0,0.223,0.8611,0.2717,2.14,Easier,Easier,none,False,False,True,True
PPO raw,123,overconfident_fail,5005,7,1.0,0.186,0.8599,0.2251,2.367,Easier,Easier,none,False,False,True,True
PPO raw,123,overconfident_fail,5005,8,1.0,0.1769,0.839,0.2474,2.701,Easier,Easier,none,False,False,True,True
PPO raw,123,overconfident_fail,5005,9,1.0,0.2294,0.8455,0.2349,3.483,Easier,Easier,none,False,False,True,True
PPO raw,123,overconfident_fail,5005,10,1.0,0.1999,0.8668,0.2463,2.55,Easier,Easier,none,False,False,True,True
PPO raw,123,normal,1001,1,3.0,0.4674,0.2547,0.7208,6.148,Same,Same,none,False,False,False,False
PPO raw,123,normal,1001,2,3.0,0.4638,0.2689,0.8358,7.76,Same,Same,none,False,False,False,False
PPO raw,123,normal,1001,3,3.0,0.5249,0.3732,0.6101,5.814,Same,Same,none,False,False,False,False
PPO raw,123,normal,1001,4,3.0,0.4678,0.3117,0.7823,6.304,Same,Same,none,False,False,False,False
PPO raw,123,normal,1001,5,3.0,0.5368,0.4622,0.5694,5.796,Same,Same,none,False,False,False,False
PPO raw,123,normal,1001,6,3.0,0.5177,0.2673,0.7068,6.935,Same,Same,none,False,False,False,False
PPO raw,123,normal,1001,7,3.0,0.4781,0.4281,0.6475,6.178,Same,Same,none,False,False,False,False
PPO raw,123,normal,1001,8,3.0,0.4951,0.2776,0.695,6.489,Same,Same,none,False,False,False,False
PPO raw,123,normal,1001,9,3.0,0.485,0.1802,0.8446,6.576,Same,Same,none,False,False,False,False
PPO raw,123,normal,1001,10,3.0,0.5219,0.3643,0.5837,5.469,Same,Same,none,False,False,False,False
PPO raw,123,normal,2002,1,3.0,0.4608,0.3805,0.7601,7.749,Same,Same,none,False,False,False,False
PPO raw,123,normal,2002,2,3.0,0.4794,0.3504,0.5545,5.728,Same,Same,none,False,False,False,False
PPO raw,123,normal,2002,3,3.0,0.5544,0.3957,0.5207,5.255,Same,Same,none,False,False,False,False
PPO raw,123,normal,2002,4,3.0,0.4441,0.3394,0.6642,7.036,Same,Same,none,False,False,False,False
PPO raw,123,normal,2002,5,3.0,0.4543,0.2857,0.6229,6.372,Same,Same,none,False,False,False,False
PPO raw,123,normal,2002,6,3.0,0.5167,0.4381,0.5934,6.604,Same,Same,none,False,False,False,False
PPO raw,123,normal,2002,7,3.0,0.5142,0.5363,0.3991,5.25,Same,Same,none,False,False,False,False
PPO raw,123,normal,2002,8,3.0,0.5065,0.3785,0.6413,6.464,Same,Same,none,False,False,False,False
PPO raw,123,normal,2002,9,3.0,0.4437,0.2544,0.6489,6.145,Same,Same,none,False,False,False,False
PPO raw,123,normal,2002,10,3.0,0.5081,0.2775,0.9003,7.235,Same,Same,none,False,False,False,False
PPO raw,123,normal,3003,1,3.0,0.5381,0.3184,0.8131,7.094,Same,Same,none,False,False,False,False
PPO raw,123,normal,3003,2,3.0,0.4505,0.215,0.6914,6.361,Same,Same,none,False,False,False,False
PPO raw,123,normal,3003,3,3.0,0.4795,0.2727,0.7618,7.301,Same,Same,none,False,False,False,False
PPO raw,123,normal,3003,4,3.0,0.5521,0.4049,0.632,5.766,Same,Same,none,False,False,False,False
PPO raw,123,normal,3003,5,3.0,0.5254,0.4082,0.5582,5.288,Same,Same,none,False,False,False,False
PPO raw,123,normal,3003,6,3.0,0.5532,0.4005,0.5686,5.853,Same,Same,none,False,False,False,False
PPO raw,123,normal,3003,7,3.0,0.5171,0.4024,0.7499,6.583,Same,Same,none,False,False,False,False
PPO raw,123,normal,3003,8,3.0,0.4966,0.2669,0.74,6.237,Same,Same,none,False,False,False,False
PPO raw,123,normal,3003,9,3.0,0.5178,0.1937,0.7076,6.714,Same,Same,none,False,False,False,False
PPO raw,123,normal,3003,10,3.0,0.5287,0.3171,0.5891,6.324,Same,Same,none,False,False,False,False
PPO raw,123,normal,4004,1,3.0,0.5363,0.3673,0.5976,6.086,Same,Same,none,False,False,False,False
PPO raw,123,normal,4004,2,3.0,0.488,0.3503,0.6511,6.111,Same,Same,none,False,False,False,False
PPO raw,123,normal,4004,3,3.0,0.5257,0.4248,0.5508,6.37,Same,Same,none,False,False,False,False
PPO raw,123,normal,4004,4,3.0,0.5062,0.4274,0.5919,5.741,Same,Same,none,False,False,False,False
PPO raw,123,normal,4004,5,3.0,0.5038,0.4036,0.6287,6.113,Same,Same,none,False,False,False,False
PPO raw,123,normal,4004,6,3.0,0.5625,0.3478,0.7214,6.791,Same,Same,none,False,False,False,False
PPO raw,123,normal,4004,7,3.0,0.5416,0.3626,0.6347,5.866,Same,Same,none,False,False,False,False
PPO raw,123,normal,4004,8,3.0,0.5128,0.4897,0.5703,5.994,Same,Same,none,False,False,False,False
PPO raw,123,normal,4004,9,3.0,0.5653,0.3134,0.6734,6.552,Same,Same,none,False,False,False,False
PPO raw,123,normal,4004,10,3.0,0.5003,0.2535,0.8367,8.243,Same,Same,none,False,False,False,False
PPO raw,123,normal,5005,1,3.0,0.4326,0.3876,0.647,6.396,Same,Same,none,False,False,False,False
PPO raw,123,normal,5005,2,3.0,0.4962,0.3868,0.6883,5.714,Same,Same,none,False,False,False,False
PPO raw,123,normal,5005,3,3.0,0.5471,0.3942,0.6505,6.313,Same,Same,none,False,False,False,False
PPO raw,123,normal,5005,4,3.0,0.4807,0.3129,0.729,6.195,Same,Same,none,False,False,False,False
PPO raw,123,normal,5005,5,3.0,0.4856,0.4054,0.4767,5.564,Same,Same,none,False,False,False,False
PPO raw,123,normal,5005,6,3.0,0.4665,0.4213,0.614,6.554,Same,Same,none,False,False,False,False
PPO raw,123,normal,5005,7,3.0,0.497,0.382,0.6394,6.594,Same,Same,none,False,False,False,False
PPO raw,123,normal,5005,8,3.0,0.4925,0.4,0.5948,6.53,Same,Same,none,False,False,False,False
PPO raw,123,normal,5005,9,3.0,0.5432,0.4665,0.3759,4.899,Same,Same,none,False,False,False,False
PPO raw,123,normal,5005,10,3.0,0.5606,0.3637,0.4759,5.808,Same,Same,none,False,False,False,False
PPO raw,123,lucky_guesser,1001,1,3.0,0.9319,0.2807,0.8392,5.474,Same,Same,none,False,False,False,False
PPO raw,123,lucky_guesser,1001,2,3.0,0.9363,0.2678,0.7974,4.857,Same,Same,none,False,False,False,False
PPO raw,123,lucky_guesser,1001,3,3.0,0.9559,0.2884,0.8177,6.762,Same,Same,none,False,False,False,False
PPO raw,123,lucky_guesser,1001,4,3.0,0.9714,0.3283,0.7921,6.125,Same,Same,none,False,False,False,False
PPO raw,123,lucky_guesser,1001,5,3.0,0.9425,0.2336,0.8093,5.748,Same,Same,none,False,False,False,False
PPO raw,123,lucky_guesser,1001,6,3.0,0.9246,0.2889,0.7523,5.264,Same,Same,none,False,False,False,False
PPO raw,123,lucky_guesser,1001,7,3.0,0.9513,0.3515,0.8256,5.742,Same,Same,none,False,False,False,False
PPO raw,123,lucky_guesser,1001,8,3.0,0.9438,0.3096,0.7838,6.343,Same,Same,none,False,False,False,False
PPO raw,123,lucky_guesser,1001,9,3.0,0.9489,0.283,0.8093,5.317,Same,Same,none,False,False,False,False
PPO raw,123,lucky_guesser,1001,10,3.0,0.937,0.345,0.835,5.773,Same,Same,none,False,False,False,False
PPO raw,123,lucky_guesser,2002,1,3.0,0.9397,0.309,0.7644,6.952,Same,Same,none,False,False,False,False
PPO raw,123,lucky_guesser,2002,2,3.0,0.9269,0.2441,0.8194,4.605,Same,Same,none,False,False,False,False
PPO raw,123,lucky_guesser,2002,3,3.0,0.9328,0.3216,0.8167,4.015,Same,Same,none,False,False,False,False
PPO raw,123,lucky_guesser,2002,4,3.0,0.9869,0.2758,0.8119,6.146,Same,Same,none,False,False,False,False
PPO raw,123,lucky_guesser,2002,5,3.0,0.9219,0.2831,0.7637,5.66,Same,Same,none,False,False,False,False
PPO raw,123,lucky_guesser,2002,6,3.0,0.9436,0.3292,0.8307,5.545,Same,Same,none,False,False,False,False
PPO raw,123,lucky_guesser,2002,7,3.0,0.9595,0.2865,0.8005,5.072,Same,Same,none,False,False,False,False
PPO raw,123,lucky_guesser,2002,8,3.0,0.9456,0.2968,0.8228,5.481,Same,Same,none,False,False,False,False
PPO raw,123,lucky_guesser,2002,9,3.0,0.9527,0.3033,0.8002,5.177,Same,Same,none,False,False,False,False
PPO raw,123,lucky_guesser,2002,10,3.0,0.9599,0.282,0.8147,4.501,Same,Same,none,False,False,False,False
PPO raw,123,lucky_guesser,3003,1,3.0,0.9253,0.2634,0.7649,6.426,Same,Same,none,False,False,False,False
PPO raw,123,lucky_guesser,3003,2,3.0,0.9734,0.3521,0.8012,5.578,Same,Same,none,False,False,False,False
PPO raw,123,lucky_guesser,3003,3,3.0,0.9437,0.2414,0.8532,6.422,Same,Same,none,False,False,False,False
PPO raw,123,lucky_guesser,3003,4,3.0,0.9576,0.3571,0.7878,5.731,Same,Same,none,False,False,False,False
PPO raw,123,lucky_guesser,3003,5,3.0,0.9589,0.2254,0.763,5.575,Same,Same,none,False,False,False,False
PPO raw,123,lucky_guesser,3003,6,3.0,0.9663,0.2554,0.764,4.432,Same,Same,none,False,False,False,False
PPO raw,123,lucky_guesser,3003,7,3.0,0.9502,0.3121,0.7877,4.44,Same,Same,none,False,False,False,False
PPO raw,123,lucky_guesser,3003,8,3.0,0.9264,0.2749,0.8306,4.49,Same,Same,none,False,False,False,False
PPO raw,123,lucky_guesser,3003,9,3.0,0.9778,0.279,0.8804,4.662,Same,Same,none,False,False,False,False
PPO raw,123,lucky_guesser,3003,10,3.0,0.9587,0.2928,0.7814,5.265,Same,Same,none,False,False,False,False
PPO raw,123,lucky_guesser,4004,1,3.0,0.944,0.3053,0.8005,5.274,Same,Same,none,False,False,False,False
PPO raw,123,lucky_guesser,4004,2,3.0,0.9779,0.3062,0.8305,5.479,Same,Same,none,False,False,False,False
PPO raw,123,lucky_guesser,4004,3,3.0,0.9561,0.2939,0.8625,6.049,Same,Same,none,False,False,False,False
PPO raw,123,lucky_guesser,4004,4,3.0,0.9438,0.299,0.7674,5.97,Same,Same,none,False,False,False,False
PPO raw,123,lucky_guesser,4004,5,3.0,0.9826,0.2564,0.7951,5.16,Same,Same,none,False,False,False,False
PPO raw,123,lucky_guesser,4004,6,3.0,0.9979,0.3099,0.8356,5.117,Same,Same,none,False,False,False,False
PPO raw,123,lucky_guesser,4004,7,3.0,0.9498,0.3107,0.8086,5.409,Same,Same,none,False,False,False,False
PPO raw,123,lucky_guesser,4004,8,3.0,0.9646,0.3017,0.7592,5.515,Same,Same,none,False,False,False,False
PPO raw,123,lucky_guesser,4004,9,3.0,0.9337,0.3389,0.8362,5.135,Same,Same,none,False,False,False,False
PPO raw,123,lucky_guesser,4004,10,3.0,0.9259,0.2675,0.7559,3.996,Same,Same,none,False,False,False,False
PPO raw,123,lucky_guesser,5005,1,3.0,0.9481,0.3174,0.8282,5.607,Same,Same,none,False,False,False,False
PPO raw,123,lucky_guesser,5005,2,3.0,0.9519,0.2807,0.7924,5.417,Same,Same,none,False,False,False,False
PPO raw,123,lucky_guesser,5005,3,3.0,0.9279,0.3074,0.7665,5.977,Same,Same,none,False,False,False,False
PPO raw,123,lucky_guesser,5005,4,3.0,0.9575,0.308,0.8356,5.681,Same,Same,none,False,False,False,False
PPO raw,123,lucky_guesser,5005,5,3.0,0.9716,0.3314,0.7409,5.655,Same,Same,none,False,False,False,False
PPO raw,123,lucky_guesser,5005,6,3.0,0.9673,0.3167,0.8217,4.127,Same,Same,none,False,False,False,False
PPO raw,123,lucky_guesser,5005,7,3.0,0.9395,0.3149,0.7751,4.557,Same,Same,none,False,False,False,False
PPO raw,123,lucky_guesser,5005,8,3.0,0.9327,0.2835,0.7974,5.316,Same,Same,none,False,False,False,False
PPO raw,123,lucky_guesser,5005,9,3.0,0.972,0.2933,0.7849,7.035,Same,Same,none,False,False,False,False
PPO raw,123,lucky_guesser,5005,10,3.0,0.9499,0.3252,0.7963,5.004,Same,Same,none,False,False,False,False
PPO raw,123,nervous_expert,1001,1,3.0,0.8471,0.4392,0.7892,5.352,Same,Same,none,False,False,False,False
PPO raw,123,nervous_expert,1001,2,3.0,0.94,0.6349,0.7474,4.687,Same,Same,none,False,False,False,False
PPO raw,123,nervous_expert,1001,3,3.0,0.94,0.463,0.7677,6.649,Same,Same,none,False,False,False,False
PPO raw,123,nervous_expert,1001,4,3.0,0.8894,0.5165,0.7421,6.019,Same,Same,none,False,False,False,False
PPO raw,123,nervous_expert,1001,5,3.0,0.8889,0.415,0.7593,5.611,Same,Same,none,False,False,False,False
PPO raw,123,nervous_expert,1001,6,3.0,0.8222,0.5461,0.7023,5.119,Same,Same,none,False,False,False,False
PPO raw,123,nervous_expert,1001,7,3.0,0.94,0.6829,0.7756,5.587,Same,Same,none,False,False,False,False
PPO raw,123,nervous_expert,1001,8,3.0,0.8729,0.3806,0.7338,6.242,Same,Same,none,False,False,False,False
PPO raw,123,nervous_expert,1001,9,3.0,0.9308,0.5759,0.7593,5.163,Same,Same,none,False,False,False,False
PPO raw,123,nervous_expert,1001,10,3.0,0.9081,0.6567,0.785,5.628,Same,Same,none,False,False,False,False
PPO raw,123,nervous_expert,2002,1,3.0,0.8509,0.5933,0.7144,6.812,Same,Same,none,False,False,False,False
PPO raw,123,nervous_expert,2002,2,3.0,0.861,0.6129,0.7694,4.439,Same,Same,none,False,False,False,False
PPO raw,123,nervous_expert,2002,3,3.0,0.8823,0.7316,0.7667,3.978,Same,Same,none,False,False,False,False
PPO raw,123,nervous_expert,2002,4,3.0,0.94,0.5878,0.7619,6.018,Same,Same,none,False,False,False,False
PPO raw,123,nervous_expert,2002,5,3.0,0.8728,0.5655,0.7137,5.506,Same,Same,none,False,False,False,False
PPO raw,123,nervous_expert,2002,6,3.0,0.8835,0.5903,0.7807,5.357,Same,Same,none,False,False,False,False
PPO raw,123,nervous_expert,2002,7,3.0,0.9011,0.5185,0.7505,4.906,Same,Same,none,False,False,False,False
PPO raw,123,nervous_expert,2002,8,3.0,0.9029,0.5983,0.7728,5.35,Same,Same,none,False,False,False,False
PPO raw,123,nervous_expert,2002,9,3.0,0.9334,0.4873,0.7502,5.031,Same,Same,none,False,False,False,False
PPO raw,123,nervous_expert,2002,10,3.0,0.94,0.6252,0.7647,4.35,Same,Same,none,False,False,False,False
PPO raw,123,nervous_expert,3003,1,3.0,0.9089,0.4856,0.7149,6.314,Same,Same,none,False,False,False,False
PPO raw,123,nervous_expert,3003,2,3.0,0.926,0.549,0.7512,5.427,Same,Same,none,False,False,False,False
PPO raw,123,nervous_expert,3003,3,3.0,0.9092,0.4128,0.8032,6.307,Same,Same,none,False,False,False,False
PPO raw,123,nervous_expert,3003,4,3.0,0.9127,0.5827,0.7378,5.584,Same,Same,none,False,False,False,False
PPO raw,123,nervous_expert,3003,5,3.0,0.9122,0.3961,0.713,5.456,Same,Same,none,False,False,False,False
PPO raw,123,nervous_expert,3003,6,3.0,0.94,0.593,0.714,4.261,Same,Same,none,False,False,False,False
PPO raw,123,nervous_expert,3003,7,3.0,0.9095,0.5548,0.7377,4.272,Same,Same,none,False,False,False,False
PPO raw,123,nervous_expert,3003,8,3.0,0.82,0.5163,0.7806,4.323,Same,Same,none,False,False,False,False
PPO raw,123,nervous_expert,3003,9,3.0,0.9169,0.6116,0.8304,4.487,Same,Same,none,False,False,False,False
PPO raw,123,nervous_expert,3003,10,3.0,0.8888,0.5284,0.7314,5.135,Same,Same,none,False,False,False,False
PPO raw,123,nervous_expert,4004,1,3.0,0.9321,0.5764,0.7505,5.115,Same,Same,none,False,False,False,False
PPO raw,123,nervous_expert,4004,2,3.0,0.9252,0.6041,0.7805,5.338,Same,Same,none,False,False,False,False
PPO raw,123,nervous_expert,4004,3,3.0,0.9191,0.4919,0.8125,5.913,Same,Same,none,False,False,False,False
PPO raw,123,nervous_expert,4004,4,3.0,0.8677,0.5856,0.7174,5.817,Same,Same,none,False,False,False,False
PPO raw,123,nervous_expert,4004,5,3.0,0.94,0.6499,0.7451,4.993,Same,Same,none,False,False,False,False
PPO raw,123,nervous_expert,4004,6,3.0,0.94,0.5808,0.7856,4.932,Same,Same,none,False,False,False,False
PPO raw,123,nervous_expert,4004,7,3.0,0.9353,0.5954,0.7586,5.225,Same,Same,none,False,False,False,False
PPO raw,123,nervous_expert,4004,8,3.0,0.9069,0.5304,0.7092,5.397,Same,Same,none,False,False,False,False
PPO raw,123,nervous_expert,4004,9,3.0,0.8816,0.6821,0.7862,4.995,Same,Same,none,False,False,False,False
PPO raw,123,nervous_expert,4004,10,3.0,0.914,0.6754,0.7059,3.891,Same,Same,none,False,False,False,False
PPO raw,123,nervous_expert,5005,1,3.0,0.8338,0.6088,0.7782,5.457,Same,Same,none,False,False,False,False
PPO raw,123,nervous_expert,5005,2,3.0,0.8383,0.5764,0.7424,5.256,Same,Same,none,False,False,False,False
PPO raw,123,nervous_expert,5005,3,3.0,0.89,0.4859,0.7165,5.831,Same,Same,none,False,False,False,False
PPO raw,123,nervous_expert,5005,4,3.0,0.94,0.6376,0.7856,5.545,Same,Same,none,False,False,False,False
PPO raw,123,nervous_expert,5005,5,3.0,0.9251,0.6352,0.6909,5.483,Same,Same,none,False,False,False,False
PPO raw,123,nervous_expert,5005,6,3.0,0.9095,0.6946,0.7717,3.959,Same,Same,none,False,False,False,False
PPO raw,123,nervous_expert,5005,7,3.0,0.934,0.6224,0.7251,4.366,Same,Same,none,False,False,False,False
PPO raw,123,nervous_expert,5005,8,3.0,0.8651,0.5905,0.7474,5.166,Same,Same,none,False,False,False,False
PPO raw,123,nervous_expert,5005,9,3.0,0.884,0.3543,0.7349,6.943,Same,Same,none,False,False,False,False
PPO raw,123,nervous_expert,5005,10,3.0,0.8983,0.6126,0.7463,4.854,Same,Same,none,False,False,False,False
PPO+G,123,struggling_junior,1001,1,3.0,0.0,0.0,1.0,9.015,Same,Easier,g4_stuck_easier,True,True,False,False
PPO+G,123,struggling_junior,1001,2,2.0,0.102,0.0217,0.9376,7.082,Easier,Easier,g4_stuck_easier,True,False,False,False
PPO+G,123,struggling_junior,1001,3,1.0,0.3177,0.257,0.7712,4.14,Easier,Same,g2_anxiety_stabilizer_same,True,True,False,True
PPO+G,123,struggling_junior,1001,4,1.0,0.252,0.3558,0.6175,4.225,Easier,Easier,g4_stuck_easier,True,False,True,True
PPO+G,123,struggling_junior,1001,5,1.0,0.3219,0.1769,0.7986,4.697,Easier,Same,g2_anxiety_stabilizer_same,True,True,False,True
PPO+G,123,struggling_junior,1001,6,1.0,0.3267,0.3287,0.6338,3.84,Easier,Easier,none,False,False,True,True
PPO+G,123,struggling_junior,1001,7,1.0,0.2865,0.2876,0.5078,4.003,Easier,Easier,none,False,False,True,True
PPO+G,123,struggling_junior,1001,8,1.0,0.2959,0.3301,0.7128,4.584,Easier,Easier,g4_stuck_easier,True,False,True,True
PPO+G,123,struggling_junior,1001,9,1.0,0.3148,0.278,0.7938,5.301,Easier,Same,g2_anxiety_stabilizer_same,True,True,False,True
PPO+G,123,struggling_junior,1001,10,1.0,0.2795,0.3481,0.8566,4.616,Easier,Easier,g4_stuck_easier,True,False,True,True
PPO+G,123,struggling_junior,2002,1,3.0,0.0,0.009,0.9933,11.225,Same,Easier,g4_stuck_easier,True,True,False,False
PPO+G,123,struggling_junior,2002,2,2.0,0.1788,0.032,0.8323,6.887,Easier,Easier,g4_stuck_easier,True,False,False,False
PPO+G,123,struggling_junior,2002,3,1.0,0.2657,0.3216,0.8245,3.542,Easier,Easier,g4_stuck_easier,True,False,True,True
PPO+G,123,struggling_junior,2002,4,1.0,0.2933,0.3601,0.578,4.239,Easier,Easier,none,False,False,True,True
PPO+G,123,struggling_junior,2002,5,1.0,0.2437,0.2831,0.6299,4.617,Easier,Easier,g4_stuck_easier,True,False,True,True
PPO+G,123,struggling_junior,2002,6,1.0,0.2757,0.3414,0.7511,4.313,Easier,Easier,g4_stuck_easier,True,False,True,True
PPO+G,123,struggling_junior,2002,7,1.0,0.3189,0.2865,0.9392,4.215,Easier,Same,g2_anxiety_stabilizer_same,True,True,False,True
PPO+G,123,struggling_junior,2002,8,1.0,0.2858,0.2296,0.8804,4.668,Easier,Easier,g4_stuck_easier,True,False,True,True
PPO+G,123,struggling_junior,2002,9,1.0,0.3251,0.2973,0.6723,4.666,Easier,Easier,none,False,False,True,True
PPO+G,123,struggling_junior,2002,10,1.0,0.2619,0.2299,0.687,4.369,Easier,Easier,g4_stuck_easier,True,False,True,True
PPO+G,123,struggling_junior,3003,1,3.0,0.0278,0.0,0.9865,9.928,Same,Easier,g4_stuck_easier,True,True,False,False
PPO+G,123,struggling_junior,3003,2,2.0,0.2362,0.0367,0.8923,7.208,Easier,Easier,g4_stuck_easier,True,False,False,False
PPO+G,123,struggling_junior,3003,3,1.0,0.3532,0.2988,0.5533,3.777,Easier,Easier,none,False,False,True,True
PPO+G,123,struggling_junior,3003,4,1.0,0.2956,0.2251,0.6305,4.07,Easier,Easier,g4_stuck_easier,True,False,True,True
PPO+G,123,struggling_junior,3003,5,1.0,0.2648,0.3325,0.689,4.51,Easier,Easier,g4_stuck_easier,True,False,True,True
PPO+G,123,struggling_junior,3003,6,1.0,0.2983,0.2338,0.8094,5.032,Easier,Easier,g4_stuck_easier,True,False,True,True
PPO+G,123,struggling_junior,3003,7,1.0,0.2749,0.2707,0.9088,4.159,Easier,Easier,g4_stuck_easier,True,False,True,True
PPO+G,123,struggling_junior,3003,8,1.0,0.2676,0.2606,0.7114,4.438,Easier,Easier,g4_stuck_easier,True,False,True,True
PPO+G,123,struggling_junior,3003,9,1.0,0.2928,0.2814,0.5154,4.201,Easier,Easier,none,False,False,True,True
PPO+G,123,struggling_junior,3003,10,1.0,0.2943,0.2777,0.8272,4.511,Easier,Easier,g4_stuck_easier,True,False,True,True
PPO+G,123,struggling_junior,4004,1,3.0,0.0634,0.0053,1.0,9.681,Same,Easier,g4_stuck_easier,True,True,False,False
PPO+G,123,struggling_junior,4004,2,2.0,0.171,0.0607,0.9976,7.806,Easier,Easier,g4_stuck_easier,True,False,False,False
PPO+G,123,struggling_junior,4004,3,1.0,0.3038,0.3214,0.5852,4.101,Easier,Easier,none,False,False,True,True
PPO+G,123,struggling_junior,4004,4,1.0,0.3248,0.2895,0.8087,4.496,Easier,Same,g2_anxiety_stabilizer_same,True,True,False,True
PPO+G,123,struggling_junior,4004,5,1.0,0.3225,0.2808,0.781,5.275,Easier,Same,g2_anxiety_stabilizer_same,True,True,False,True
PPO+G,123,struggling_junior,4004,6,1.0,0.3084,0.2657,0.8429,5.386,Easier,Same,g2_anxiety_stabilizer_same,True,True,False,True
PPO+G,123,struggling_junior,4004,7,1.0,0.2736,0.3516,0.8626,4.451,Easier,Easier,g4_stuck_easier,True,False,True,True
PPO+G,123,struggling_junior,4004,8,1.0,0.2687,0.2719,0.6216,4.878,Easier,Easier,g4_stuck_easier,True,False,True,True
PPO+G,123,struggling_junior,4004,9,1.0,0.2675,0.3389,0.6579,4.191,Easier,Easier,g4_stuck_easier,True,False,True,True
PPO+G,123,struggling_junior,4004,10,1.0,0.273,0.3293,0.7589,4.454,Easier,Easier,g4_stuck_easier,True,False,True,True
PPO+G,123,struggling_junior,5005,1,3.0,0.0,0.0174,0.9971,10.015,Same,Easier,g4_stuck_easier,True,True,False,False
PPO+G,123,struggling_junior,5005,2,2.0,0.2227,0.0,1.0,7.899,Easier,Easier,g4_stuck_easier,True,False,False,False
PPO+G,123,struggling_junior,5005,3,1.0,0.2558,0.2821,0.7399,4.828,Easier,Easier,g4_stuck_easier,True,False,True,True
PPO+G,123,struggling_junior,5005,4,1.0,0.2905,0.3271,0.6445,4.703,Easier,Easier,g4_stuck_easier,True,False,True,True
PPO+G,123,struggling_junior,5005,5,1.0,0.2409,0.2827,0.6745,4.714,Easier,Easier,g4_stuck_easier,True,False,True,True
PPO+G,123,struggling_junior,5005,6,1.0,0.3498,0.3031,0.522,3.963,Easier,Easier,none,False,False,True,True
PPO+G,123,struggling_junior,5005,7,1.0,0.3295,0.3114,0.688,4.114,Easier,Easier,none,False,False,True,True
PPO+G,123,struggling_junior,5005,8,1.0,0.2878,0.2842,0.8113,4.912,Easier,Easier,g4_stuck_easier,True,False,True,True
PPO+G,123,struggling_junior,5005,9,1.0,0.2717,0.2998,0.7296,4.667,Easier,Easier,g4_stuck_easier,True,False,True,True
PPO+G,123,struggling_junior,5005,10,1.0,0.3079,0.3541,0.5852,4.11,Easier,Easier,none,False,False,True,True
PPO+G,123,overconfident_fail,1001,1,3.0,0.0264,0.8372,0.2892,6.491,Easier,Easier,g1_overload_protection,True,False,False,False
PPO+G,123,overconfident_fail,1001,2,2.0,0.1817,0.8285,0.2474,4.623,Easier,Easier,g1_overload_protection,True,False,False,False
PPO+G,123,overconfident_fail,1001,3,1.0,0.2079,0.8422,0.2677,3.369,Easier,Easier,none,False,False,True,True
PPO+G,123,overconfident_fail,1001,4,1.0,0.2286,0.8689,0.2421,3.054,Easier,Easier,none,False,False,True,True
PPO+G,123,overconfident_fail,1001,5,1.0,0.19,0.8058,0.2593,2.899,Easier,Easier,none,False,False,True,True
PPO+G,123,overconfident_fail,1001,6,1.0,0.1661,0.8426,0.2023,2.671,Easier,Easier,none,False,False,True,True
PPO+G,123,overconfident_fail,1001,7,1.0,0.2017,0.8843,0.2756,2.911,Easier,Easier,none,False,False,True,True
PPO+G,123,overconfident_fail,1001,8,1.0,0.1917,0.8564,0.2338,3.156,Easier,Easier,none,False,False,True,True
PPO+G,123,overconfident_fail,1001,9,1.0,0.1986,0.8387,0.2593,2.704,Easier,Easier,none,False,False,True,True
PPO+G,123,overconfident_fail,1001,10,1.0,0.1826,0.88,0.285,2.918,Easier,Easier,none,False,False,True,True
PPO+G,123,overconfident_fail,2002,1,3.0,0.0303,0.856,0.2144,8.082,Easier,Easier,g1_overload_protection,True,False,False,False
PPO+G,123,overconfident_fail,2002,2,2.0,0.1692,0.8127,0.2694,4.399,Easier,Easier,g1_overload_protection,True,False,False,False
PPO+G,123,overconfident_fail,2002,3,1.0,0.1771,0.8644,0.1986,2.119,Easier,Easier,none,False,False,True,True
PPO+G,123,overconfident_fail,2002,4,1.0,0.2492,0.8338,0.2619,3.084,Easier,Easier,none,False,False,True,True
PPO+G,123,overconfident_fail,2002,5,1.0,0.1625,0.8388,0.2137,2.87,Easier,Easier,none,False,False,True,True
PPO+G,123,overconfident_fail,2002,6,1.0,0.1914,0.8695,0.2807,2.843,Easier,Easier,none,False,False,True,True
PPO+G,123,overconfident_fail,2002,7,1.0,0.2126,0.841,0.2505,2.596,Easier,Easier,none,False,False,True,True
PPO+G,123,overconfident_fail,2002,8,1.0,0.1941,0.8478,0.2728,2.764,Easier,Easier,none,False,False,True,True
PPO+G,123,overconfident_fail,2002,9,1.0,0.2036,0.8522,0.2502,2.63,Easier,Easier,none,False,False,True,True
PPO+G,123,overconfident_fail,2002,10,1.0,0.2131,0.838,0.2647,2.307,Easier,Easier,none,False,False,True,True
PPO+G,123,overconfident_fail,3003,1,3.0,0.0883,0.8256,0.2149,7.149,Easier,Easier,g1_overload_protection,True,False,False,False
PPO+G,123,overconfident_fail,3003,2,2.0,0.2312,0.8847,0.2512,5.119,Easier,Easier,g1_overload_protection,True,False,False,False
PPO+G,123,overconfident_fail,3003,3,1.0,0.1916,0.8109,0.3032,3.207,Easier,Easier,none,False,False,True,True
PPO+G,123,overconfident_fail,3003,4,1.0,0.2101,0.8881,0.2378,2.9,Easier,Easier,none,False,False,True,True
PPO+G,123,overconfident_fail,3003,5,1.0,0.2118,0.8003,0.213,2.799,Easier,Easier,none,False,False,True,True
PPO+G,123,overconfident_fail,3003,6,1.0,0.2217,0.8202,0.214,2.29,Easier,Easier,none,False,False,True,True
PPO+G,123,overconfident_fail,3003,7,1.0,0.2003,0.8581,0.2377,2.292,Easier,Easier,none,False,False,True,True
PPO+G,123,overconfident_fail,3003,8,1.0,0.1685,0.8333,0.2806,2.315,Easier,Easier,none,False,False,True,True
PPO+G,123,overconfident_fail,3003,9,1.0,0.2371,0.836,0.3304,2.406,Easier,Easier,none,False,False,True,True
PPO+G,123,overconfident_fail,3003,10,1.0,0.2116,0.8452,0.2314,2.659,Easier,Easier,none,False,False,True,True
PPO+G,123,overconfident_fail,4004,1,3.0,0.1115,0.8535,0.2505,6.97,Easier,Easier,g1_overload_protection,True,False,False,False
PPO+G,123,overconfident_fail,4004,2,2.0,0.2372,0.8541,0.2805,4.998,Easier,Easier,g1_overload_protection,True,False,False,False
PPO+G,123,overconfident_fail,4004,3,1.0,0.2081,0.8459,0.3125,3.044,Easier,Easier,none,False,False,True,True
PPO+G,123,overconfident_fail,4004,4,1.0,0.1917,0.8493,0.2174,3.02,Easier,Easier,none,False,False,True,True
PPO+G,123,overconfident_fail,4004,5,1.0,0.2435,0.8209,0.2451,2.639,Easier,Easier,none,False,False,True,True
PPO+G,123,overconfident_fail,4004,6,1.0,0.2638,0.8566,0.2856,2.634,Harder,Harder,none,False,False,False,False
PPO+G,123,overconfident_fail,4004,7,2.0,0.1997,0.8571,0.2586,5.122,Easier,Easier,g1_overload_protection,True,False,False,False
PPO+G,123,overconfident_fail,4004,8,1.0,0.2194,0.8511,0.2092,2.77,Easier,Easier,none,False,False,True,True
PPO+G,123,overconfident_fail,4004,9,1.0,0.1783,0.8759,0.2862,2.605,Easier,Easier,none,False,False,True,True
PPO+G,123,overconfident_fail,4004,10,1.0,0.1678,0.8284,0.1518,2.103,Easier,Easier,none,False,False,True,True
PPO+G,123,overconfident_fail,5005,1,3.0,0.0132,0.8616,0.2782,7.211,Easier,Easier,g1_overload_protection,True,False,False,False
PPO+G,123,overconfident_fail,5005,2,2.0,0.2025,0.8372,0.2424,5.031,Easier,Easier,g1_overload_protection,True,False,False,False
PPO+G,123,overconfident_fail,5005,3,1.0,0.1705,0.8549,0.2165,3.016,Easier,Easier,none,False,False,True,True
PPO+G,123,overconfident_fail,5005,4,1.0,0.21,0.8553,0.2856,2.866,Easier,Easier,none,False,False,True,True
PPO+G,123,overconfident_fail,5005,5,1.0,0.2288,0.8709,0.1909,2.884,Easier,Easier,none,False,False,True,True
PPO+G,123,overconfident_fail,5005,6,1.0,0.223,0.8611,0.2717,2.14,Easier,Easier,none,False,False,True,True
PPO+G,123,overconfident_fail,5005,7,1.0,0.186,0.8599,0.2251,2.367,Easier,Easier,none,False,False,True,True
PPO+G,123,overconfident_fail,5005,8,1.0,0.1769,0.839,0.2474,2.701,Easier,Easier,none,False,False,True,True
PPO+G,123,overconfident_fail,5005,9,1.0,0.2294,0.8455,0.2349,3.483,Easier,Easier,none,False,False,True,True
PPO+G,123,overconfident_fail,5005,10,1.0,0.1999,0.8668,0.2463,2.55,Easier,Easier,none,False,False,True,True
PPO+G,123,normal,1001,1,3.0,0.4674,0.2547,0.7208,6.148,Same,Same,g2_anxiety_stabilizer_same,True,False,False,False
PPO+G,123,normal,1001,2,3.0,0.4638,0.2689,0.8358,7.76,Same,Same,g2_anxiety_stabilizer_same,True,False,False,False
PPO+G,123,normal,1001,3,3.0,0.5249,0.3732,0.6101,5.814,Same,Same,g5_partial_same,True,False,False,False
PPO+G,123,normal,1001,4,3.0,0.4678,0.3117,0.7823,6.304,Same,Same,g5_partial_same,True,False,False,False
PPO+G,123,normal,1001,5,3.0,0.5368,0.4622,0.5694,5.796,Same,Same,g5_partial_same,True,False,False,False
PPO+G,123,normal,1001,6,3.0,0.5177,0.2673,0.7068,6.935,Same,Same,g2_anxiety_stabilizer_same,True,False,False,False
PPO+G,123,normal,1001,7,3.0,0.4781,0.4281,0.6475,6.178,Same,Same,g5_partial_same,True,False,False,False
PPO+G,123,normal,1001,8,3.0,0.4951,0.2776,0.695,6.489,Same,Same,g5_partial_same,True,False,False,False
PPO+G,123,normal,1001,9,3.0,0.485,0.1802,0.8446,6.576,Same,Same,g2_anxiety_stabilizer_same,True,False,False,False
PPO+G,123,normal,1001,10,3.0,0.5219,0.3643,0.5837,5.469,Same,Same,g5_partial_same,True,False,False,False
PPO+G,123,normal,2002,1,3.0,0.4608,0.3805,0.7601,7.749,Same,Same,g5_partial_same,True,False,False,False
PPO+G,123,normal,2002,2,3.0,0.4794,0.3504,0.5545,5.728,Same,Same,g5_partial_same,True,False,False,False
PPO+G,123,normal,2002,3,3.0,0.5544,0.3957,0.5207,5.255,Same,Same,g5_partial_same,True,False,False,False
PPO+G,123,normal,2002,4,3.0,0.4441,0.3394,0.6642,7.036,Same,Same,g5_partial_same,True,False,False,False
PPO+G,123,normal,2002,5,3.0,0.4543,0.2857,0.6229,6.372,Same,Same,g5_partial_same,True,False,False,False
PPO+G,123,normal,2002,6,3.0,0.5167,0.4381,0.5934,6.604,Same,Same,g5_partial_same,True,False,False,False
PPO+G,123,normal,2002,7,3.0,0.5142,0.5363,0.3991,5.25,Same,Same,g5_partial_same,True,False,False,False
PPO+G,123,normal,2002,8,3.0,0.5065,0.3785,0.6413,6.464,Same,Same,g5_partial_same,True,False,False,False
PPO+G,123,normal,2002,9,3.0,0.4437,0.2544,0.6489,6.145,Same,Same,g5_partial_same,True,False,False,False
PPO+G,123,normal,2002,10,3.0,0.5081,0.2775,0.9003,7.235,Same,Same,g2_anxiety_stabilizer_same,True,False,False,False
PPO+G,123,normal,3003,1,3.0,0.5381,0.3184,0.8131,7.094,Same,Same,g5_partial_same,True,False,False,False
PPO+G,123,normal,3003,2,3.0,0.4505,0.215,0.6914,6.361,Same,Same,g5_partial_same,True,False,False,False
PPO+G,123,normal,3003,3,3.0,0.4795,0.2727,0.7618,7.301,Same,Same,g2_anxiety_stabilizer_same,True,False,False,False
PPO+G,123,normal,3003,4,3.0,0.5521,0.4049,0.632,5.766,Same,Same,g5_partial_same,True,False,False,False
PPO+G,123,normal,3003,5,3.0,0.5254,0.4082,0.5582,5.288,Same,Same,g5_partial_same,True,False,False,False
PPO+G,123,normal,3003,6,3.0,0.5532,0.4005,0.5686,5.853,Same,Same,g5_partial_same,True,False,False,False
PPO+G,123,normal,3003,7,3.0,0.5171,0.4024,0.7499,6.583,Same,Same,g5_partial_same,True,False,False,False
PPO+G,123,normal,3003,8,3.0,0.4966,0.2669,0.74,6.237,Same,Same,g2_anxiety_stabilizer_same,True,False,False,False
PPO+G,123,normal,3003,9,3.0,0.5178,0.1937,0.7076,6.714,Same,Same,g2_anxiety_stabilizer_same,True,False,False,False
PPO+G,123,normal,3003,10,3.0,0.5287,0.3171,0.5891,6.324,Same,Same,g5_partial_same,True,False,False,False
PPO+G,123,normal,4004,1,3.0,0.5363,0.3673,0.5976,6.086,Same,Same,g5_partial_same,True,False,False,False
PPO+G,123,normal,4004,2,3.0,0.488,0.3503,0.6511,6.111,Same,Same,g5_partial_same,True,False,False,False
PPO+G,123,normal,4004,3,3.0,0.5257,0.4248,0.5508,6.37,Same,Same,g5_partial_same,True,False,False,False
PPO+G,123,normal,4004,4,3.0,0.5062,0.4274,0.5919,5.741,Same,Same,g5_partial_same,True,False,False,False
PPO+G,123,normal,4004,5,3.0,0.5038,0.4036,0.6287,6.113,Same,Same,g5_partial_same,True,False,False,False
PPO+G,123,normal,4004,6,3.0,0.5625,0.3478,0.7214,6.791,Same,Same,g5_partial_same,True,False,False,False
PPO+G,123,normal,4004,7,3.0,0.5416,0.3626,0.6347,5.866,Same,Same,g5_partial_same,True,False,False,False
PPO+G,123,normal,4004,8,3.0,0.5128,0.4897,0.5703,5.994,Same,Same,g5_partial_same,True,False,False,False
PPO+G,123,normal,4004,9,3.0,0.5653,0.3134,0.6734,6.552,Same,Same,g5_partial_same,True,False,False,False
PPO+G,123,normal,4004,10,3.0,0.5003,0.2535,0.8367,8.243,Same,Same,g2_anxiety_stabilizer_same,True,False,False,False
PPO+G,123,normal,5005,1,3.0,0.4326,0.3876,0.647,6.396,Same,Same,g5_partial_same,True,False,False,False
PPO+G,123,normal,5005,2,3.0,0.4962,0.3868,0.6883,5.714,Same,Same,g5_partial_same,True,False,False,False
PPO+G,123,normal,5005,3,3.0,0.5471,0.3942,0.6505,6.313,Same,Same,g5_partial_same,True,False,False,False
PPO+G,123,normal,5005,4,3.0,0.4807,0.3129,0.729,6.195,Same,Same,g5_partial_same,True,False,False,False
PPO+G,123,normal,5005,5,3.0,0.4856,0.4054,0.4767,5.564,Same,Same,g5_partial_same,True,False,False,False
PPO+G,123,normal,5005,6,3.0,0.4665,0.4213,0.614,6.554,Same,Same,g5_partial_same,True,False,False,False
PPO+G,123,normal,5005,7,3.0,0.497,0.382,0.6394,6.594,Same,Same,g5_partial_same,True,False,False,False
PPO+G,123,normal,5005,8,3.0,0.4925,0.4,0.5948,6.53,Same,Same,g5_partial_same,True,False,False,False
PPO+G,123,normal,5005,9,3.0,0.5432,0.4665,0.3759,4.899,Same,Same,g5_partial_same,True,False,False,False
PPO+G,123,normal,5005,10,3.0,0.5606,0.3637,0.4759,5.808,Same,Same,g5_partial_same,True,False,False,False
PPO+G,123,lucky_guesser,1001,1,3.0,0.9319,0.2807,0.8392,5.474,Same,Same,none,False,False,False,False
PPO+G,123,lucky_guesser,1001,2,3.0,0.9363,0.2678,0.7974,4.857,Same,Same,none,False,False,False,False
PPO+G,123,lucky_guesser,1001,3,3.0,0.9559,0.2884,0.8177,6.762,Same,Same,none,False,False,False,False
PPO+G,123,lucky_guesser,1001,4,3.0,0.9714,0.3283,0.7921,6.125,Same,Same,none,False,False,False,False
PPO+G,123,lucky_guesser,1001,5,3.0,0.9425,0.2336,0.8093,5.748,Same,Same,none,False,False,False,False
PPO+G,123,lucky_guesser,1001,6,3.0,0.9246,0.2889,0.7523,5.264,Same,Same,none,False,False,False,False
PPO+G,123,lucky_guesser,1001,7,3.0,0.9513,0.3515,0.8256,5.742,Same,Same,none,False,False,False,False
PPO+G,123,lucky_guesser,1001,8,3.0,0.9438,0.3096,0.7838,6.343,Same,Same,none,False,False,False,False
PPO+G,123,lucky_guesser,1001,9,3.0,0.9489,0.283,0.8093,5.317,Same,Same,none,False,False,False,False
PPO+G,123,lucky_guesser,1001,10,3.0,0.937,0.345,0.835,5.773,Same,Same,none,False,False,False,False
PPO+G,123,lucky_guesser,2002,1,3.0,0.9397,0.309,0.7644,6.952,Same,Same,none,False,False,False,False
PPO+G,123,lucky_guesser,2002,2,3.0,0.9269,0.2441,0.8194,4.605,Same,Same,none,False,False,False,False
PPO+G,123,lucky_guesser,2002,3,3.0,0.9328,0.3216,0.8167,4.015,Same,Same,none,False,False,False,False
PPO+G,123,lucky_guesser,2002,4,3.0,0.9869,0.2758,0.8119,6.146,Same,Same,none,False,False,False,False
PPO+G,123,lucky_guesser,2002,5,3.0,0.9219,0.2831,0.7637,5.66,Same,Same,none,False,False,False,False
PPO+G,123,lucky_guesser,2002,6,3.0,0.9436,0.3292,0.8307,5.545,Same,Same,none,False,False,False,False
PPO+G,123,lucky_guesser,2002,7,3.0,0.9595,0.2865,0.8005,5.072,Same,Same,none,False,False,False,False
PPO+G,123,lucky_guesser,2002,8,3.0,0.9456,0.2968,0.8228,5.481,Same,Same,none,False,False,False,False
PPO+G,123,lucky_guesser,2002,9,3.0,0.9527,0.3033,0.8002,5.177,Same,Same,none,False,False,False,False
PPO+G,123,lucky_guesser,2002,10,3.0,0.9599,0.282,0.8147,4.501,Same,Same,none,False,False,False,False
PPO+G,123,lucky_guesser,3003,1,3.0,0.9253,0.2634,0.7649,6.426,Same,Same,none,False,False,False,False
PPO+G,123,lucky_guesser,3003,2,3.0,0.9734,0.3521,0.8012,5.578,Same,Same,none,False,False,False,False
PPO+G,123,lucky_guesser,3003,3,3.0,0.9437,0.2414,0.8532,6.422,Same,Same,none,False,False,False,False
PPO+G,123,lucky_guesser,3003,4,3.0,0.9576,0.3571,0.7878,5.731,Same,Same,none,False,False,False,False
PPO+G,123,lucky_guesser,3003,5,3.0,0.9589,0.2254,0.763,5.575,Same,Same,none,False,False,False,False
PPO+G,123,lucky_guesser,3003,6,3.0,0.9663,0.2554,0.764,4.432,Same,Same,none,False,False,False,False
PPO+G,123,lucky_guesser,3003,7,3.0,0.9502,0.3121,0.7877,4.44,Same,Same,none,False,False,False,False
PPO+G,123,lucky_guesser,3003,8,3.0,0.9264,0.2749,0.8306,4.49,Same,Same,none,False,False,False,False
PPO+G,123,lucky_guesser,3003,9,3.0,0.9778,0.279,0.8804,4.662,Same,Same,none,False,False,False,False
PPO+G,123,lucky_guesser,3003,10,3.0,0.9587,0.2928,0.7814,5.265,Same,Same,none,False,False,False,False
PPO+G,123,lucky_guesser,4004,1,3.0,0.944,0.3053,0.8005,5.274,Same,Same,none,False,False,False,False
PPO+G,123,lucky_guesser,4004,2,3.0,0.9779,0.3062,0.8305,5.479,Same,Same,none,False,False,False,False
PPO+G,123,lucky_guesser,4004,3,3.0,0.9561,0.2939,0.8625,6.049,Same,Same,none,False,False,False,False
PPO+G,123,lucky_guesser,4004,4,3.0,0.9438,0.299,0.7674,5.97,Same,Same,none,False,False,False,False
PPO+G,123,lucky_guesser,4004,5,3.0,0.9826,0.2564,0.7951,5.16,Same,Same,none,False,False,False,False
PPO+G,123,lucky_guesser,4004,6,3.0,0.9979,0.3099,0.8356,5.117,Same,Same,none,False,False,False,False
PPO+G,123,lucky_guesser,4004,7,3.0,0.9498,0.3107,0.8086,5.409,Same,Same,none,False,False,False,False
PPO+G,123,lucky_guesser,4004,8,3.0,0.9646,0.3017,0.7592,5.515,Same,Same,none,False,False,False,False
PPO+G,123,lucky_guesser,4004,9,3.0,0.9337,0.3389,0.8362,5.135,Same,Same,none,False,False,False,False
PPO+G,123,lucky_guesser,4004,10,3.0,0.9259,0.2675,0.7559,3.996,Same,Same,none,False,False,False,False
PPO+G,123,lucky_guesser,5005,1,3.0,0.9481,0.3174,0.8282,5.607,Same,Same,none,False,False,False,False
PPO+G,123,lucky_guesser,5005,2,3.0,0.9519,0.2807,0.7924,5.417,Same,Same,none,False,False,False,False
PPO+G,123,lucky_guesser,5005,3,3.0,0.9279,0.3074,0.7665,5.977,Same,Same,none,False,False,False,False
PPO+G,123,lucky_guesser,5005,4,3.0,0.9575,0.308,0.8356,5.681,Same,Same,none,False,False,False,False
PPO+G,123,lucky_guesser,5005,5,3.0,0.9716,0.3314,0.7409,5.655,Same,Same,none,False,False,False,False
PPO+G,123,lucky_guesser,5005,6,3.0,0.9673,0.3167,0.8217,4.127,Same,Same,none,False,False,False,False
PPO+G,123,lucky_guesser,5005,7,3.0,0.9395,0.3149,0.7751,4.557,Same,Same,none,False,False,False,False
PPO+G,123,lucky_guesser,5005,8,3.0,0.9327,0.2835,0.7974,5.316,Same,Same,none,False,False,False,False
PPO+G,123,lucky_guesser,5005,9,3.0,0.972,0.2933,0.7849,7.035,Same,Same,none,False,False,False,False
PPO+G,123,lucky_guesser,5005,10,3.0,0.9499,0.3252,0.7963,5.004,Same,Same,none,False,False,False,False
PPO+G,123,nervous_expert,1001,1,3.0,0.8471,0.4392,0.7892,5.352,Same,Same,none,False,False,False,False
PPO+G,123,nervous_expert,1001,2,3.0,0.94,0.6349,0.7474,4.687,Same,Same,none,False,False,False,False
PPO+G,123,nervous_expert,1001,3,3.0,0.94,0.463,0.7677,6.649,Same,Same,none,False,False,False,False
PPO+G,123,nervous_expert,1001,4,3.0,0.8894,0.5165,0.7421,6.019,Same,Same,none,False,False,False,False
PPO+G,123,nervous_expert,1001,5,3.0,0.8889,0.415,0.7593,5.611,Same,Same,none,False,False,False,False
PPO+G,123,nervous_expert,1001,6,3.0,0.8222,0.5461,0.7023,5.119,Same,Same,none,False,False,False,False
PPO+G,123,nervous_expert,1001,7,3.0,0.94,0.6829,0.7756,5.587,Same,Same,none,False,False,False,False
PPO+G,123,nervous_expert,1001,8,3.0,0.8729,0.3806,0.7338,6.242,Same,Same,none,False,False,False,False
PPO+G,123,nervous_expert,1001,9,3.0,0.9308,0.5759,0.7593,5.163,Same,Same,none,False,False,False,False
PPO+G,123,nervous_expert,1001,10,3.0,0.9081,0.6567,0.785,5.628,Same,Same,none,False,False,False,False
PPO+G,123,nervous_expert,2002,1,3.0,0.8509,0.5933,0.7144,6.812,Same,Same,none,False,False,False,False
PPO+G,123,nervous_expert,2002,2,3.0,0.861,0.6129,0.7694,4.439,Same,Same,none,False,False,False,False
PPO+G,123,nervous_expert,2002,3,3.0,0.8823,0.7316,0.7667,3.978,Same,Same,none,False,False,False,False
PPO+G,123,nervous_expert,2002,4,3.0,0.94,0.5878,0.7619,6.018,Same,Same,none,False,False,False,False
PPO+G,123,nervous_expert,2002,5,3.0,0.8728,0.5655,0.7137,5.506,Same,Same,none,False,False,False,False
PPO+G,123,nervous_expert,2002,6,3.0,0.8835,0.5903,0.7807,5.357,Same,Same,none,False,False,False,False
PPO+G,123,nervous_expert,2002,7,3.0,0.9011,0.5185,0.7505,4.906,Same,Same,none,False,False,False,False
PPO+G,123,nervous_expert,2002,8,3.0,0.9029,0.5983,0.7728,5.35,Same,Same,none,False,False,False,False
PPO+G,123,nervous_expert,2002,9,3.0,0.9334,0.4873,0.7502,5.031,Same,Same,none,False,False,False,False
PPO+G,123,nervous_expert,2002,10,3.0,0.94,0.6252,0.7647,4.35,Same,Same,none,False,False,False,False
PPO+G,123,nervous_expert,3003,1,3.0,0.9089,0.4856,0.7149,6.314,Same,Same,none,False,False,False,False
PPO+G,123,nervous_expert,3003,2,3.0,0.926,0.549,0.7512,5.427,Same,Same,none,False,False,False,False
PPO+G,123,nervous_expert,3003,3,3.0,0.9092,0.4128,0.8032,6.307,Same,Same,none,False,False,False,False
PPO+G,123,nervous_expert,3003,4,3.0,0.9127,0.5827,0.7378,5.584,Same,Same,none,False,False,False,False
PPO+G,123,nervous_expert,3003,5,3.0,0.9122,0.3961,0.713,5.456,Same,Same,none,False,False,False,False
PPO+G,123,nervous_expert,3003,6,3.0,0.94,0.593,0.714,4.261,Same,Same,none,False,False,False,False
PPO+G,123,nervous_expert,3003,7,3.0,0.9095,0.5548,0.7377,4.272,Same,Same,none,False,False,False,False
PPO+G,123,nervous_expert,3003,8,3.0,0.82,0.5163,0.7806,4.323,Same,Same,none,False,False,False,False
PPO+G,123,nervous_expert,3003,9,3.0,0.9169,0.6116,0.8304,4.487,Same,Same,none,False,False,False,False
PPO+G,123,nervous_expert,3003,10,3.0,0.8888,0.5284,0.7314,5.135,Same,Same,none,False,False,False,False
PPO+G,123,nervous_expert,4004,1,3.0,0.9321,0.5764,0.7505,5.115,Same,Same,none,False,False,False,False
PPO+G,123,nervous_expert,4004,2,3.0,0.9252,0.6041,0.7805,5.338,Same,Same,none,False,False,False,False
PPO+G,123,nervous_expert,4004,3,3.0,0.9191,0.4919,0.8125,5.913,Same,Same,none,False,False,False,False
PPO+G,123,nervous_expert,4004,4,3.0,0.8677,0.5856,0.7174,5.817,Same,Same,none,False,False,False,False
PPO+G,123,nervous_expert,4004,5,3.0,0.94,0.6499,0.7451,4.993,Same,Same,none,False,False,False,False
PPO+G,123,nervous_expert,4004,6,3.0,0.94,0.5808,0.7856,4.932,Same,Same,none,False,False,False,False
PPO+G,123,nervous_expert,4004,7,3.0,0.9353,0.5954,0.7586,5.225,Same,Same,none,False,False,False,False
PPO+G,123,nervous_expert,4004,8,3.0,0.9069,0.5304,0.7092,5.397,Same,Same,none,False,False,False,False
PPO+G,123,nervous_expert,4004,9,3.0,0.8816,0.6821,0.7862,4.995,Same,Same,none,False,False,False,False
PPO+G,123,nervous_expert,4004,10,3.0,0.914,0.6754,0.7059,3.891,Same,Same,none,False,False,False,False
PPO+G,123,nervous_expert,5005,1,3.0,0.8338,0.6088,0.7782,5.457,Same,Same,none,False,False,False,False
PPO+G,123,nervous_expert,5005,2,3.0,0.8383,0.5764,0.7424,5.256,Same,Same,none,False,False,False,False
PPO+G,123,nervous_expert,5005,3,3.0,0.89,0.4859,0.7165,5.831,Same,Same,none,False,False,False,False
PPO+G,123,nervous_expert,5005,4,3.0,0.94,0.6376,0.7856,5.545,Same,Same,none,False,False,False,False
PPO+G,123,nervous_expert,5005,5,3.0,0.9251,0.6352,0.6909,5.483,Same,Same,none,False,False,False,False
PPO+G,123,nervous_expert,5005,6,3.0,0.9095,0.6946,0.7717,3.959,Same,Same,none,False,False,False,False
PPO+G,123,nervous_expert,5005,7,3.0,0.934,0.6224,0.7251,4.366,Same,Same,none,False,False,False,False
PPO+G,123,nervous_expert,5005,8,3.0,0.8651,0.5905,0.7474,5.166,Same,Same,none,False,False,False,False
PPO+G,123,nervous_expert,5005,9,3.0,0.884,0.3543,0.7349,6.943,Same,Same,none,False,False,False,False
PPO+G,123,nervous_expert,5005,10,3.0,0.8983,0.6126,0.7463,4.854,Same,Same,none,False,False,False,False
PPO raw,456,struggling_junior,1001,1,3.0,0.0,0.0,1.0,9.015,Same,Same,none,False,False,False,False
PPO raw,456,struggling_junior,1001,2,3.0,0.0,0.0,0.9621,9.145,Same,Same,none,False,False,False,False
PPO raw,456,struggling_junior,1001,3,3.0,0.0937,0.0,0.9801,9.61,Same,Same,none,False,False,False,False
PPO raw,456,struggling_junior,1001,4,3.0,0.0,0.0558,0.9465,9.106,Same,Same,none,False,False,False,False
PPO raw,456,struggling_junior,1001,5,3.0,0.0461,0.0,0.954,9.021,Same,Same,none,False,False,False,False
PPO raw,456,struggling_junior,1001,6,3.0,0.0514,0.0486,0.8916,9.405,Same,Same,none,False,False,False,False
PPO raw,456,struggling_junior,1001,7,3.0,0.0512,0.0,0.8305,8.823,Easier,Easier,none,False,False,False,False
PPO raw,456,struggling_junior,1001,8,2.0,0.2137,0.0908,0.9654,7.833,Easier,Easier,none,False,False,False,False
PPO raw,456,struggling_junior,1001,9,1.0,0.3148,0.278,0.7938,5.301,Easier,Easier,none,False,False,True,True
PPO raw,456,struggling_junior,1001,10,1.0,0.2795,0.3481,0.8566,4.616,Easier,Easier,none,False,False,True,True
PPO raw,456,struggling_junior,2002,1,3.0,0.0,0.009,0.9933,11.225,Same,Same,none,False,False,False,False
PPO raw,456,struggling_junior,2002,2,3.0,0.05,0.032,0.8323,8.765,Same,Same,none,False,False,False,False
PPO raw,456,struggling_junior,2002,3,3.0,0.0062,0.0669,0.8693,8.746,Same,Same,none,False,False,False,False
PPO raw,456,struggling_junior,2002,4,3.0,0.0665,0.0601,1.0,9.823,Same,Same,none,False,False,False,False
PPO raw,456,struggling_junior,2002,5,3.0,0.0,0.0,0.9886,10.163,Same,Same,none,False,False,False,False
PPO raw,456,struggling_junior,2002,6,3.0,0.0043,0.0414,1.0,9.775,Same,Same,none,False,False,False,False
PPO raw,456,struggling_junior,2002,7,3.0,0.0428,0.0,0.9392,9.218,Same,Same,none,False,False,False,False
PPO raw,456,struggling_junior,2002,8,3.0,0.033,0.0,1.0,8.961,Same,Same,none,False,False,False,False
PPO raw,456,struggling_junior,2002,9,3.0,0.0698,0.0,1.0,10.302,Same,Same,none,False,False,False,False
PPO raw,456,struggling_junior,2002,10,3.0,0.0,0.0,1.0,9.632,Easier,Easier,none,False,False,False,False
PPO raw,456,struggling_junior,3003,1,3.0,0.0278,0.0,0.9865,9.928,Same,Same,none,False,False,False,False
PPO raw,456,struggling_junior,3003,2,3.0,0.1074,0.0,0.9548,9.528,Same,Same,none,False,False,False,False
PPO raw,456,struggling_junior,3003,3,3.0,0.1178,0.0,0.9615,8.673,Same,Same,none,False,False,False,False
PPO raw,456,struggling_junior,3003,4,3.0,0.0737,0.0,0.9996,9.071,Same,Same,none,False,False,False,False
PPO raw,456,struggling_junior,3003,5,3.0,0.0,0.0325,0.9647,9.369,Same,Same,none,False,False,False,False
PPO raw,456,struggling_junior,3003,6,3.0,0.0174,0.0,1.0,9.93,Same,Same,none,False,False,False,False
PPO raw,456,struggling_junior,3003,7,3.0,0.0367,0.0306,0.9183,8.517,Same,Same,none,False,False,False,False
PPO raw,456,struggling_junior,3003,8,3.0,0.032,0.0,0.9794,9.253,Same,Same,none,False,False,False,False
PPO raw,456,struggling_junior,3003,9,3.0,0.0356,0.0,0.8792,9.448,Easier,Easier,none,False,False,False,False
PPO raw,456,struggling_junior,3003,10,2.0,0.1524,0.0,0.9747,7.638,Easier,Easier,none,False,False,False,False
PPO raw,456,struggling_junior,4004,1,3.0,0.0634,0.0053,1.0,9.681,Same,Same,none,False,False,False,False
PPO raw,456,struggling_junior,4004,2,3.0,0.0422,0.0,0.9976,9.935,Same,Same,none,False,False,False,False
PPO raw,456,struggling_junior,4004,3,3.0,0.0491,0.0214,0.9933,9.359,Same,Same,none,False,False,False,False
PPO raw,456,struggling_junior,4004,4,3.0,0.081,0.0,0.9551,10.007,Same,Same,none,False,False,False,False
PPO raw,456,struggling_junior,4004,5,3.0,0.0607,0.008,1.0,10.688,Same,Same,none,False,False,False,False
PPO raw,456,struggling_junior,4004,6,3.0,0.051,0.0,0.9607,11.211,Same,Same,none,False,False,False,False
PPO raw,456,struggling_junior,4004,7,3.0,0.0227,0.0516,0.9722,9.794,Same,Same,none,False,False,False,False
PPO raw,456,struggling_junior,4004,8,3.0,0.0067,0.0,0.9827,10.756,Same,Same,none,False,False,False,False
PPO raw,456,struggling_junior,4004,9,3.0,0.0061,0.0389,0.9619,9.237,Easier,Easier,none,False,False,False,False
PPO raw,456,struggling_junior,4004,10,2.0,0.1894,0.0324,0.9875,7.045,Easier,Easier,none,False,False,False,False
PPO raw,456,struggling_junior,5005,1,3.0,0.0,0.0174,0.9971,10.015,Same,Same,none,False,False,False,False
PPO raw,456,struggling_junior,5005,2,3.0,0.0939,0.0,1.0,10.053,Same,Same,none,False,False,False,False
PPO raw,456,struggling_junior,5005,3,3.0,0.0107,0.0074,1.0,10.063,Same,Same,none,False,False,False,False
PPO raw,456,struggling_junior,5005,4,3.0,0.0114,0.0271,1.0,10.366,Same,Same,none,False,False,False,False
PPO raw,456,struggling_junior,5005,5,3.0,0.0,0.0,1.0,10.313,Same,Same,none,False,False,False,False
PPO raw,456,struggling_junior,5005,6,3.0,0.1468,0.0316,0.9828,9.539,Same,Same,none,False,False,False,False
PPO raw,456,struggling_junior,5005,7,3.0,0.0476,0.0114,0.8819,9.184,Same,Same,none,False,False,False,False
PPO raw,456,struggling_junior,5005,8,3.0,0.0,0.0,0.9963,10.355,Same,Same,none,False,False,False,False
PPO raw,456,struggling_junior,5005,9,3.0,0.0,0.0,1.0,9.708,Easier,Easier,none,False,False,False,False
PPO raw,456,struggling_junior,5005,10,2.0,0.1961,0.0729,0.9172,7.018,Easier,Easier,none,False,False,False,False
PPO raw,456,overconfident_fail,1001,1,3.0,0.0264,0.8372,0.2892,6.491,Same,Same,none,False,False,False,False
PPO raw,456,overconfident_fail,1001,2,3.0,0.1202,0.8285,0.2474,6.789,Same,Same,none,False,False,False,False
PPO raw,456,overconfident_fail,1001,3,3.0,0.1263,0.8422,0.2677,7.436,Same,Same,none,False,False,False,False
PPO raw,456,overconfident_fail,1001,4,3.0,0.0687,0.8689,0.2421,6.798,Same,Same,none,False,False,False,False
PPO raw,456,overconfident_fail,1001,5,3.0,0.0683,0.8058,0.2593,6.962,Same,Same,none,False,False,False,False
PPO raw,456,overconfident_fail,1001,6,3.0,0.0016,0.8426,0.2023,6.793,Same,Same,none,False,False,False,False
PPO raw,456,overconfident_fail,1001,7,3.0,0.1293,0.8843,0.2756,7.395,Same,Same,none,False,False,False,False
PPO raw,456,overconfident_fail,1001,8,3.0,0.0523,0.8564,0.2338,6.897,Same,Same,none,False,False,False,False
PPO raw,456,overconfident_fail,1001,9,3.0,0.1102,0.8387,0.2593,7.035,Same,Same,none,False,False,False,False
PPO raw,456,overconfident_fail,1001,10,3.0,0.0875,0.88,0.285,7.24,Same,Same,none,False,False,False,False
PPO raw,456,overconfident_fail,2002,1,3.0,0.0303,0.856,0.2144,8.082,Same,Same,none,False,False,False,False
PPO raw,456,overconfident_fail,2002,2,3.0,0.0404,0.8127,0.2694,6.465,Same,Same,none,False,False,False,False
PPO raw,456,overconfident_fail,2002,3,3.0,0.0617,0.8644,0.2667,6.122,Same,Same,none,False,False,False,False
PPO raw,456,overconfident_fail,2002,4,3.0,0.163,0.8338,0.2619,7.223,Same,Same,none,False,False,False,False
PPO raw,456,overconfident_fail,2002,5,3.0,0.0522,0.8388,0.2137,7.318,Same,Same,none,False,False,False,False
PPO raw,456,overconfident_fail,2002,6,3.0,0.0629,0.8695,0.2807,7.428,Same,Same,none,False,False,False,False
PPO raw,456,overconfident_fail,2002,7,3.0,0.0805,0.841,0.2505,6.637,Same,Same,none,False,False,False,False
PPO raw,456,overconfident_fail,2002,8,3.0,0.0822,0.8478,0.2728,6.749,Same,Same,none,False,False,False,False
PPO raw,456,overconfident_fail,2002,9,3.0,0.1128,0.8522,0.2502,6.427,Same,Same,none,False,False,False,False
PPO raw,456,overconfident_fail,2002,10,3.0,0.1271,0.838,0.2647,6.238,Same,Same,none,False,False,False,False
PPO raw,456,overconfident_fail,3003,1,3.0,0.0883,0.8256,0.2149,7.149,Same,Same,none,False,False,False,False
PPO raw,456,overconfident_fail,3003,2,3.0,0.1054,0.8847,0.2512,6.941,Same,Same,none,False,False,False,False
PPO raw,456,overconfident_fail,3003,3,3.0,0.0886,0.8109,0.3032,7.221,Same,Same,none,False,False,False,False
PPO raw,456,overconfident_fail,3003,4,3.0,0.0921,0.8881,0.2378,7.197,Same,Same,none,False,False,False,False
PPO raw,456,overconfident_fail,3003,5,3.0,0.0916,0.8003,0.213,6.593,Same,Same,none,False,False,False,False
PPO raw,456,overconfident_fail,3003,6,3.0,0.1217,0.8202,0.214,6.311,Same,Same,none,False,False,False,False
PPO raw,456,overconfident_fail,3003,7,3.0,0.0888,0.8581,0.2377,6.005,Same,Same,none,False,False,False,False
PPO raw,456,overconfident_fail,3003,8,3.0,0.0,0.8333,0.2806,6.046,Same,Same,none,False,False,False,False
PPO raw,456,overconfident_fail,3003,9,3.0,0.0963,0.836,0.3304,6.607,Same,Same,none,False,False,False,False
PPO raw,456,overconfident_fail,3003,10,3.0,0.0682,0.8452,0.2314,6.569,Same,Same,none,False,False,False,False
PPO raw,456,overconfident_fail,4004,1,3.0,0.1115,0.8535,0.2505,6.97,Same,Same,none,False,False,False,False
PPO raw,456,overconfident_fail,4004,2,3.0,0.1046,0.8541,0.2805,6.948,Same,Same,none,False,False,False,False
PPO raw,456,overconfident_fail,4004,3,3.0,0.0985,0.8459,0.3125,7.307,Same,Same,none,False,False,False,False
PPO raw,456,overconfident_fail,4004,4,3.0,0.0471,0.8493,0.2174,7.545,Same,Same,none,False,False,False,False
PPO raw,456,overconfident_fail,4004,5,3.0,0.1395,0.8209,0.2451,7.098,Same,Same,none,False,False,False,False
PPO raw,456,overconfident_fail,4004,6,3.0,0.1635,0.8566,0.2856,6.983,Same,Same,none,False,False,False,False
PPO raw,456,overconfident_fail,4004,7,3.0,0.1147,0.8571,0.2586,7.355,Same,Same,none,False,False,False,False
PPO raw,456,overconfident_fail,4004,8,3.0,0.0863,0.8511,0.2092,6.544,Same,Same,none,False,False,False,False
PPO raw,456,overconfident_fail,4004,9,3.0,0.0609,0.8759,0.2862,6.651,Same,Same,none,False,False,False,False
PPO raw,456,overconfident_fail,4004,10,3.0,0.0934,0.8284,0.2059,6.041,Same,Same,none,False,False,False,False
PPO raw,456,overconfident_fail,5005,1,3.0,0.0132,0.8616,0.2782,7.211,Same,Same,none,False,False,False,False
PPO raw,456,overconfident_fail,5005,2,3.0,0.0177,0.8372,0.2424,7.24,Same,Same,none,False,False,False,False
PPO raw,456,overconfident_fail,5005,3,3.0,0.0694,0.8549,0.2165,7.245,Same,Same,none,False,False,False,False
PPO raw,456,overconfident_fail,5005,4,3.0,0.1381,0.8553,0.2856,7.02,Same,Same,none,False,False,False,False
PPO raw,456,overconfident_fail,5005,5,3.0,0.1045,0.8709,0.1909,7.625,Same,Same,none,False,False,False,False
PPO raw,456,overconfident_fail,5005,6,3.0,0.0889,0.8611,0.2717,5.946,Same,Same,none,False,False,False,False
PPO raw,456,overconfident_fail,5005,7,3.0,0.1134,0.8599,0.2251,6.554,Same,Same,none,False,False,False,False
PPO raw,456,overconfident_fail,5005,8,3.0,0.0445,0.839,0.2474,6.966,Same,Same,none,False,False,False,False
PPO raw,456,overconfident_fail,5005,9,3.0,0.0634,0.8455,0.2349,7.267,Same,Same,none,False,False,False,False
PPO raw,456,overconfident_fail,5005,10,3.0,0.0777,0.8668,0.2463,6.666,Same,Same,none,False,False,False,False
PPO raw,456,normal,1001,1,3.0,0.4674,0.2547,0.7208,6.148,Same,Same,none,False,False,False,False
PPO raw,456,normal,1001,2,3.0,0.4638,0.2689,0.8358,7.76,Same,Same,none,False,False,False,False
PPO raw,456,normal,1001,3,3.0,0.5249,0.3732,0.6101,5.814,Same,Same,none,False,False,False,False
PPO raw,456,normal,1001,4,3.0,0.4678,0.3117,0.7823,6.304,Same,Same,none,False,False,False,False
PPO raw,456,normal,1001,5,3.0,0.5368,0.4622,0.5694,5.796,Same,Same,none,False,False,False,False
PPO raw,456,normal,1001,6,3.0,0.5177,0.2673,0.7068,6.935,Same,Same,none,False,False,False,False
PPO raw,456,normal,1001,7,3.0,0.4781,0.4281,0.6475,6.178,Same,Same,none,False,False,False,False
PPO raw,456,normal,1001,8,3.0,0.4951,0.2776,0.695,6.489,Same,Same,none,False,False,False,False
PPO raw,456,normal,1001,9,3.0,0.485,0.1802,0.8446,6.576,Same,Same,none,False,False,False,False
PPO raw,456,normal,1001,10,3.0,0.5219,0.3643,0.5837,5.469,Same,Same,none,False,False,False,False
PPO raw,456,normal,2002,1,3.0,0.4608,0.3805,0.7601,7.749,Same,Same,none,False,False,False,False
PPO raw,456,normal,2002,2,3.0,0.4794,0.3504,0.5545,5.728,Same,Same,none,False,False,False,False
PPO raw,456,normal,2002,3,3.0,0.5544,0.3957,0.5207,5.255,Same,Same,none,False,False,False,False
PPO raw,456,normal,2002,4,3.0,0.4441,0.3394,0.6642,7.036,Same,Same,none,False,False,False,False
PPO raw,456,normal,2002,5,3.0,0.4543,0.2857,0.6229,6.372,Same,Same,none,False,False,False,False
PPO raw,456,normal,2002,6,3.0,0.5167,0.4381,0.5934,6.604,Same,Same,none,False,False,False,False
PPO raw,456,normal,2002,7,3.0,0.5142,0.5363,0.3991,5.25,Same,Same,none,False,False,False,False
PPO raw,456,normal,2002,8,3.0,0.5065,0.3785,0.6413,6.464,Same,Same,none,False,False,False,False
PPO raw,456,normal,2002,9,3.0,0.4437,0.2544,0.6489,6.145,Same,Same,none,False,False,False,False
PPO raw,456,normal,2002,10,3.0,0.5081,0.2775,0.9003,7.235,Same,Same,none,False,False,False,False
PPO raw,456,normal,3003,1,3.0,0.5381,0.3184,0.8131,7.094,Same,Same,none,False,False,False,False
PPO raw,456,normal,3003,2,3.0,0.4505,0.215,0.6914,6.361,Same,Same,none,False,False,False,False
PPO raw,456,normal,3003,3,3.0,0.4795,0.2727,0.7618,7.301,Same,Same,none,False,False,False,False
PPO raw,456,normal,3003,4,3.0,0.5521,0.4049,0.632,5.766,Same,Same,none,False,False,False,False
PPO raw,456,normal,3003,5,3.0,0.5254,0.4082,0.5582,5.288,Same,Same,none,False,False,False,False
PPO raw,456,normal,3003,6,3.0,0.5532,0.4005,0.5686,5.853,Same,Same,none,False,False,False,False
PPO raw,456,normal,3003,7,3.0,0.5171,0.4024,0.7499,6.583,Same,Same,none,False,False,False,False
PPO raw,456,normal,3003,8,3.0,0.4966,0.2669,0.74,6.237,Same,Same,none,False,False,False,False
PPO raw,456,normal,3003,9,3.0,0.5178,0.1937,0.7076,6.714,Same,Same,none,False,False,False,False
PPO raw,456,normal,3003,10,3.0,0.5287,0.3171,0.5891,6.324,Same,Same,none,False,False,False,False
PPO raw,456,normal,4004,1,3.0,0.5363,0.3673,0.5976,6.086,Same,Same,none,False,False,False,False
PPO raw,456,normal,4004,2,3.0,0.488,0.3503,0.6511,6.111,Same,Same,none,False,False,False,False
PPO raw,456,normal,4004,3,3.0,0.5257,0.4248,0.5508,6.37,Same,Same,none,False,False,False,False
PPO raw,456,normal,4004,4,3.0,0.5062,0.4274,0.5919,5.741,Same,Same,none,False,False,False,False
PPO raw,456,normal,4004,5,3.0,0.5038,0.4036,0.6287,6.113,Same,Same,none,False,False,False,False
PPO raw,456,normal,4004,6,3.0,0.5625,0.3478,0.7214,6.791,Same,Same,none,False,False,False,False
PPO raw,456,normal,4004,7,3.0,0.5416,0.3626,0.6347,5.866,Same,Same,none,False,False,False,False
PPO raw,456,normal,4004,8,3.0,0.5128,0.4897,0.5703,5.994,Same,Same,none,False,False,False,False
PPO raw,456,normal,4004,9,3.0,0.5653,0.3134,0.6734,6.552,Same,Same,none,False,False,False,False
PPO raw,456,normal,4004,10,3.0,0.5003,0.2535,0.8367,8.243,Same,Same,none,False,False,False,False
PPO raw,456,normal,5005,1,3.0,0.4326,0.3876,0.647,6.396,Same,Same,none,False,False,False,False
PPO raw,456,normal,5005,2,3.0,0.4962,0.3868,0.6883,5.714,Same,Same,none,False,False,False,False
PPO raw,456,normal,5005,3,3.0,0.5471,0.3942,0.6505,6.313,Same,Same,none,False,False,False,False
PPO raw,456,normal,5005,4,3.0,0.4807,0.3129,0.729,6.195,Same,Same,none,False,False,False,False
PPO raw,456,normal,5005,5,3.0,0.4856,0.4054,0.4767,5.564,Same,Same,none,False,False,False,False
PPO raw,456,normal,5005,6,3.0,0.4665,0.4213,0.614,6.554,Same,Same,none,False,False,False,False
PPO raw,456,normal,5005,7,3.0,0.497,0.382,0.6394,6.594,Same,Same,none,False,False,False,False
PPO raw,456,normal,5005,8,3.0,0.4925,0.4,0.5948,6.53,Same,Same,none,False,False,False,False
PPO raw,456,normal,5005,9,3.0,0.5432,0.4665,0.3759,4.899,Same,Same,none,False,False,False,False
PPO raw,456,normal,5005,10,3.0,0.5606,0.3637,0.4759,5.808,Same,Same,none,False,False,False,False
PPO raw,456,lucky_guesser,1001,1,3.0,0.9319,0.2807,0.8392,5.474,Same,Same,none,False,False,False,False
PPO raw,456,lucky_guesser,1001,2,3.0,0.9363,0.2678,0.7974,4.857,Same,Same,none,False,False,False,False
PPO raw,456,lucky_guesser,1001,3,3.0,0.9559,0.2884,0.8177,6.762,Same,Same,none,False,False,False,False
PPO raw,456,lucky_guesser,1001,4,3.0,0.9714,0.3283,0.7921,6.125,Same,Same,none,False,False,False,False
PPO raw,456,lucky_guesser,1001,5,3.0,0.9425,0.2336,0.8093,5.748,Same,Same,none,False,False,False,False
PPO raw,456,lucky_guesser,1001,6,3.0,0.9246,0.2889,0.7523,5.264,Same,Same,none,False,False,False,False
PPO raw,456,lucky_guesser,1001,7,3.0,0.9513,0.3515,0.8256,5.742,Same,Same,none,False,False,False,False
PPO raw,456,lucky_guesser,1001,8,3.0,0.9438,0.3096,0.7838,6.343,Same,Same,none,False,False,False,False
PPO raw,456,lucky_guesser,1001,9,3.0,0.9489,0.283,0.8093,5.317,Same,Same,none,False,False,False,False
PPO raw,456,lucky_guesser,1001,10,3.0,0.937,0.345,0.835,5.773,Same,Same,none,False,False,False,False
PPO raw,456,lucky_guesser,2002,1,3.0,0.9397,0.309,0.7644,6.952,Same,Same,none,False,False,False,False
PPO raw,456,lucky_guesser,2002,2,3.0,0.9269,0.2441,0.8194,4.605,Same,Same,none,False,False,False,False
PPO raw,456,lucky_guesser,2002,3,3.0,0.9328,0.3216,0.8167,4.015,Same,Same,none,False,False,False,False
PPO raw,456,lucky_guesser,2002,4,3.0,0.9869,0.2758,0.8119,6.146,Same,Same,none,False,False,False,False
PPO raw,456,lucky_guesser,2002,5,3.0,0.9219,0.2831,0.7637,5.66,Same,Same,none,False,False,False,False
PPO raw,456,lucky_guesser,2002,6,3.0,0.9436,0.3292,0.8307,5.545,Same,Same,none,False,False,False,False
PPO raw,456,lucky_guesser,2002,7,3.0,0.9595,0.2865,0.8005,5.072,Same,Same,none,False,False,False,False
PPO raw,456,lucky_guesser,2002,8,3.0,0.9456,0.2968,0.8228,5.481,Same,Same,none,False,False,False,False
PPO raw,456,lucky_guesser,2002,9,3.0,0.9527,0.3033,0.8002,5.177,Same,Same,none,False,False,False,False
PPO raw,456,lucky_guesser,2002,10,3.0,0.9599,0.282,0.8147,4.501,Same,Same,none,False,False,False,False
PPO raw,456,lucky_guesser,3003,1,3.0,0.9253,0.2634,0.7649,6.426,Same,Same,none,False,False,False,False
PPO raw,456,lucky_guesser,3003,2,3.0,0.9734,0.3521,0.8012,5.578,Same,Same,none,False,False,False,False
PPO raw,456,lucky_guesser,3003,3,3.0,0.9437,0.2414,0.8532,6.422,Same,Same,none,False,False,False,False
PPO raw,456,lucky_guesser,3003,4,3.0,0.9576,0.3571,0.7878,5.731,Same,Same,none,False,False,False,False
PPO raw,456,lucky_guesser,3003,5,3.0,0.9589,0.2254,0.763,5.575,Same,Same,none,False,False,False,False
PPO raw,456,lucky_guesser,3003,6,3.0,0.9663,0.2554,0.764,4.432,Same,Same,none,False,False,False,False
PPO raw,456,lucky_guesser,3003,7,3.0,0.9502,0.3121,0.7877,4.44,Same,Same,none,False,False,False,False
PPO raw,456,lucky_guesser,3003,8,3.0,0.9264,0.2749,0.8306,4.49,Same,Same,none,False,False,False,False
PPO raw,456,lucky_guesser,3003,9,3.0,0.9778,0.279,0.8804,4.662,Same,Same,none,False,False,False,False
PPO raw,456,lucky_guesser,3003,10,3.0,0.9587,0.2928,0.7814,5.265,Same,Same,none,False,False,False,False
PPO raw,456,lucky_guesser,4004,1,3.0,0.944,0.3053,0.8005,5.274,Same,Same,none,False,False,False,False
PPO raw,456,lucky_guesser,4004,2,3.0,0.9779,0.3062,0.8305,5.479,Same,Same,none,False,False,False,False
PPO raw,456,lucky_guesser,4004,3,3.0,0.9561,0.2939,0.8625,6.049,Same,Same,none,False,False,False,False
PPO raw,456,lucky_guesser,4004,4,3.0,0.9438,0.299,0.7674,5.97,Same,Same,none,False,False,False,False
PPO raw,456,lucky_guesser,4004,5,3.0,0.9826,0.2564,0.7951,5.16,Same,Same,none,False,False,False,False
PPO raw,456,lucky_guesser,4004,6,3.0,0.9979,0.3099,0.8356,5.117,Same,Same,none,False,False,False,False
PPO raw,456,lucky_guesser,4004,7,3.0,0.9498,0.3107,0.8086,5.409,Same,Same,none,False,False,False,False
PPO raw,456,lucky_guesser,4004,8,3.0,0.9646,0.3017,0.7592,5.515,Same,Same,none,False,False,False,False
PPO raw,456,lucky_guesser,4004,9,3.0,0.9337,0.3389,0.8362,5.135,Same,Same,none,False,False,False,False
PPO raw,456,lucky_guesser,4004,10,3.0,0.9259,0.2675,0.7559,3.996,Same,Same,none,False,False,False,False
PPO raw,456,lucky_guesser,5005,1,3.0,0.9481,0.3174,0.8282,5.607,Same,Same,none,False,False,False,False
PPO raw,456,lucky_guesser,5005,2,3.0,0.9519,0.2807,0.7924,5.417,Same,Same,none,False,False,False,False
PPO raw,456,lucky_guesser,5005,3,3.0,0.9279,0.3074,0.7665,5.977,Same,Same,none,False,False,False,False
PPO raw,456,lucky_guesser,5005,4,3.0,0.9575,0.308,0.8356,5.681,Same,Same,none,False,False,False,False
PPO raw,456,lucky_guesser,5005,5,3.0,0.9716,0.3314,0.7409,5.655,Same,Same,none,False,False,False,False
PPO raw,456,lucky_guesser,5005,6,3.0,0.9673,0.3167,0.8217,4.127,Same,Same,none,False,False,False,False
PPO raw,456,lucky_guesser,5005,7,3.0,0.9395,0.3149,0.7751,4.557,Same,Same,none,False,False,False,False
PPO raw,456,lucky_guesser,5005,8,3.0,0.9327,0.2835,0.7974,5.316,Same,Same,none,False,False,False,False
PPO raw,456,lucky_guesser,5005,9,3.0,0.972,0.2933,0.7849,7.035,Same,Same,none,False,False,False,False
PPO raw,456,lucky_guesser,5005,10,3.0,0.9499,0.3252,0.7963,5.004,Same,Same,none,False,False,False,False
PPO raw,456,nervous_expert,1001,1,3.0,0.8471,0.4392,0.7892,5.352,Same,Same,none,False,False,False,False
PPO raw,456,nervous_expert,1001,2,3.0,0.94,0.6349,0.7474,4.687,Same,Same,none,False,False,False,False
PPO raw,456,nervous_expert,1001,3,3.0,0.94,0.463,0.7677,6.649,Same,Same,none,False,False,False,False
PPO raw,456,nervous_expert,1001,4,3.0,0.8894,0.5165,0.7421,6.019,Same,Same,none,False,False,False,False
PPO raw,456,nervous_expert,1001,5,3.0,0.8889,0.415,0.7593,5.611,Same,Same,none,False,False,False,False
PPO raw,456,nervous_expert,1001,6,3.0,0.8222,0.5461,0.7023,5.119,Same,Same,none,False,False,False,False
PPO raw,456,nervous_expert,1001,7,3.0,0.94,0.6829,0.7756,5.587,Same,Same,none,False,False,False,False
PPO raw,456,nervous_expert,1001,8,3.0,0.8729,0.3806,0.7338,6.242,Same,Same,none,False,False,False,False
PPO raw,456,nervous_expert,1001,9,3.0,0.9308,0.5759,0.7593,5.163,Same,Same,none,False,False,False,False
PPO raw,456,nervous_expert,1001,10,3.0,0.9081,0.6567,0.785,5.628,Same,Same,none,False,False,False,False
PPO raw,456,nervous_expert,2002,1,3.0,0.8509,0.5933,0.7144,6.812,Same,Same,none,False,False,False,False
PPO raw,456,nervous_expert,2002,2,3.0,0.861,0.6129,0.7694,4.439,Same,Same,none,False,False,False,False
PPO raw,456,nervous_expert,2002,3,3.0,0.8823,0.7316,0.7667,3.978,Same,Same,none,False,False,False,False
PPO raw,456,nervous_expert,2002,4,3.0,0.94,0.5878,0.7619,6.018,Same,Same,none,False,False,False,False
PPO raw,456,nervous_expert,2002,5,3.0,0.8728,0.5655,0.7137,5.506,Same,Same,none,False,False,False,False
PPO raw,456,nervous_expert,2002,6,3.0,0.8835,0.5903,0.7807,5.357,Same,Same,none,False,False,False,False
PPO raw,456,nervous_expert,2002,7,3.0,0.9011,0.5185,0.7505,4.906,Same,Same,none,False,False,False,False
PPO raw,456,nervous_expert,2002,8,3.0,0.9029,0.5983,0.7728,5.35,Same,Same,none,False,False,False,False
PPO raw,456,nervous_expert,2002,9,3.0,0.9334,0.4873,0.7502,5.031,Same,Same,none,False,False,False,False
PPO raw,456,nervous_expert,2002,10,3.0,0.94,0.6252,0.7647,4.35,Same,Same,none,False,False,False,False
PPO raw,456,nervous_expert,3003,1,3.0,0.9089,0.4856,0.7149,6.314,Same,Same,none,False,False,False,False
PPO raw,456,nervous_expert,3003,2,3.0,0.926,0.549,0.7512,5.427,Same,Same,none,False,False,False,False
PPO raw,456,nervous_expert,3003,3,3.0,0.9092,0.4128,0.8032,6.307,Same,Same,none,False,False,False,False
PPO raw,456,nervous_expert,3003,4,3.0,0.9127,0.5827,0.7378,5.584,Same,Same,none,False,False,False,False
PPO raw,456,nervous_expert,3003,5,3.0,0.9122,0.3961,0.713,5.456,Same,Same,none,False,False,False,False
PPO raw,456,nervous_expert,3003,6,3.0,0.94,0.593,0.714,4.261,Same,Same,none,False,False,False,False
PPO raw,456,nervous_expert,3003,7,3.0,0.9095,0.5548,0.7377,4.272,Same,Same,none,False,False,False,False
PPO raw,456,nervous_expert,3003,8,3.0,0.82,0.5163,0.7806,4.323,Same,Same,none,False,False,False,False
PPO raw,456,nervous_expert,3003,9,3.0,0.9169,0.6116,0.8304,4.487,Same,Same,none,False,False,False,False
PPO raw,456,nervous_expert,3003,10,3.0,0.8888,0.5284,0.7314,5.135,Same,Same,none,False,False,False,False
PPO raw,456,nervous_expert,4004,1,3.0,0.9321,0.5764,0.7505,5.115,Same,Same,none,False,False,False,False
PPO raw,456,nervous_expert,4004,2,3.0,0.9252,0.6041,0.7805,5.338,Same,Same,none,False,False,False,False
PPO raw,456,nervous_expert,4004,3,3.0,0.9191,0.4919,0.8125,5.913,Same,Same,none,False,False,False,False
PPO raw,456,nervous_expert,4004,4,3.0,0.8677,0.5856,0.7174,5.817,Same,Same,none,False,False,False,False
PPO raw,456,nervous_expert,4004,5,3.0,0.94,0.6499,0.7451,4.993,Same,Same,none,False,False,False,False
PPO raw,456,nervous_expert,4004,6,3.0,0.94,0.5808,0.7856,4.932,Same,Same,none,False,False,False,False
PPO raw,456,nervous_expert,4004,7,3.0,0.9353,0.5954,0.7586,5.225,Same,Same,none,False,False,False,False
PPO raw,456,nervous_expert,4004,8,3.0,0.9069,0.5304,0.7092,5.397,Same,Same,none,False,False,False,False
PPO raw,456,nervous_expert,4004,9,3.0,0.8816,0.6821,0.7862,4.995,Same,Same,none,False,False,False,False
PPO raw,456,nervous_expert,4004,10,3.0,0.914,0.6754,0.7059,3.891,Same,Same,none,False,False,False,False
PPO raw,456,nervous_expert,5005,1,3.0,0.8338,0.6088,0.7782,5.457,Same,Same,none,False,False,False,False
PPO raw,456,nervous_expert,5005,2,3.0,0.8383,0.5764,0.7424,5.256,Same,Same,none,False,False,False,False
PPO raw,456,nervous_expert,5005,3,3.0,0.89,0.4859,0.7165,5.831,Same,Same,none,False,False,False,False
PPO raw,456,nervous_expert,5005,4,3.0,0.94,0.6376,0.7856,5.545,Same,Same,none,False,False,False,False
PPO raw,456,nervous_expert,5005,5,3.0,0.9251,0.6352,0.6909,5.483,Same,Same,none,False,False,False,False
PPO raw,456,nervous_expert,5005,6,3.0,0.9095,0.6946,0.7717,3.959,Same,Same,none,False,False,False,False
PPO raw,456,nervous_expert,5005,7,3.0,0.934,0.6224,0.7251,4.366,Same,Same,none,False,False,False,False
PPO raw,456,nervous_expert,5005,8,3.0,0.8651,0.5905,0.7474,5.166,Same,Same,none,False,False,False,False
PPO raw,456,nervous_expert,5005,9,3.0,0.884,0.3543,0.7349,6.943,Same,Same,none,False,False,False,False
PPO raw,456,nervous_expert,5005,10,3.0,0.8983,0.6126,0.7463,4.854,Same,Same,none,False,False,False,False
PPO+G,456,struggling_junior,1001,1,3.0,0.0,0.0,1.0,9.015,Same,Easier,g4_stuck_easier,True,True,False,False
PPO+G,456,struggling_junior,1001,2,2.0,0.102,0.0217,0.9376,7.082,Easier,Easier,g4_stuck_easier,True,False,False,False
PPO+G,456,struggling_junior,1001,3,1.0,0.3177,0.257,0.7712,4.14,Easier,Same,g2_anxiety_stabilizer_same,True,True,False,True
PPO+G,456,struggling_junior,1001,4,1.0,0.252,0.3558,0.6175,4.225,Easier,Easier,g4_stuck_easier,True,False,True,True
PPO+G,456,struggling_junior,1001,5,1.0,0.3219,0.1769,0.7986,4.697,Easier,Same,g2_anxiety_stabilizer_same,True,True,False,True
PPO+G,456,struggling_junior,1001,6,1.0,0.3267,0.3287,0.6338,3.84,Easier,Easier,none,False,False,True,True
PPO+G,456,struggling_junior,1001,7,1.0,0.2865,0.2876,0.5078,4.003,Easier,Easier,none,False,False,True,True
PPO+G,456,struggling_junior,1001,8,1.0,0.2959,0.3301,0.7128,4.584,Easier,Easier,g4_stuck_easier,True,False,True,True
PPO+G,456,struggling_junior,1001,9,1.0,0.3148,0.278,0.7938,5.301,Easier,Same,g2_anxiety_stabilizer_same,True,True,False,True
PPO+G,456,struggling_junior,1001,10,1.0,0.2795,0.3481,0.8566,4.616,Easier,Easier,g4_stuck_easier,True,False,True,True
PPO+G,456,struggling_junior,2002,1,3.0,0.0,0.009,0.9933,11.225,Same,Easier,g4_stuck_easier,True,True,False,False
PPO+G,456,struggling_junior,2002,2,2.0,0.1788,0.032,0.8323,6.887,Easier,Easier,g4_stuck_easier,True,False,False,False
PPO+G,456,struggling_junior,2002,3,1.0,0.2657,0.3216,0.8245,3.542,Easier,Easier,g4_stuck_easier,True,False,True,True
PPO+G,456,struggling_junior,2002,4,1.0,0.2933,0.3601,0.578,4.239,Easier,Easier,none,False,False,True,True
PPO+G,456,struggling_junior,2002,5,1.0,0.2437,0.2831,0.6299,4.617,Easier,Easier,g4_stuck_easier,True,False,True,True
PPO+G,456,struggling_junior,2002,6,1.0,0.2757,0.3414,0.7511,4.313,Easier,Easier,g4_stuck_easier,True,False,True,True
PPO+G,456,struggling_junior,2002,7,1.0,0.3189,0.2865,0.9392,4.215,Easier,Same,g2_anxiety_stabilizer_same,True,True,False,True
PPO+G,456,struggling_junior,2002,8,1.0,0.2858,0.2296,0.8804,4.668,Easier,Easier,g4_stuck_easier,True,False,True,True
PPO+G,456,struggling_junior,2002,9,1.0,0.3251,0.2973,0.6723,4.666,Easier,Easier,none,False,False,True,True
PPO+G,456,struggling_junior,2002,10,1.0,0.2619,0.2299,0.687,4.369,Easier,Easier,g4_stuck_easier,True,False,True,True
PPO+G,456,struggling_junior,3003,1,3.0,0.0278,0.0,0.9865,9.928,Same,Easier,g4_stuck_easier,True,True,False,False
PPO+G,456,struggling_junior,3003,2,2.0,0.2362,0.0367,0.8923,7.208,Easier,Easier,g4_stuck_easier,True,False,False,False
PPO+G,456,struggling_junior,3003,3,1.0,0.3532,0.2988,0.5533,3.777,Harder,Harder,none,False,False,False,False
PPO+G,456,struggling_junior,3003,4,2.0,0.2025,0.0,0.9592,6.962,Easier,Easier,g4_stuck_easier,True,False,False,False
PPO+G,456,struggling_junior,3003,5,1.0,0.2648,0.3325,0.689,4.51,Easier,Easier,g4_stuck_easier,True,False,True,True
PPO+G,456,struggling_junior,3003,6,1.0,0.2983,0.2338,0.8094,5.032,Easier,Easier,g4_stuck_easier,True,False,True,True
PPO+G,456,struggling_junior,3003,7,1.0,0.2749,0.2707,0.9088,4.159,Easier,Easier,g4_stuck_easier,True,False,True,True
PPO+G,456,struggling_junior,3003,8,1.0,0.2676,0.2606,0.7114,4.438,Easier,Easier,g4_stuck_easier,True,False,True,True
PPO+G,456,struggling_junior,3003,9,1.0,0.2928,0.2814,0.5154,4.201,Easier,Easier,none,False,False,True,True
PPO+G,456,struggling_junior,3003,10,1.0,0.2943,0.2777,0.8272,4.511,Easier,Easier,g4_stuck_easier,True,False,True,True
PPO+G,456,struggling_junior,4004,1,3.0,0.0634,0.0053,1.0,9.681,Same,Easier,g4_stuck_easier,True,True,False,False
PPO+G,456,struggling_junior,4004,2,2.0,0.171,0.0607,0.9976,7.806,Easier,Easier,g4_stuck_easier,True,False,False,False
PPO+G,456,struggling_junior,4004,3,1.0,0.3038,0.3214,0.5852,4.101,Easier,Easier,none,False,False,True,True
PPO+G,456,struggling_junior,4004,4,1.0,0.3248,0.2895,0.8087,4.496,Harder,Same,g2_anxiety_stabilizer_same,True,True,False,False
PPO+G,456,struggling_junior,4004,5,1.0,0.3225,0.2808,0.781,5.275,Easier,Same,g2_anxiety_stabilizer_same,True,True,False,True
PPO+G,456,struggling_junior,4004,6,1.0,0.3084,0.2657,0.8429,5.386,Easier,Same,g2_anxiety_stabilizer_same,True,True,False,True
PPO+G,456,struggling_junior,4004,7,1.0,0.2736,0.3516,0.8626,4.451,Easier,Easier,g4_stuck_easier,True,False,True,True
PPO+G,456,struggling_junior,4004,8,1.0,0.2687,0.2719,0.6216,4.878,Easier,Easier,g4_stuck_easier,True,False,True,True
PPO+G,456,struggling_junior,4004,9,1.0,0.2675,0.3389,0.6579,4.191,Easier,Easier,g4_stuck_easier,True,False,True,True
PPO+G,456,struggling_junior,4004,10,1.0,0.273,0.3293,0.7589,4.454,Easier,Easier,g4_stuck_easier,True,False,True,True
PPO+G,456,struggling_junior,5005,1,3.0,0.0,0.0174,0.9971,10.015,Same,Easier,g4_stuck_easier,True,True,False,False
PPO+G,456,struggling_junior,5005,2,2.0,0.2227,0.0,1.0,7.899,Easier,Easier,g4_stuck_easier,True,False,False,False
PPO+G,456,struggling_junior,5005,3,1.0,0.2558,0.2821,0.7399,4.828,Easier,Easier,g4_stuck_easier,True,False,True,True
PPO+G,456,struggling_junior,5005,4,1.0,0.2905,0.3271,0.6445,4.703,Easier,Easier,g4_stuck_easier,True,False,True,True
PPO+G,456,struggling_junior,5005,5,1.0,0.2409,0.2827,0.6745,4.714,Easier,Easier,g4_stuck_easier,True,False,True,True
PPO+G,456,struggling_junior,5005,6,1.0,0.3498,0.3031,0.522,3.963,Easier,Easier,none,False,False,True,True
PPO+G,456,struggling_junior,5005,7,1.0,0.3295,0.3114,0.688,4.114,Easier,Easier,none,False,False,True,True
PPO+G,456,struggling_junior,5005,8,1.0,0.2878,0.2842,0.8113,4.912,Easier,Easier,g4_stuck_easier,True,False,True,True
PPO+G,456,struggling_junior,5005,9,1.0,0.2717,0.2998,0.7296,4.667,Easier,Easier,g4_stuck_easier,True,False,True,True
PPO+G,456,struggling_junior,5005,10,1.0,0.3079,0.3541,0.5852,4.11,Easier,Easier,none,False,False,True,True
PPO+G,456,overconfident_fail,1001,1,3.0,0.0264,0.8372,0.2892,6.491,Same,Easier,g1_overload_protection,True,True,False,False
PPO+G,456,overconfident_fail,1001,2,2.0,0.1817,0.8285,0.2474,4.623,Easier,Easier,g1_overload_protection,True,False,False,False
PPO+G,456,overconfident_fail,1001,3,1.0,0.2079,0.8422,0.2677,3.369,Harder,Harder,none,False,False,False,False
PPO+G,456,overconfident_fail,1001,4,2.0,0.2286,0.8689,0.2421,5.341,Easier,Easier,g1_overload_protection,True,False,False,False
PPO+G,456,overconfident_fail,1001,5,1.0,0.19,0.8058,0.2593,2.899,Harder,Harder,none,False,False,False,False
PPO+G,456,overconfident_fail,1001,6,2.0,0.1661,0.8426,0.2023,4.836,Easier,Easier,g1_overload_protection,True,False,False,False
PPO+G,456,overconfident_fail,1001,7,1.0,0.2017,0.8843,0.2756,2.911,Harder,Harder,none,False,False,False,False
PPO+G,456,overconfident_fail,1001,8,2.0,0.1917,0.8564,0.2338,5.419,Easier,Easier,g1_overload_protection,True,False,False,False
PPO+G,456,overconfident_fail,1001,9,1.0,0.1986,0.8387,0.2593,2.704,Easier,Easier,none,False,False,True,True
PPO+G,456,overconfident_fail,1001,10,1.0,0.1826,0.88,0.285,2.918,Easier,Easier,none,False,False,True,True
PPO+G,456,overconfident_fail,2002,1,3.0,0.0303,0.856,0.2144,8.082,Same,Easier,g1_overload_protection,True,True,False,False
PPO+G,456,overconfident_fail,2002,2,2.0,0.1692,0.8127,0.2694,4.399,Easier,Easier,g1_overload_protection,True,False,False,False
PPO+G,456,overconfident_fail,2002,3,1.0,0.1771,0.8644,0.1986,2.119,Harder,Harder,none,False,False,False,False
PPO+G,456,overconfident_fail,2002,4,2.0,0.2492,0.8338,0.2619,5.472,Easier,Easier,g1_overload_protection,True,False,False,False
PPO+G,456,overconfident_fail,2002,5,1.0,0.1625,0.8388,0.2137,2.87,Easier,Easier,none,False,False,True,True
PPO+G,456,overconfident_fail,2002,6,1.0,0.1914,0.8695,0.2807,2.843,Harder,Harder,none,False,False,False,False
PPO+G,456,overconfident_fail,2002,7,2.0,0.2126,0.841,0.2505,4.776,Easier,Easier,g1_overload_protection,True,False,False,False
PPO+G,456,overconfident_fail,2002,8,1.0,0.1941,0.8478,0.2728,2.764,Easier,Easier,none,False,False,True,True
PPO+G,456,overconfident_fail,2002,9,1.0,0.2036,0.8522,0.2502,2.63,Easier,Easier,none,False,False,True,True
PPO+G,456,overconfident_fail,2002,10,1.0,0.2131,0.838,0.2647,2.307,Easier,Easier,none,False,False,True,True
PPO+G,456,overconfident_fail,3003,1,3.0,0.0883,0.8256,0.2149,7.149,Same,Easier,g1_overload_protection,True,True,False,False
PPO+G,456,overconfident_fail,3003,2,2.0,0.2312,0.8847,0.2512,5.119,Harder,Easier,g1_overload_protection,True,True,False,False
PPO+G,456,overconfident_fail,3003,3,1.0,0.1916,0.8109,0.3032,3.207,Harder,Harder,none,False,False,False,False
PPO+G,456,overconfident_fail,3003,4,2.0,0.2101,0.8881,0.2378,5.225,Easier,Easier,g1_overload_protection,True,False,False,False
PPO+G,456,overconfident_fail,3003,5,1.0,0.2118,0.8003,0.213,2.799,Harder,Harder,none,False,False,False,False
PPO+G,456,overconfident_fail,3003,6,2.0,0.2217,0.8202,0.214,4.282,Easier,Easier,g1_overload_protection,True,False,False,False
PPO+G,456,overconfident_fail,3003,7,1.0,0.2003,0.8581,0.2377,2.292,Harder,Harder,none,False,False,False,False
PPO+G,456,overconfident_fail,3003,8,2.0,0.1685,0.8333,0.2806,4.312,Easier,Easier,g1_overload_protection,True,False,False,False
PPO+G,456,overconfident_fail,3003,9,1.0,0.2371,0.836,0.3304,2.406,Harder,Harder,none,False,False,False,False
PPO+G,456,overconfident_fail,3003,10,2.0,0.2116,0.8452,0.2314,4.777,Easier,Easier,g1_overload_protection,True,False,False,False
PPO+G,456,overconfident_fail,4004,1,3.0,0.1115,0.8535,0.2505,6.97,Same,Easier,g1_overload_protection,True,True,False,False
PPO+G,456,overconfident_fail,4004,2,2.0,0.2372,0.8541,0.2805,4.998,Harder,Easier,g1_overload_protection,True,True,False,False
PPO+G,456,overconfident_fail,4004,3,1.0,0.2081,0.8459,0.3125,3.044,Harder,Harder,none,False,False,False,False
PPO+G,456,overconfident_fail,4004,4,2.0,0.1917,0.8493,0.2174,5.439,Easier,Easier,g1_overload_protection,True,False,False,False
PPO+G,456,overconfident_fail,4004,5,1.0,0.2435,0.8209,0.2451,2.639,Harder,Harder,none,False,False,False,False
PPO+G,456,overconfident_fail,4004,6,2.0,0.2638,0.8566,0.2856,4.893,Harder,Easier,g1_overload_protection,True,True,False,False
PPO+G,456,overconfident_fail,4004,7,1.0,0.1997,0.8571,0.2586,2.774,Harder,Harder,none,False,False,False,False
PPO+G,456,overconfident_fail,4004,8,2.0,0.2194,0.8511,0.2092,4.925,Easier,Easier,g1_overload_protection,True,False,False,False
PPO+G,456,overconfident_fail,4004,9,1.0,0.1783,0.8759,0.2862,2.605,Easier,Easier,none,False,False,True,True
PPO+G,456,overconfident_fail,4004,10,1.0,0.1678,0.8284,0.1518,2.103,Easier,Easier,none,False,False,True,True
PPO+G,456,overconfident_fail,5005,1,3.0,0.0132,0.8616,0.2782,7.211,Same,Easier,g1_overload_protection,True,True,False,False
PPO+G,456,overconfident_fail,5005,2,2.0,0.2025,0.8372,0.2424,5.031,Easier,Easier,g1_overload_protection,True,False,False,False
PPO+G,456,overconfident_fail,5005,3,1.0,0.1705,0.8549,0.2165,3.016,Harder,Harder,none,False,False,False,False
PPO+G,456,overconfident_fail,5005,4,2.0,0.21,0.8553,0.2856,5.139,Easier,Easier,g1_overload_protection,True,False,False,False
PPO+G,456,overconfident_fail,5005,5,1.0,0.2288,0.8709,0.1909,2.884,Harder,Harder,none,False,False,False,False
PPO+G,456,overconfident_fail,5005,6,2.0,0.223,0.8611,0.2717,4.026,Easier,Easier,g1_overload_protection,True,False,False,False
PPO+G,456,overconfident_fail,5005,7,1.0,0.186,0.8599,0.2251,2.367,Harder,Harder,none,False,False,False,False
PPO+G,456,overconfident_fail,5005,8,2.0,0.1769,0.839,0.2474,4.902,Easier,Easier,g1_overload_protection,True,False,False,False
PPO+G,456,overconfident_fail,5005,9,1.0,0.2294,0.8455,0.2349,3.483,Easier,Easier,none,False,False,True,True
PPO+G,456,overconfident_fail,5005,10,1.0,0.1999,0.8668,0.2463,2.55,Easier,Easier,none,False,False,True,True
PPO+G,456,normal,1001,1,3.0,0.4674,0.2547,0.7208,6.148,Same,Same,g2_anxiety_stabilizer_same,True,False,False,False
PPO+G,456,normal,1001,2,3.0,0.4638,0.2689,0.8358,7.76,Same,Same,g2_anxiety_stabilizer_same,True,False,False,False
PPO+G,456,normal,1001,3,3.0,0.5249,0.3732,0.6101,5.814,Same,Same,g5_partial_same,True,False,False,False
PPO+G,456,normal,1001,4,3.0,0.4678,0.3117,0.7823,6.304,Same,Same,g5_partial_same,True,False,False,False
PPO+G,456,normal,1001,5,3.0,0.5368,0.4622,0.5694,5.796,Same,Same,g5_partial_same,True,False,False,False
PPO+G,456,normal,1001,6,3.0,0.5177,0.2673,0.7068,6.935,Same,Same,g2_anxiety_stabilizer_same,True,False,False,False
PPO+G,456,normal,1001,7,3.0,0.4781,0.4281,0.6475,6.178,Same,Same,g5_partial_same,True,False,False,False
PPO+G,456,normal,1001,8,3.0,0.4951,0.2776,0.695,6.489,Same,Same,g5_partial_same,True,False,False,False
PPO+G,456,normal,1001,9,3.0,0.485,0.1802,0.8446,6.576,Same,Same,g2_anxiety_stabilizer_same,True,False,False,False
PPO+G,456,normal,1001,10,3.0,0.5219,0.3643,0.5837,5.469,Same,Same,g5_partial_same,True,False,False,False
PPO+G,456,normal,2002,1,3.0,0.4608,0.3805,0.7601,7.749,Same,Same,g5_partial_same,True,False,False,False
PPO+G,456,normal,2002,2,3.0,0.4794,0.3504,0.5545,5.728,Same,Same,g5_partial_same,True,False,False,False
PPO+G,456,normal,2002,3,3.0,0.5544,0.3957,0.5207,5.255,Same,Same,g5_partial_same,True,False,False,False
PPO+G,456,normal,2002,4,3.0,0.4441,0.3394,0.6642,7.036,Same,Same,g5_partial_same,True,False,False,False
PPO+G,456,normal,2002,5,3.0,0.4543,0.2857,0.6229,6.372,Same,Same,g5_partial_same,True,False,False,False
PPO+G,456,normal,2002,6,3.0,0.5167,0.4381,0.5934,6.604,Same,Same,g5_partial_same,True,False,False,False
PPO+G,456,normal,2002,7,3.0,0.5142,0.5363,0.3991,5.25,Same,Same,g5_partial_same,True,False,False,False
PPO+G,456,normal,2002,8,3.0,0.5065,0.3785,0.6413,6.464,Same,Same,g5_partial_same,True,False,False,False
PPO+G,456,normal,2002,9,3.0,0.4437,0.2544,0.6489,6.145,Same,Same,g5_partial_same,True,False,False,False
PPO+G,456,normal,2002,10,3.0,0.5081,0.2775,0.9003,7.235,Same,Same,g2_anxiety_stabilizer_same,True,False,False,False
PPO+G,456,normal,3003,1,3.0,0.5381,0.3184,0.8131,7.094,Same,Same,g5_partial_same,True,False,False,False
PPO+G,456,normal,3003,2,3.0,0.4505,0.215,0.6914,6.361,Same,Same,g5_partial_same,True,False,False,False
PPO+G,456,normal,3003,3,3.0,0.4795,0.2727,0.7618,7.301,Same,Same,g2_anxiety_stabilizer_same,True,False,False,False
PPO+G,456,normal,3003,4,3.0,0.5521,0.4049,0.632,5.766,Same,Same,g5_partial_same,True,False,False,False
PPO+G,456,normal,3003,5,3.0,0.5254,0.4082,0.5582,5.288,Same,Same,g5_partial_same,True,False,False,False
PPO+G,456,normal,3003,6,3.0,0.5532,0.4005,0.5686,5.853,Same,Same,g5_partial_same,True,False,False,False
PPO+G,456,normal,3003,7,3.0,0.5171,0.4024,0.7499,6.583,Same,Same,g5_partial_same,True,False,False,False
PPO+G,456,normal,3003,8,3.0,0.4966,0.2669,0.74,6.237,Same,Same,g2_anxiety_stabilizer_same,True,False,False,False
PPO+G,456,normal,3003,9,3.0,0.5178,0.1937,0.7076,6.714,Same,Same,g2_anxiety_stabilizer_same,True,False,False,False
PPO+G,456,normal,3003,10,3.0,0.5287,0.3171,0.5891,6.324,Same,Same,g5_partial_same,True,False,False,False
PPO+G,456,normal,4004,1,3.0,0.5363,0.3673,0.5976,6.086,Same,Same,g5_partial_same,True,False,False,False
PPO+G,456,normal,4004,2,3.0,0.488,0.3503,0.6511,6.111,Same,Same,g5_partial_same,True,False,False,False
PPO+G,456,normal,4004,3,3.0,0.5257,0.4248,0.5508,6.37,Same,Same,g5_partial_same,True,False,False,False
PPO+G,456,normal,4004,4,3.0,0.5062,0.4274,0.5919,5.741,Same,Same,g5_partial_same,True,False,False,False
PPO+G,456,normal,4004,5,3.0,0.5038,0.4036,0.6287,6.113,Same,Same,g5_partial_same,True,False,False,False
PPO+G,456,normal,4004,6,3.0,0.5625,0.3478,0.7214,6.791,Same,Same,g5_partial_same,True,False,False,False
PPO+G,456,normal,4004,7,3.0,0.5416,0.3626,0.6347,5.866,Same,Same,g5_partial_same,True,False,False,False
PPO+G,456,normal,4004,8,3.0,0.5128,0.4897,0.5703,5.994,Same,Same,g5_partial_same,True,False,False,False
PPO+G,456,normal,4004,9,3.0,0.5653,0.3134,0.6734,6.552,Same,Same,g5_partial_same,True,False,False,False
PPO+G,456,normal,4004,10,3.0,0.5003,0.2535,0.8367,8.243,Same,Same,g2_anxiety_stabilizer_same,True,False,False,False
PPO+G,456,normal,5005,1,3.0,0.4326,0.3876,0.647,6.396,Same,Same,g5_partial_same,True,False,False,False
PPO+G,456,normal,5005,2,3.0,0.4962,0.3868,0.6883,5.714,Same,Same,g5_partial_same,True,False,False,False
PPO+G,456,normal,5005,3,3.0,0.5471,0.3942,0.6505,6.313,Same,Same,g5_partial_same,True,False,False,False
PPO+G,456,normal,5005,4,3.0,0.4807,0.3129,0.729,6.195,Same,Same,g5_partial_same,True,False,False,False
PPO+G,456,normal,5005,5,3.0,0.4856,0.4054,0.4767,5.564,Same,Same,g5_partial_same,True,False,False,False
PPO+G,456,normal,5005,6,3.0,0.4665,0.4213,0.614,6.554,Same,Same,g5_partial_same,True,False,False,False
PPO+G,456,normal,5005,7,3.0,0.497,0.382,0.6394,6.594,Same,Same,g5_partial_same,True,False,False,False
PPO+G,456,normal,5005,8,3.0,0.4925,0.4,0.5948,6.53,Same,Same,g5_partial_same,True,False,False,False
PPO+G,456,normal,5005,9,3.0,0.5432,0.4665,0.3759,4.899,Same,Same,g5_partial_same,True,False,False,False
PPO+G,456,normal,5005,10,3.0,0.5606,0.3637,0.4759,5.808,Same,Same,g5_partial_same,True,False,False,False
PPO+G,456,lucky_guesser,1001,1,3.0,0.9319,0.2807,0.8392,5.474,Same,Same,none,False,False,False,False
PPO+G,456,lucky_guesser,1001,2,3.0,0.9363,0.2678,0.7974,4.857,Same,Same,none,False,False,False,False
PPO+G,456,lucky_guesser,1001,3,3.0,0.9559,0.2884,0.8177,6.762,Same,Same,none,False,False,False,False
PPO+G,456,lucky_guesser,1001,4,3.0,0.9714,0.3283,0.7921,6.125,Same,Same,none,False,False,False,False
PPO+G,456,lucky_guesser,1001,5,3.0,0.9425,0.2336,0.8093,5.748,Same,Same,none,False,False,False,False
PPO+G,456,lucky_guesser,1001,6,3.0,0.9246,0.2889,0.7523,5.264,Same,Same,none,False,False,False,False
PPO+G,456,lucky_guesser,1001,7,3.0,0.9513,0.3515,0.8256,5.742,Same,Same,none,False,False,False,False
PPO+G,456,lucky_guesser,1001,8,3.0,0.9438,0.3096,0.7838,6.343,Same,Same,none,False,False,False,False
PPO+G,456,lucky_guesser,1001,9,3.0,0.9489,0.283,0.8093,5.317,Same,Same,none,False,False,False,False
PPO+G,456,lucky_guesser,1001,10,3.0,0.937,0.345,0.835,5.773,Same,Same,none,False,False,False,False
PPO+G,456,lucky_guesser,2002,1,3.0,0.9397,0.309,0.7644,6.952,Same,Same,none,False,False,False,False
PPO+G,456,lucky_guesser,2002,2,3.0,0.9269,0.2441,0.8194,4.605,Same,Same,none,False,False,False,False
PPO+G,456,lucky_guesser,2002,3,3.0,0.9328,0.3216,0.8167,4.015,Same,Same,none,False,False,False,False
PPO+G,456,lucky_guesser,2002,4,3.0,0.9869,0.2758,0.8119,6.146,Same,Same,none,False,False,False,False
PPO+G,456,lucky_guesser,2002,5,3.0,0.9219,0.2831,0.7637,5.66,Same,Same,none,False,False,False,False
PPO+G,456,lucky_guesser,2002,6,3.0,0.9436,0.3292,0.8307,5.545,Same,Same,none,False,False,False,False
PPO+G,456,lucky_guesser,2002,7,3.0,0.9595,0.2865,0.8005,5.072,Same,Same,none,False,False,False,False
PPO+G,456,lucky_guesser,2002,8,3.0,0.9456,0.2968,0.8228,5.481,Same,Same,none,False,False,False,False
PPO+G,456,lucky_guesser,2002,9,3.0,0.9527,0.3033,0.8002,5.177,Same,Same,none,False,False,False,False
PPO+G,456,lucky_guesser,2002,10,3.0,0.9599,0.282,0.8147,4.501,Same,Same,none,False,False,False,False
PPO+G,456,lucky_guesser,3003,1,3.0,0.9253,0.2634,0.7649,6.426,Same,Same,none,False,False,False,False
PPO+G,456,lucky_guesser,3003,2,3.0,0.9734,0.3521,0.8012,5.578,Same,Same,none,False,False,False,False
PPO+G,456,lucky_guesser,3003,3,3.0,0.9437,0.2414,0.8532,6.422,Same,Same,none,False,False,False,False
PPO+G,456,lucky_guesser,3003,4,3.0,0.9576,0.3571,0.7878,5.731,Same,Same,none,False,False,False,False
PPO+G,456,lucky_guesser,3003,5,3.0,0.9589,0.2254,0.763,5.575,Same,Same,none,False,False,False,False
PPO+G,456,lucky_guesser,3003,6,3.0,0.9663,0.2554,0.764,4.432,Same,Same,none,False,False,False,False
PPO+G,456,lucky_guesser,3003,7,3.0,0.9502,0.3121,0.7877,4.44,Same,Same,none,False,False,False,False
PPO+G,456,lucky_guesser,3003,8,3.0,0.9264,0.2749,0.8306,4.49,Same,Same,none,False,False,False,False
PPO+G,456,lucky_guesser,3003,9,3.0,0.9778,0.279,0.8804,4.662,Same,Same,none,False,False,False,False
PPO+G,456,lucky_guesser,3003,10,3.0,0.9587,0.2928,0.7814,5.265,Same,Same,none,False,False,False,False
PPO+G,456,lucky_guesser,4004,1,3.0,0.944,0.3053,0.8005,5.274,Same,Same,none,False,False,False,False
PPO+G,456,lucky_guesser,4004,2,3.0,0.9779,0.3062,0.8305,5.479,Same,Same,none,False,False,False,False
PPO+G,456,lucky_guesser,4004,3,3.0,0.9561,0.2939,0.8625,6.049,Same,Same,none,False,False,False,False
PPO+G,456,lucky_guesser,4004,4,3.0,0.9438,0.299,0.7674,5.97,Same,Same,none,False,False,False,False
PPO+G,456,lucky_guesser,4004,5,3.0,0.9826,0.2564,0.7951,5.16,Same,Same,none,False,False,False,False
PPO+G,456,lucky_guesser,4004,6,3.0,0.9979,0.3099,0.8356,5.117,Same,Same,none,False,False,False,False
PPO+G,456,lucky_guesser,4004,7,3.0,0.9498,0.3107,0.8086,5.409,Same,Same,none,False,False,False,False
PPO+G,456,lucky_guesser,4004,8,3.0,0.9646,0.3017,0.7592,5.515,Same,Same,none,False,False,False,False
PPO+G,456,lucky_guesser,4004,9,3.0,0.9337,0.3389,0.8362,5.135,Same,Same,none,False,False,False,False
PPO+G,456,lucky_guesser,4004,10,3.0,0.9259,0.2675,0.7559,3.996,Same,Same,none,False,False,False,False
PPO+G,456,lucky_guesser,5005,1,3.0,0.9481,0.3174,0.8282,5.607,Same,Same,none,False,False,False,False
PPO+G,456,lucky_guesser,5005,2,3.0,0.9519,0.2807,0.7924,5.417,Same,Same,none,False,False,False,False
PPO+G,456,lucky_guesser,5005,3,3.0,0.9279,0.3074,0.7665,5.977,Same,Same,none,False,False,False,False
PPO+G,456,lucky_guesser,5005,4,3.0,0.9575,0.308,0.8356,5.681,Same,Same,none,False,False,False,False
PPO+G,456,lucky_guesser,5005,5,3.0,0.9716,0.3314,0.7409,5.655,Same,Same,none,False,False,False,False
PPO+G,456,lucky_guesser,5005,6,3.0,0.9673,0.3167,0.8217,4.127,Same,Same,none,False,False,False,False
PPO+G,456,lucky_guesser,5005,7,3.0,0.9395,0.3149,0.7751,4.557,Same,Same,none,False,False,False,False
PPO+G,456,lucky_guesser,5005,8,3.0,0.9327,0.2835,0.7974,5.316,Same,Same,none,False,False,False,False
PPO+G,456,lucky_guesser,5005,9,3.0,0.972,0.2933,0.7849,7.035,Same,Same,none,False,False,False,False
PPO+G,456,lucky_guesser,5005,10,3.0,0.9499,0.3252,0.7963,5.004,Same,Same,none,False,False,False,False
PPO+G,456,nervous_expert,1001,1,3.0,0.8471,0.4392,0.7892,5.352,Same,Same,none,False,False,False,False
PPO+G,456,nervous_expert,1001,2,3.0,0.94,0.6349,0.7474,4.687,Same,Same,none,False,False,False,False
PPO+G,456,nervous_expert,1001,3,3.0,0.94,0.463,0.7677,6.649,Same,Same,none,False,False,False,False
PPO+G,456,nervous_expert,1001,4,3.0,0.8894,0.5165,0.7421,6.019,Same,Same,none,False,False,False,False
PPO+G,456,nervous_expert,1001,5,3.0,0.8889,0.415,0.7593,5.611,Same,Same,none,False,False,False,False
PPO+G,456,nervous_expert,1001,6,3.0,0.8222,0.5461,0.7023,5.119,Same,Same,none,False,False,False,False
PPO+G,456,nervous_expert,1001,7,3.0,0.94,0.6829,0.7756,5.587,Same,Same,none,False,False,False,False
PPO+G,456,nervous_expert,1001,8,3.0,0.8729,0.3806,0.7338,6.242,Same,Same,none,False,False,False,False
PPO+G,456,nervous_expert,1001,9,3.0,0.9308,0.5759,0.7593,5.163,Same,Same,none,False,False,False,False
PPO+G,456,nervous_expert,1001,10,3.0,0.9081,0.6567,0.785,5.628,Same,Same,none,False,False,False,False
PPO+G,456,nervous_expert,2002,1,3.0,0.8509,0.5933,0.7144,6.812,Same,Same,none,False,False,False,False
PPO+G,456,nervous_expert,2002,2,3.0,0.861,0.6129,0.7694,4.439,Same,Same,none,False,False,False,False
PPO+G,456,nervous_expert,2002,3,3.0,0.8823,0.7316,0.7667,3.978,Same,Same,none,False,False,False,False
PPO+G,456,nervous_expert,2002,4,3.0,0.94,0.5878,0.7619,6.018,Same,Same,none,False,False,False,False
PPO+G,456,nervous_expert,2002,5,3.0,0.8728,0.5655,0.7137,5.506,Same,Same,none,False,False,False,False
PPO+G,456,nervous_expert,2002,6,3.0,0.8835,0.5903,0.7807,5.357,Same,Same,none,False,False,False,False
PPO+G,456,nervous_expert,2002,7,3.0,0.9011,0.5185,0.7505,4.906,Same,Same,none,False,False,False,False
PPO+G,456,nervous_expert,2002,8,3.0,0.9029,0.5983,0.7728,5.35,Same,Same,none,False,False,False,False
PPO+G,456,nervous_expert,2002,9,3.0,0.9334,0.4873,0.7502,5.031,Same,Same,none,False,False,False,False
PPO+G,456,nervous_expert,2002,10,3.0,0.94,0.6252,0.7647,4.35,Same,Same,none,False,False,False,False
PPO+G,456,nervous_expert,3003,1,3.0,0.9089,0.4856,0.7149,6.314,Same,Same,none,False,False,False,False
PPO+G,456,nervous_expert,3003,2,3.0,0.926,0.549,0.7512,5.427,Same,Same,none,False,False,False,False
PPO+G,456,nervous_expert,3003,3,3.0,0.9092,0.4128,0.8032,6.307,Same,Same,none,False,False,False,False
PPO+G,456,nervous_expert,3003,4,3.0,0.9127,0.5827,0.7378,5.584,Same,Same,none,False,False,False,False
PPO+G,456,nervous_expert,3003,5,3.0,0.9122,0.3961,0.713,5.456,Same,Same,none,False,False,False,False
PPO+G,456,nervous_expert,3003,6,3.0,0.94,0.593,0.714,4.261,Same,Same,none,False,False,False,False
PPO+G,456,nervous_expert,3003,7,3.0,0.9095,0.5548,0.7377,4.272,Same,Same,none,False,False,False,False
PPO+G,456,nervous_expert,3003,8,3.0,0.82,0.5163,0.7806,4.323,Same,Same,none,False,False,False,False
PPO+G,456,nervous_expert,3003,9,3.0,0.9169,0.6116,0.8304,4.487,Same,Same,none,False,False,False,False
PPO+G,456,nervous_expert,3003,10,3.0,0.8888,0.5284,0.7314,5.135,Same,Same,none,False,False,False,False
PPO+G,456,nervous_expert,4004,1,3.0,0.9321,0.5764,0.7505,5.115,Same,Same,none,False,False,False,False
PPO+G,456,nervous_expert,4004,2,3.0,0.9252,0.6041,0.7805,5.338,Same,Same,none,False,False,False,False
PPO+G,456,nervous_expert,4004,3,3.0,0.9191,0.4919,0.8125,5.913,Same,Same,none,False,False,False,False
PPO+G,456,nervous_expert,4004,4,3.0,0.8677,0.5856,0.7174,5.817,Same,Same,none,False,False,False,False
PPO+G,456,nervous_expert,4004,5,3.0,0.94,0.6499,0.7451,4.993,Same,Same,none,False,False,False,False
PPO+G,456,nervous_expert,4004,6,3.0,0.94,0.5808,0.7856,4.932,Same,Same,none,False,False,False,False
PPO+G,456,nervous_expert,4004,7,3.0,0.9353,0.5954,0.7586,5.225,Same,Same,none,False,False,False,False
PPO+G,456,nervous_expert,4004,8,3.0,0.9069,0.5304,0.7092,5.397,Same,Same,none,False,False,False,False
PPO+G,456,nervous_expert,4004,9,3.0,0.8816,0.6821,0.7862,4.995,Same,Same,none,False,False,False,False
PPO+G,456,nervous_expert,4004,10,3.0,0.914,0.6754,0.7059,3.891,Same,Same,none,False,False,False,False
PPO+G,456,nervous_expert,5005,1,3.0,0.8338,0.6088,0.7782,5.457,Same,Same,none,False,False,False,False
PPO+G,456,nervous_expert,5005,2,3.0,0.8383,0.5764,0.7424,5.256,Same,Same,none,False,False,False,False
PPO+G,456,nervous_expert,5005,3,3.0,0.89,0.4859,0.7165,5.831,Same,Same,none,False,False,False,False
PPO+G,456,nervous_expert,5005,4,3.0,0.94,0.6376,0.7856,5.545,Same,Same,none,False,False,False,False
PPO+G,456,nervous_expert,5005,5,3.0,0.9251,0.6352,0.6909,5.483,Same,Same,none,False,False,False,False
PPO+G,456,nervous_expert,5005,6,3.0,0.9095,0.6946,0.7717,3.959,Same,Same,none,False,False,False,False
PPO+G,456,nervous_expert,5005,7,3.0,0.934,0.6224,0.7251,4.366,Same,Same,none,False,False,False,False
PPO+G,456,nervous_expert,5005,8,3.0,0.8651,0.5905,0.7474,5.166,Same,Same,none,False,False,False,False
PPO+G,456,nervous_expert,5005,9,3.0,0.884,0.3543,0.7349,6.943,Same,Same,none,False,False,False,False
PPO+G,456,nervous_expert,5005,10,3.0,0.8983,0.6126,0.7463,4.854,Same,Same,none,False,False,False,False
PPO raw,789,struggling_junior,1001,1,3.0,0.0,0.0,1.0,9.015,Easier,Easier,none,False,False,False,False
PPO raw,789,struggling_junior,1001,2,2.0,0.102,0.0217,0.9376,7.082,Easier,Easier,none,False,False,False,False
PPO raw,789,struggling_junior,1001,3,1.0,0.3177,0.257,0.7712,4.14,Easier,Easier,none,False,False,True,True
PPO raw,789,struggling_junior,1001,4,1.0,0.252,0.3558,0.6175,4.225,Easier,Easier,none,False,False,True,True
PPO raw,789,struggling_junior,1001,5,1.0,0.3219,0.1769,0.7986,4.697,Easier,Easier,none,False,False,True,True
PPO raw,789,struggling_junior,1001,6,1.0,0.3267,0.3287,0.6338,3.84,Easier,Easier,none,False,False,True,True
PPO raw,789,struggling_junior,1001,7,1.0,0.2865,0.2876,0.5078,4.003,Easier,Easier,none,False,False,True,True
PPO raw,789,struggling_junior,1001,8,1.0,0.2959,0.3301,0.7128,4.584,Easier,Easier,none,False,False,True,True
PPO raw,789,struggling_junior,1001,9,1.0,0.3148,0.278,0.7938,5.301,Easier,Easier,none,False,False,True,True
PPO raw,789,struggling_junior,1001,10,1.0,0.2795,0.3481,0.8566,4.616,Easier,Easier,none,False,False,True,True
PPO raw,789,struggling_junior,2002,1,3.0,0.0,0.009,0.9933,11.225,Easier,Easier,none,False,False,False,False
PPO raw,789,struggling_junior,2002,2,2.0,0.1788,0.032,0.8323,6.887,Easier,Easier,none,False,False,False,False
PPO raw,789,struggling_junior,2002,3,1.0,0.2657,0.3216,0.8245,3.542,Easier,Easier,none,False,False,True,True
PPO raw,789,struggling_junior,2002,4,1.0,0.2933,0.3601,0.578,4.239,Easier,Easier,none,False,False,True,True
PPO raw,789,struggling_junior,2002,5,1.0,0.2437,0.2831,0.6299,4.617,Easier,Easier,none,False,False,True,True
PPO raw,789,struggling_junior,2002,6,1.0,0.2757,0.3414,0.7511,4.313,Easier,Easier,none,False,False,True,True
PPO raw,789,struggling_junior,2002,7,1.0,0.3189,0.2865,0.9392,4.215,Easier,Easier,none,False,False,True,True
PPO raw,789,struggling_junior,2002,8,1.0,0.2858,0.2296,0.8804,4.668,Easier,Easier,none,False,False,True,True
PPO raw,789,struggling_junior,2002,9,1.0,0.3251,0.2973,0.6723,4.666,Easier,Easier,none,False,False,True,True
PPO raw,789,struggling_junior,2002,10,1.0,0.2619,0.2299,0.687,4.369,Easier,Easier,none,False,False,True,True
PPO raw,789,struggling_junior,3003,1,3.0,0.0278,0.0,0.9865,9.928,Easier,Easier,none,False,False,False,False
PPO raw,789,struggling_junior,3003,2,2.0,0.2362,0.0367,0.8923,7.208,Easier,Easier,none,False,False,False,False
PPO raw,789,struggling_junior,3003,3,1.0,0.3532,0.2988,0.5533,3.777,Easier,Easier,none,False,False,True,True
PPO raw,789,struggling_junior,3003,4,1.0,0.2956,0.2251,0.6305,4.07,Easier,Easier,none,False,False,True,True
PPO raw,789,struggling_junior,3003,5,1.0,0.2648,0.3325,0.689,4.51,Easier,Easier,none,False,False,True,True
PPO raw,789,struggling_junior,3003,6,1.0,0.2983,0.2338,0.8094,5.032,Easier,Easier,none,False,False,True,True
PPO raw,789,struggling_junior,3003,7,1.0,0.2749,0.2707,0.9088,4.159,Easier,Easier,none,False,False,True,True
PPO raw,789,struggling_junior,3003,8,1.0,0.2676,0.2606,0.7114,4.438,Easier,Easier,none,False,False,True,True
PPO raw,789,struggling_junior,3003,9,1.0,0.2928,0.2814,0.5154,4.201,Easier,Easier,none,False,False,True,True
PPO raw,789,struggling_junior,3003,10,1.0,0.2943,0.2777,0.8272,4.511,Easier,Easier,none,False,False,True,True
PPO raw,789,struggling_junior,4004,1,3.0,0.0634,0.0053,1.0,9.681,Easier,Easier,none,False,False,False,False
PPO raw,789,struggling_junior,4004,2,2.0,0.171,0.0607,0.9976,7.806,Easier,Easier,none,False,False,False,False
PPO raw,789,struggling_junior,4004,3,1.0,0.3038,0.3214,0.5852,4.101,Easier,Easier,none,False,False,True,True
PPO raw,789,struggling_junior,4004,4,1.0,0.3248,0.2895,0.8087,4.496,Easier,Easier,none,False,False,True,True
PPO raw,789,struggling_junior,4004,5,1.0,0.3225,0.2808,0.781,5.275,Easier,Easier,none,False,False,True,True
PPO raw,789,struggling_junior,4004,6,1.0,0.3084,0.2657,0.8429,5.386,Easier,Easier,none,False,False,True,True
PPO raw,789,struggling_junior,4004,7,1.0,0.2736,0.3516,0.8626,4.451,Easier,Easier,none,False,False,True,True
PPO raw,789,struggling_junior,4004,8,1.0,0.2687,0.2719,0.6216,4.878,Easier,Easier,none,False,False,True,True
PPO raw,789,struggling_junior,4004,9,1.0,0.2675,0.3389,0.6579,4.191,Easier,Easier,none,False,False,True,True
PPO raw,789,struggling_junior,4004,10,1.0,0.273,0.3293,0.7589,4.454,Easier,Easier,none,False,False,True,True
PPO raw,789,struggling_junior,5005,1,3.0,0.0,0.0174,0.9971,10.015,Easier,Easier,none,False,False,False,False
PPO raw,789,struggling_junior,5005,2,2.0,0.2227,0.0,1.0,7.899,Easier,Easier,none,False,False,False,False
PPO raw,789,struggling_junior,5005,3,1.0,0.2558,0.2821,0.7399,4.828,Easier,Easier,none,False,False,True,True
PPO raw,789,struggling_junior,5005,4,1.0,0.2905,0.3271,0.6445,4.703,Easier,Easier,none,False,False,True,True
PPO raw,789,struggling_junior,5005,5,1.0,0.2409,0.2827,0.6745,4.714,Easier,Easier,none,False,False,True,True
PPO raw,789,struggling_junior,5005,6,1.0,0.3498,0.3031,0.522,3.963,Easier,Easier,none,False,False,True,True
PPO raw,789,struggling_junior,5005,7,1.0,0.3295,0.3114,0.688,4.114,Easier,Easier,none,False,False,True,True
PPO raw,789,struggling_junior,5005,8,1.0,0.2878,0.2842,0.8113,4.912,Easier,Easier,none,False,False,True,True
PPO raw,789,struggling_junior,5005,9,1.0,0.2717,0.2998,0.7296,4.667,Easier,Easier,none,False,False,True,True
PPO raw,789,struggling_junior,5005,10,1.0,0.3079,0.3541,0.5852,4.11,Easier,Easier,none,False,False,True,True
PPO raw,789,overconfident_fail,1001,1,3.0,0.0264,0.8372,0.2892,6.491,Same,Same,none,False,False,False,False
PPO raw,789,overconfident_fail,1001,2,3.0,0.1202,0.8285,0.2474,6.789,Same,Same,none,False,False,False,False
PPO raw,789,overconfident_fail,1001,3,3.0,0.1263,0.8422,0.2677,7.436,Same,Same,none,False,False,False,False
PPO raw,789,overconfident_fail,1001,4,3.0,0.0687,0.8689,0.2421,6.798,Same,Same,none,False,False,False,False
PPO raw,789,overconfident_fail,1001,5,3.0,0.0683,0.8058,0.2593,6.962,Same,Same,none,False,False,False,False
PPO raw,789,overconfident_fail,1001,6,3.0,0.0016,0.8426,0.2023,6.793,Same,Same,none,False,False,False,False
PPO raw,789,overconfident_fail,1001,7,3.0,0.1293,0.8843,0.2756,7.395,Same,Same,none,False,False,False,False
PPO raw,789,overconfident_fail,1001,8,3.0,0.0523,0.8564,0.2338,6.897,Same,Same,none,False,False,False,False
PPO raw,789,overconfident_fail,1001,9,3.0,0.1102,0.8387,0.2593,7.035,Same,Same,none,False,False,False,False
PPO raw,789,overconfident_fail,1001,10,3.0,0.0875,0.88,0.285,7.24,Same,Same,none,False,False,False,False
PPO raw,789,overconfident_fail,2002,1,3.0,0.0303,0.856,0.2144,8.082,Same,Same,none,False,False,False,False
PPO raw,789,overconfident_fail,2002,2,3.0,0.0404,0.8127,0.2694,6.465,Same,Same,none,False,False,False,False
PPO raw,789,overconfident_fail,2002,3,3.0,0.0617,0.8644,0.2667,6.122,Same,Same,none,False,False,False,False
PPO raw,789,overconfident_fail,2002,4,3.0,0.163,0.8338,0.2619,7.223,Same,Same,none,False,False,False,False
PPO raw,789,overconfident_fail,2002,5,3.0,0.0522,0.8388,0.2137,7.318,Same,Same,none,False,False,False,False
PPO raw,789,overconfident_fail,2002,6,3.0,0.0629,0.8695,0.2807,7.428,Same,Same,none,False,False,False,False
PPO raw,789,overconfident_fail,2002,7,3.0,0.0805,0.841,0.2505,6.637,Same,Same,none,False,False,False,False
PPO raw,789,overconfident_fail,2002,8,3.0,0.0822,0.8478,0.2728,6.749,Same,Same,none,False,False,False,False
PPO raw,789,overconfident_fail,2002,9,3.0,0.1128,0.8522,0.2502,6.427,Same,Same,none,False,False,False,False
PPO raw,789,overconfident_fail,2002,10,3.0,0.1271,0.838,0.2647,6.238,Same,Same,none,False,False,False,False
PPO raw,789,overconfident_fail,3003,1,3.0,0.0883,0.8256,0.2149,7.149,Same,Same,none,False,False,False,False
PPO raw,789,overconfident_fail,3003,2,3.0,0.1054,0.8847,0.2512,6.941,Same,Same,none,False,False,False,False
PPO raw,789,overconfident_fail,3003,3,3.0,0.0886,0.8109,0.3032,7.221,Same,Same,none,False,False,False,False
PPO raw,789,overconfident_fail,3003,4,3.0,0.0921,0.8881,0.2378,7.197,Same,Same,none,False,False,False,False
PPO raw,789,overconfident_fail,3003,5,3.0,0.0916,0.8003,0.213,6.593,Same,Same,none,False,False,False,False
PPO raw,789,overconfident_fail,3003,6,3.0,0.1217,0.8202,0.214,6.311,Same,Same,none,False,False,False,False
PPO raw,789,overconfident_fail,3003,7,3.0,0.0888,0.8581,0.2377,6.005,Same,Same,none,False,False,False,False
PPO raw,789,overconfident_fail,3003,8,3.0,0.0,0.8333,0.2806,6.046,Same,Same,none,False,False,False,False
PPO raw,789,overconfident_fail,3003,9,3.0,0.0963,0.836,0.3304,6.607,Same,Same,none,False,False,False,False
PPO raw,789,overconfident_fail,3003,10,3.0,0.0682,0.8452,0.2314,6.569,Same,Same,none,False,False,False,False
PPO raw,789,overconfident_fail,4004,1,3.0,0.1115,0.8535,0.2505,6.97,Same,Same,none,False,False,False,False
PPO raw,789,overconfident_fail,4004,2,3.0,0.1046,0.8541,0.2805,6.948,Same,Same,none,False,False,False,False
PPO raw,789,overconfident_fail,4004,3,3.0,0.0985,0.8459,0.3125,7.307,Same,Same,none,False,False,False,False
PPO raw,789,overconfident_fail,4004,4,3.0,0.0471,0.8493,0.2174,7.545,Same,Same,none,False,False,False,False
PPO raw,789,overconfident_fail,4004,5,3.0,0.1395,0.8209,0.2451,7.098,Same,Same,none,False,False,False,False
PPO raw,789,overconfident_fail,4004,6,3.0,0.1635,0.8566,0.2856,6.983,Same,Same,none,False,False,False,False
PPO raw,789,overconfident_fail,4004,7,3.0,0.1147,0.8571,0.2586,7.355,Same,Same,none,False,False,False,False
PPO raw,789,overconfident_fail,4004,8,3.0,0.0863,0.8511,0.2092,6.544,Same,Same,none,False,False,False,False
PPO raw,789,overconfident_fail,4004,9,3.0,0.0609,0.8759,0.2862,6.651,Same,Same,none,False,False,False,False
PPO raw,789,overconfident_fail,4004,10,3.0,0.0934,0.8284,0.2059,6.041,Same,Same,none,False,False,False,False
PPO raw,789,overconfident_fail,5005,1,3.0,0.0132,0.8616,0.2782,7.211,Same,Same,none,False,False,False,False
PPO raw,789,overconfident_fail,5005,2,3.0,0.0177,0.8372,0.2424,7.24,Same,Same,none,False,False,False,False
PPO raw,789,overconfident_fail,5005,3,3.0,0.0694,0.8549,0.2165,7.245,Same,Same,none,False,False,False,False
PPO raw,789,overconfident_fail,5005,4,3.0,0.1381,0.8553,0.2856,7.02,Same,Same,none,False,False,False,False
PPO raw,789,overconfident_fail,5005,5,3.0,0.1045,0.8709,0.1909,7.625,Same,Same,none,False,False,False,False
PPO raw,789,overconfident_fail,5005,6,3.0,0.0889,0.8611,0.2717,5.946,Same,Same,none,False,False,False,False
PPO raw,789,overconfident_fail,5005,7,3.0,0.1134,0.8599,0.2251,6.554,Same,Same,none,False,False,False,False
PPO raw,789,overconfident_fail,5005,8,3.0,0.0445,0.839,0.2474,6.966,Same,Same,none,False,False,False,False
PPO raw,789,overconfident_fail,5005,9,3.0,0.0634,0.8455,0.2349,7.267,Same,Same,none,False,False,False,False
PPO raw,789,overconfident_fail,5005,10,3.0,0.0777,0.8668,0.2463,6.666,Same,Same,none,False,False,False,False
PPO raw,789,normal,1001,1,3.0,0.4674,0.2547,0.7208,6.148,Same,Same,none,False,False,False,False
PPO raw,789,normal,1001,2,3.0,0.4638,0.2689,0.8358,7.76,Same,Same,none,False,False,False,False
PPO raw,789,normal,1001,3,3.0,0.5249,0.3732,0.6101,5.814,Same,Same,none,False,False,False,False
PPO raw,789,normal,1001,4,3.0,0.4678,0.3117,0.7823,6.304,Same,Same,none,False,False,False,False
PPO raw,789,normal,1001,5,3.0,0.5368,0.4622,0.5694,5.796,Same,Same,none,False,False,False,False
PPO raw,789,normal,1001,6,3.0,0.5177,0.2673,0.7068,6.935,Same,Same,none,False,False,False,False
PPO raw,789,normal,1001,7,3.0,0.4781,0.4281,0.6475,6.178,Same,Same,none,False,False,False,False
PPO raw,789,normal,1001,8,3.0,0.4951,0.2776,0.695,6.489,Same,Same,none,False,False,False,False
PPO raw,789,normal,1001,9,3.0,0.485,0.1802,0.8446,6.576,Same,Same,none,False,False,False,False
PPO raw,789,normal,1001,10,3.0,0.5219,0.3643,0.5837,5.469,Same,Same,none,False,False,False,False
PPO raw,789,normal,2002,1,3.0,0.4608,0.3805,0.7601,7.749,Same,Same,none,False,False,False,False
PPO raw,789,normal,2002,2,3.0,0.4794,0.3504,0.5545,5.728,Same,Same,none,False,False,False,False
PPO raw,789,normal,2002,3,3.0,0.5544,0.3957,0.5207,5.255,Same,Same,none,False,False,False,False
PPO raw,789,normal,2002,4,3.0,0.4441,0.3394,0.6642,7.036,Same,Same,none,False,False,False,False
PPO raw,789,normal,2002,5,3.0,0.4543,0.2857,0.6229,6.372,Same,Same,none,False,False,False,False
PPO raw,789,normal,2002,6,3.0,0.5167,0.4381,0.5934,6.604,Same,Same,none,False,False,False,False
PPO raw,789,normal,2002,7,3.0,0.5142,0.5363,0.3991,5.25,Same,Same,none,False,False,False,False
PPO raw,789,normal,2002,8,3.0,0.5065,0.3785,0.6413,6.464,Same,Same,none,False,False,False,False
PPO raw,789,normal,2002,9,3.0,0.4437,0.2544,0.6489,6.145,Same,Same,none,False,False,False,False
PPO raw,789,normal,2002,10,3.0,0.5081,0.2775,0.9003,7.235,Same,Same,none,False,False,False,False
PPO raw,789,normal,3003,1,3.0,0.5381,0.3184,0.8131,7.094,Same,Same,none,False,False,False,False
PPO raw,789,normal,3003,2,3.0,0.4505,0.215,0.6914,6.361,Same,Same,none,False,False,False,False
PPO raw,789,normal,3003,3,3.0,0.4795,0.2727,0.7618,7.301,Same,Same,none,False,False,False,False
PPO raw,789,normal,3003,4,3.0,0.5521,0.4049,0.632,5.766,Same,Same,none,False,False,False,False
PPO raw,789,normal,3003,5,3.0,0.5254,0.4082,0.5582,5.288,Same,Same,none,False,False,False,False
PPO raw,789,normal,3003,6,3.0,0.5532,0.4005,0.5686,5.853,Same,Same,none,False,False,False,False
PPO raw,789,normal,3003,7,3.0,0.5171,0.4024,0.7499,6.583,Same,Same,none,False,False,False,False
PPO raw,789,normal,3003,8,3.0,0.4966,0.2669,0.74,6.237,Same,Same,none,False,False,False,False
PPO raw,789,normal,3003,9,3.0,0.5178,0.1937,0.7076,6.714,Same,Same,none,False,False,False,False
PPO raw,789,normal,3003,10,3.0,0.5287,0.3171,0.5891,6.324,Same,Same,none,False,False,False,False
PPO raw,789,normal,4004,1,3.0,0.5363,0.3673,0.5976,6.086,Same,Same,none,False,False,False,False
PPO raw,789,normal,4004,2,3.0,0.488,0.3503,0.6511,6.111,Same,Same,none,False,False,False,False
PPO raw,789,normal,4004,3,3.0,0.5257,0.4248,0.5508,6.37,Same,Same,none,False,False,False,False
PPO raw,789,normal,4004,4,3.0,0.5062,0.4274,0.5919,5.741,Same,Same,none,False,False,False,False
PPO raw,789,normal,4004,5,3.0,0.5038,0.4036,0.6287,6.113,Same,Same,none,False,False,False,False
PPO raw,789,normal,4004,6,3.0,0.5625,0.3478,0.7214,6.791,Same,Same,none,False,False,False,False
PPO raw,789,normal,4004,7,3.0,0.5416,0.3626,0.6347,5.866,Same,Same,none,False,False,False,False
PPO raw,789,normal,4004,8,3.0,0.5128,0.4897,0.5703,5.994,Same,Same,none,False,False,False,False
PPO raw,789,normal,4004,9,3.0,0.5653,0.3134,0.6734,6.552,Same,Same,none,False,False,False,False
PPO raw,789,normal,4004,10,3.0,0.5003,0.2535,0.8367,8.243,Same,Same,none,False,False,False,False
PPO raw,789,normal,5005,1,3.0,0.4326,0.3876,0.647,6.396,Same,Same,none,False,False,False,False
PPO raw,789,normal,5005,2,3.0,0.4962,0.3868,0.6883,5.714,Same,Same,none,False,False,False,False
PPO raw,789,normal,5005,3,3.0,0.5471,0.3942,0.6505,6.313,Same,Same,none,False,False,False,False
PPO raw,789,normal,5005,4,3.0,0.4807,0.3129,0.729,6.195,Same,Same,none,False,False,False,False
PPO raw,789,normal,5005,5,3.0,0.4856,0.4054,0.4767,5.564,Same,Same,none,False,False,False,False
PPO raw,789,normal,5005,6,3.0,0.4665,0.4213,0.614,6.554,Same,Same,none,False,False,False,False
PPO raw,789,normal,5005,7,3.0,0.497,0.382,0.6394,6.594,Same,Same,none,False,False,False,False
PPO raw,789,normal,5005,8,3.0,0.4925,0.4,0.5948,6.53,Same,Same,none,False,False,False,False
PPO raw,789,normal,5005,9,3.0,0.5432,0.4665,0.3759,4.899,Same,Same,none,False,False,False,False
PPO raw,789,normal,5005,10,3.0,0.5606,0.3637,0.4759,5.808,Same,Same,none,False,False,False,False
PPO raw,789,lucky_guesser,1001,1,3.0,0.9319,0.2807,0.8392,5.474,Same,Same,none,False,False,False,False
PPO raw,789,lucky_guesser,1001,2,3.0,0.9363,0.2678,0.7974,4.857,Same,Same,none,False,False,False,False
PPO raw,789,lucky_guesser,1001,3,3.0,0.9559,0.2884,0.8177,6.762,Same,Same,none,False,False,False,False
PPO raw,789,lucky_guesser,1001,4,3.0,0.9714,0.3283,0.7921,6.125,Same,Same,none,False,False,False,False
PPO raw,789,lucky_guesser,1001,5,3.0,0.9425,0.2336,0.8093,5.748,Same,Same,none,False,False,False,False
PPO raw,789,lucky_guesser,1001,6,3.0,0.9246,0.2889,0.7523,5.264,Same,Same,none,False,False,False,False
PPO raw,789,lucky_guesser,1001,7,3.0,0.9513,0.3515,0.8256,5.742,Same,Same,none,False,False,False,False
PPO raw,789,lucky_guesser,1001,8,3.0,0.9438,0.3096,0.7838,6.343,Same,Same,none,False,False,False,False
PPO raw,789,lucky_guesser,1001,9,3.0,0.9489,0.283,0.8093,5.317,Same,Same,none,False,False,False,False
PPO raw,789,lucky_guesser,1001,10,3.0,0.937,0.345,0.835,5.773,Same,Same,none,False,False,False,False
PPO raw,789,lucky_guesser,2002,1,3.0,0.9397,0.309,0.7644,6.952,Same,Same,none,False,False,False,False
PPO raw,789,lucky_guesser,2002,2,3.0,0.9269,0.2441,0.8194,4.605,Same,Same,none,False,False,False,False
PPO raw,789,lucky_guesser,2002,3,3.0,0.9328,0.3216,0.8167,4.015,Same,Same,none,False,False,False,False
PPO raw,789,lucky_guesser,2002,4,3.0,0.9869,0.2758,0.8119,6.146,Same,Same,none,False,False,False,False
PPO raw,789,lucky_guesser,2002,5,3.0,0.9219,0.2831,0.7637,5.66,Same,Same,none,False,False,False,False
PPO raw,789,lucky_guesser,2002,6,3.0,0.9436,0.3292,0.8307,5.545,Same,Same,none,False,False,False,False
PPO raw,789,lucky_guesser,2002,7,3.0,0.9595,0.2865,0.8005,5.072,Same,Same,none,False,False,False,False
PPO raw,789,lucky_guesser,2002,8,3.0,0.9456,0.2968,0.8228,5.481,Same,Same,none,False,False,False,False
PPO raw,789,lucky_guesser,2002,9,3.0,0.9527,0.3033,0.8002,5.177,Same,Same,none,False,False,False,False
PPO raw,789,lucky_guesser,2002,10,3.0,0.9599,0.282,0.8147,4.501,Same,Same,none,False,False,False,False
PPO raw,789,lucky_guesser,3003,1,3.0,0.9253,0.2634,0.7649,6.426,Same,Same,none,False,False,False,False
PPO raw,789,lucky_guesser,3003,2,3.0,0.9734,0.3521,0.8012,5.578,Same,Same,none,False,False,False,False
PPO raw,789,lucky_guesser,3003,3,3.0,0.9437,0.2414,0.8532,6.422,Same,Same,none,False,False,False,False
PPO raw,789,lucky_guesser,3003,4,3.0,0.9576,0.3571,0.7878,5.731,Same,Same,none,False,False,False,False
PPO raw,789,lucky_guesser,3003,5,3.0,0.9589,0.2254,0.763,5.575,Same,Same,none,False,False,False,False
PPO raw,789,lucky_guesser,3003,6,3.0,0.9663,0.2554,0.764,4.432,Same,Same,none,False,False,False,False
PPO raw,789,lucky_guesser,3003,7,3.0,0.9502,0.3121,0.7877,4.44,Same,Same,none,False,False,False,False
PPO raw,789,lucky_guesser,3003,8,3.0,0.9264,0.2749,0.8306,4.49,Same,Same,none,False,False,False,False
PPO raw,789,lucky_guesser,3003,9,3.0,0.9778,0.279,0.8804,4.662,Same,Same,none,False,False,False,False
PPO raw,789,lucky_guesser,3003,10,3.0,0.9587,0.2928,0.7814,5.265,Same,Same,none,False,False,False,False
PPO raw,789,lucky_guesser,4004,1,3.0,0.944,0.3053,0.8005,5.274,Same,Same,none,False,False,False,False
PPO raw,789,lucky_guesser,4004,2,3.0,0.9779,0.3062,0.8305,5.479,Same,Same,none,False,False,False,False
PPO raw,789,lucky_guesser,4004,3,3.0,0.9561,0.2939,0.8625,6.049,Same,Same,none,False,False,False,False
PPO raw,789,lucky_guesser,4004,4,3.0,0.9438,0.299,0.7674,5.97,Same,Same,none,False,False,False,False
PPO raw,789,lucky_guesser,4004,5,3.0,0.9826,0.2564,0.7951,5.16,Same,Same,none,False,False,False,False
PPO raw,789,lucky_guesser,4004,6,3.0,0.9979,0.3099,0.8356,5.117,Same,Same,none,False,False,False,False
PPO raw,789,lucky_guesser,4004,7,3.0,0.9498,0.3107,0.8086,5.409,Same,Same,none,False,False,False,False
PPO raw,789,lucky_guesser,4004,8,3.0,0.9646,0.3017,0.7592,5.515,Same,Same,none,False,False,False,False
PPO raw,789,lucky_guesser,4004,9,3.0,0.9337,0.3389,0.8362,5.135,Same,Same,none,False,False,False,False
PPO raw,789,lucky_guesser,4004,10,3.0,0.9259,0.2675,0.7559,3.996,Same,Same,none,False,False,False,False
PPO raw,789,lucky_guesser,5005,1,3.0,0.9481,0.3174,0.8282,5.607,Same,Same,none,False,False,False,False
PPO raw,789,lucky_guesser,5005,2,3.0,0.9519,0.2807,0.7924,5.417,Same,Same,none,False,False,False,False
PPO raw,789,lucky_guesser,5005,3,3.0,0.9279,0.3074,0.7665,5.977,Same,Same,none,False,False,False,False
PPO raw,789,lucky_guesser,5005,4,3.0,0.9575,0.308,0.8356,5.681,Same,Same,none,False,False,False,False
PPO raw,789,lucky_guesser,5005,5,3.0,0.9716,0.3314,0.7409,5.655,Same,Same,none,False,False,False,False
PPO raw,789,lucky_guesser,5005,6,3.0,0.9673,0.3167,0.8217,4.127,Same,Same,none,False,False,False,False
PPO raw,789,lucky_guesser,5005,7,3.0,0.9395,0.3149,0.7751,4.557,Same,Same,none,False,False,False,False
PPO raw,789,lucky_guesser,5005,8,3.0,0.9327,0.2835,0.7974,5.316,Same,Same,none,False,False,False,False
PPO raw,789,lucky_guesser,5005,9,3.0,0.972,0.2933,0.7849,7.035,Same,Same,none,False,False,False,False
PPO raw,789,lucky_guesser,5005,10,3.0,0.9499,0.3252,0.7963,5.004,Same,Same,none,False,False,False,False
PPO raw,789,nervous_expert,1001,1,3.0,0.8471,0.4392,0.7892,5.352,Same,Same,none,False,False,False,False
PPO raw,789,nervous_expert,1001,2,3.0,0.94,0.6349,0.7474,4.687,Same,Same,none,False,False,False,False
PPO raw,789,nervous_expert,1001,3,3.0,0.94,0.463,0.7677,6.649,Same,Same,none,False,False,False,False
PPO raw,789,nervous_expert,1001,4,3.0,0.8894,0.5165,0.7421,6.019,Same,Same,none,False,False,False,False
PPO raw,789,nervous_expert,1001,5,3.0,0.8889,0.415,0.7593,5.611,Same,Same,none,False,False,False,False
PPO raw,789,nervous_expert,1001,6,3.0,0.8222,0.5461,0.7023,5.119,Same,Same,none,False,False,False,False
PPO raw,789,nervous_expert,1001,7,3.0,0.94,0.6829,0.7756,5.587,Same,Same,none,False,False,False,False
PPO raw,789,nervous_expert,1001,8,3.0,0.8729,0.3806,0.7338,6.242,Same,Same,none,False,False,False,False
PPO raw,789,nervous_expert,1001,9,3.0,0.9308,0.5759,0.7593,5.163,Same,Same,none,False,False,False,False
PPO raw,789,nervous_expert,1001,10,3.0,0.9081,0.6567,0.785,5.628,Same,Same,none,False,False,False,False
PPO raw,789,nervous_expert,2002,1,3.0,0.8509,0.5933,0.7144,6.812,Same,Same,none,False,False,False,False
PPO raw,789,nervous_expert,2002,2,3.0,0.861,0.6129,0.7694,4.439,Same,Same,none,False,False,False,False
PPO raw,789,nervous_expert,2002,3,3.0,0.8823,0.7316,0.7667,3.978,Same,Same,none,False,False,False,False
PPO raw,789,nervous_expert,2002,4,3.0,0.94,0.5878,0.7619,6.018,Same,Same,none,False,False,False,False
PPO raw,789,nervous_expert,2002,5,3.0,0.8728,0.5655,0.7137,5.506,Same,Same,none,False,False,False,False
PPO raw,789,nervous_expert,2002,6,3.0,0.8835,0.5903,0.7807,5.357,Same,Same,none,False,False,False,False
PPO raw,789,nervous_expert,2002,7,3.0,0.9011,0.5185,0.7505,4.906,Same,Same,none,False,False,False,False
PPO raw,789,nervous_expert,2002,8,3.0,0.9029,0.5983,0.7728,5.35,Same,Same,none,False,False,False,False
PPO raw,789,nervous_expert,2002,9,3.0,0.9334,0.4873,0.7502,5.031,Same,Same,none,False,False,False,False
PPO raw,789,nervous_expert,2002,10,3.0,0.94,0.6252,0.7647,4.35,Same,Same,none,False,False,False,False
PPO raw,789,nervous_expert,3003,1,3.0,0.9089,0.4856,0.7149,6.314,Same,Same,none,False,False,False,False
PPO raw,789,nervous_expert,3003,2,3.0,0.926,0.549,0.7512,5.427,Same,Same,none,False,False,False,False
PPO raw,789,nervous_expert,3003,3,3.0,0.9092,0.4128,0.8032,6.307,Same,Same,none,False,False,False,False
PPO raw,789,nervous_expert,3003,4,3.0,0.9127,0.5827,0.7378,5.584,Same,Same,none,False,False,False,False
PPO raw,789,nervous_expert,3003,5,3.0,0.9122,0.3961,0.713,5.456,Same,Same,none,False,False,False,False
PPO raw,789,nervous_expert,3003,6,3.0,0.94,0.593,0.714,4.261,Same,Same,none,False,False,False,False
PPO raw,789,nervous_expert,3003,7,3.0,0.9095,0.5548,0.7377,4.272,Same,Same,none,False,False,False,False
PPO raw,789,nervous_expert,3003,8,3.0,0.82,0.5163,0.7806,4.323,Same,Same,none,False,False,False,False
PPO raw,789,nervous_expert,3003,9,3.0,0.9169,0.6116,0.8304,4.487,Same,Same,none,False,False,False,False
PPO raw,789,nervous_expert,3003,10,3.0,0.8888,0.5284,0.7314,5.135,Same,Same,none,False,False,False,False
PPO raw,789,nervous_expert,4004,1,3.0,0.9321,0.5764,0.7505,5.115,Same,Same,none,False,False,False,False
PPO raw,789,nervous_expert,4004,2,3.0,0.9252,0.6041,0.7805,5.338,Same,Same,none,False,False,False,False
PPO raw,789,nervous_expert,4004,3,3.0,0.9191,0.4919,0.8125,5.913,Same,Same,none,False,False,False,False
PPO raw,789,nervous_expert,4004,4,3.0,0.8677,0.5856,0.7174,5.817,Same,Same,none,False,False,False,False
PPO raw,789,nervous_expert,4004,5,3.0,0.94,0.6499,0.7451,4.993,Same,Same,none,False,False,False,False
PPO raw,789,nervous_expert,4004,6,3.0,0.94,0.5808,0.7856,4.932,Same,Same,none,False,False,False,False
PPO raw,789,nervous_expert,4004,7,3.0,0.9353,0.5954,0.7586,5.225,Same,Same,none,False,False,False,False
PPO raw,789,nervous_expert,4004,8,3.0,0.9069,0.5304,0.7092,5.397,Same,Same,none,False,False,False,False
PPO raw,789,nervous_expert,4004,9,3.0,0.8816,0.6821,0.7862,4.995,Same,Same,none,False,False,False,False
PPO raw,789,nervous_expert,4004,10,3.0,0.914,0.6754,0.7059,3.891,Same,Same,none,False,False,False,False
PPO raw,789,nervous_expert,5005,1,3.0,0.8338,0.6088,0.7782,5.457,Same,Same,none,False,False,False,False
PPO raw,789,nervous_expert,5005,2,3.0,0.8383,0.5764,0.7424,5.256,Same,Same,none,False,False,False,False
PPO raw,789,nervous_expert,5005,3,3.0,0.89,0.4859,0.7165,5.831,Same,Same,none,False,False,False,False
PPO raw,789,nervous_expert,5005,4,3.0,0.94,0.6376,0.7856,5.545,Same,Same,none,False,False,False,False
PPO raw,789,nervous_expert,5005,5,3.0,0.9251,0.6352,0.6909,5.483,Same,Same,none,False,False,False,False
PPO raw,789,nervous_expert,5005,6,3.0,0.9095,0.6946,0.7717,3.959,Same,Same,none,False,False,False,False
PPO raw,789,nervous_expert,5005,7,3.0,0.934,0.6224,0.7251,4.366,Same,Same,none,False,False,False,False
PPO raw,789,nervous_expert,5005,8,3.0,0.8651,0.5905,0.7474,5.166,Same,Same,none,False,False,False,False
PPO raw,789,nervous_expert,5005,9,3.0,0.884,0.3543,0.7349,6.943,Same,Same,none,False,False,False,False
PPO raw,789,nervous_expert,5005,10,3.0,0.8983,0.6126,0.7463,4.854,Same,Same,none,False,False,False,False
PPO+G,789,struggling_junior,1001,1,3.0,0.0,0.0,1.0,9.015,Easier,Easier,g4_stuck_easier,True,False,False,False
PPO+G,789,struggling_junior,1001,2,2.0,0.102,0.0217,0.9376,7.082,Easier,Easier,g4_stuck_easier,True,False,False,False
PPO+G,789,struggling_junior,1001,3,1.0,0.3177,0.257,0.7712,4.14,Easier,Same,g2_anxiety_stabilizer_same,True,True,False,True
PPO+G,789,struggling_junior,1001,4,1.0,0.252,0.3558,0.6175,4.225,Easier,Easier,g4_stuck_easier,True,False,True,True
PPO+G,789,struggling_junior,1001,5,1.0,0.3219,0.1769,0.7986,4.697,Easier,Same,g2_anxiety_stabilizer_same,True,True,False,True
PPO+G,789,struggling_junior,1001,6,1.0,0.3267,0.3287,0.6338,3.84,Easier,Easier,none,False,False,True,True
PPO+G,789,struggling_junior,1001,7,1.0,0.2865,0.2876,0.5078,4.003,Easier,Easier,none,False,False,True,True
PPO+G,789,struggling_junior,1001,8,1.0,0.2959,0.3301,0.7128,4.584,Easier,Easier,g4_stuck_easier,True,False,True,True
PPO+G,789,struggling_junior,1001,9,1.0,0.3148,0.278,0.7938,5.301,Easier,Same,g2_anxiety_stabilizer_same,True,True,False,True
PPO+G,789,struggling_junior,1001,10,1.0,0.2795,0.3481,0.8566,4.616,Easier,Easier,g4_stuck_easier,True,False,True,True
PPO+G,789,struggling_junior,2002,1,3.0,0.0,0.009,0.9933,11.225,Easier,Easier,g4_stuck_easier,True,False,False,False
PPO+G,789,struggling_junior,2002,2,2.0,0.1788,0.032,0.8323,6.887,Easier,Easier,g4_stuck_easier,True,False,False,False
PPO+G,789,struggling_junior,2002,3,1.0,0.2657,0.3216,0.8245,3.542,Easier,Easier,g4_stuck_easier,True,False,True,True
PPO+G,789,struggling_junior,2002,4,1.0,0.2933,0.3601,0.578,4.239,Easier,Easier,none,False,False,True,True
PPO+G,789,struggling_junior,2002,5,1.0,0.2437,0.2831,0.6299,4.617,Easier,Easier,g4_stuck_easier,True,False,True,True
PPO+G,789,struggling_junior,2002,6,1.0,0.2757,0.3414,0.7511,4.313,Easier,Easier,g4_stuck_easier,True,False,True,True
PPO+G,789,struggling_junior,2002,7,1.0,0.3189,0.2865,0.9392,4.215,Easier,Same,g2_anxiety_stabilizer_same,True,True,False,True
PPO+G,789,struggling_junior,2002,8,1.0,0.2858,0.2296,0.8804,4.668,Easier,Easier,g4_stuck_easier,True,False,True,True
PPO+G,789,struggling_junior,2002,9,1.0,0.3251,0.2973,0.6723,4.666,Easier,Easier,none,False,False,True,True
PPO+G,789,struggling_junior,2002,10,1.0,0.2619,0.2299,0.687,4.369,Easier,Easier,g4_stuck_easier,True,False,True,True
PPO+G,789,struggling_junior,3003,1,3.0,0.0278,0.0,0.9865,9.928,Easier,Easier,g4_stuck_easier,True,False,False,False
PPO+G,789,struggling_junior,3003,2,2.0,0.2362,0.0367,0.8923,7.208,Easier,Easier,g4_stuck_easier,True,False,False,False
PPO+G,789,struggling_junior,3003,3,1.0,0.3532,0.2988,0.5533,3.777,Easier,Easier,none,False,False,True,True
PPO+G,789,struggling_junior,3003,4,1.0,0.2956,0.2251,0.6305,4.07,Easier,Easier,g4_stuck_easier,True,False,True,True
PPO+G,789,struggling_junior,3003,5,1.0,0.2648,0.3325,0.689,4.51,Easier,Easier,g4_stuck_easier,True,False,True,True
PPO+G,789,struggling_junior,3003,6,1.0,0.2983,0.2338,0.8094,5.032,Easier,Easier,g4_stuck_easier,True,False,True,True
PPO+G,789,struggling_junior,3003,7,1.0,0.2749,0.2707,0.9088,4.159,Easier,Easier,g4_stuck_easier,True,False,True,True
PPO+G,789,struggling_junior,3003,8,1.0,0.2676,0.2606,0.7114,4.438,Easier,Easier,g4_stuck_easier,True,False,True,True
PPO+G,789,struggling_junior,3003,9,1.0,0.2928,0.2814,0.5154,4.201,Easier,Easier,none,False,False,True,True
PPO+G,789,struggling_junior,3003,10,1.0,0.2943,0.2777,0.8272,4.511,Easier,Easier,g4_stuck_easier,True,False,True,True
PPO+G,789,struggling_junior,4004,1,3.0,0.0634,0.0053,1.0,9.681,Easier,Easier,g4_stuck_easier,True,False,False,False
PPO+G,789,struggling_junior,4004,2,2.0,0.171,0.0607,0.9976,7.806,Easier,Easier,g4_stuck_easier,True,False,False,False
PPO+G,789,struggling_junior,4004,3,1.0,0.3038,0.3214,0.5852,4.101,Easier,Easier,none,False,False,True,True
PPO+G,789,struggling_junior,4004,4,1.0,0.3248,0.2895,0.8087,4.496,Easier,Same,g2_anxiety_stabilizer_same,True,True,False,True
PPO+G,789,struggling_junior,4004,5,1.0,0.3225,0.2808,0.781,5.275,Easier,Same,g2_anxiety_stabilizer_same,True,True,False,True
PPO+G,789,struggling_junior,4004,6,1.0,0.3084,0.2657,0.8429,5.386,Easier,Same,g2_anxiety_stabilizer_same,True,True,False,True
PPO+G,789,struggling_junior,4004,7,1.0,0.2736,0.3516,0.8626,4.451,Easier,Easier,g4_stuck_easier,True,False,True,True
PPO+G,789,struggling_junior,4004,8,1.0,0.2687,0.2719,0.6216,4.878,Easier,Easier,g4_stuck_easier,True,False,True,True
PPO+G,789,struggling_junior,4004,9,1.0,0.2675,0.3389,0.6579,4.191,Easier,Easier,g4_stuck_easier,True,False,True,True
PPO+G,789,struggling_junior,4004,10,1.0,0.273,0.3293,0.7589,4.454,Easier,Easier,g4_stuck_easier,True,False,True,True
PPO+G,789,struggling_junior,5005,1,3.0,0.0,0.0174,0.9971,10.015,Easier,Easier,g4_stuck_easier,True,False,False,False
PPO+G,789,struggling_junior,5005,2,2.0,0.2227,0.0,1.0,7.899,Easier,Easier,g4_stuck_easier,True,False,False,False
PPO+G,789,struggling_junior,5005,3,1.0,0.2558,0.2821,0.7399,4.828,Easier,Easier,g4_stuck_easier,True,False,True,True
PPO+G,789,struggling_junior,5005,4,1.0,0.2905,0.3271,0.6445,4.703,Easier,Easier,g4_stuck_easier,True,False,True,True
PPO+G,789,struggling_junior,5005,5,1.0,0.2409,0.2827,0.6745,4.714,Easier,Easier,g4_stuck_easier,True,False,True,True
PPO+G,789,struggling_junior,5005,6,1.0,0.3498,0.3031,0.522,3.963,Easier,Easier,none,False,False,True,True
PPO+G,789,struggling_junior,5005,7,1.0,0.3295,0.3114,0.688,4.114,Easier,Easier,none,False,False,True,True
PPO+G,789,struggling_junior,5005,8,1.0,0.2878,0.2842,0.8113,4.912,Easier,Easier,g4_stuck_easier,True,False,True,True
PPO+G,789,struggling_junior,5005,9,1.0,0.2717,0.2998,0.7296,4.667,Easier,Easier,g4_stuck_easier,True,False,True,True
PPO+G,789,struggling_junior,5005,10,1.0,0.3079,0.3541,0.5852,4.11,Easier,Easier,none,False,False,True,True
PPO+G,789,overconfident_fail,1001,1,3.0,0.0264,0.8372,0.2892,6.491,Same,Easier,g1_overload_protection,True,True,False,False
PPO+G,789,overconfident_fail,1001,2,2.0,0.1817,0.8285,0.2474,4.623,Easier,Easier,g1_overload_protection,True,False,False,False
PPO+G,789,overconfident_fail,1001,3,1.0,0.2079,0.8422,0.2677,3.369,Harder,Harder,none,False,False,False,False
PPO+G,789,overconfident_fail,1001,4,2.0,0.2286,0.8689,0.2421,5.341,Harder,Easier,g1_overload_protection,True,True,False,False
PPO+G,789,overconfident_fail,1001,5,1.0,0.19,0.8058,0.2593,2.899,Harder,Harder,none,False,False,False,False
PPO+G,789,overconfident_fail,1001,6,2.0,0.1661,0.8426,0.2023,4.836,Easier,Easier,g1_overload_protection,True,False,False,False
PPO+G,789,overconfident_fail,1001,7,1.0,0.2017,0.8843,0.2756,2.911,Harder,Harder,none,False,False,False,False
PPO+G,789,overconfident_fail,1001,8,2.0,0.1917,0.8564,0.2338,5.419,Easier,Easier,g1_overload_protection,True,False,False,False
PPO+G,789,overconfident_fail,1001,9,1.0,0.1986,0.8387,0.2593,2.704,Harder,Harder,none,False,False,False,False
PPO+G,789,overconfident_fail,1001,10,2.0,0.1826,0.88,0.285,5.247,Easier,Easier,g1_overload_protection,True,False,False,False
PPO+G,789,overconfident_fail,2002,1,3.0,0.0303,0.856,0.2144,8.082,Same,Easier,g1_overload_protection,True,True,False,False
PPO+G,789,overconfident_fail,2002,2,2.0,0.1692,0.8127,0.2694,4.399,Easier,Easier,g1_overload_protection,True,False,False,False
PPO+G,789,overconfident_fail,2002,3,1.0,0.1771,0.8644,0.1986,2.119,Harder,Harder,none,False,False,False,False
PPO+G,789,overconfident_fail,2002,4,2.0,0.2492,0.8338,0.2619,5.472,Harder,Easier,g1_overload_protection,True,True,False,False
PPO+G,789,overconfident_fail,2002,5,1.0,0.1625,0.8388,0.2137,2.87,Harder,Harder,none,False,False,False,False
PPO+G,789,overconfident_fail,2002,6,2.0,0.1914,0.8695,0.2807,5.247,Easier,Easier,g1_overload_protection,True,False,False,False
PPO+G,789,overconfident_fail,2002,7,1.0,0.2126,0.841,0.2505,2.596,Harder,Harder,none,False,False,False,False
PPO+G,789,overconfident_fail,2002,8,2.0,0.1941,0.8478,0.2728,4.952,Easier,Easier,g1_overload_protection,True,False,False,False
PPO+G,789,overconfident_fail,2002,9,1.0,0.2036,0.8522,0.2502,2.63,Harder,Harder,none,False,False,False,False
PPO+G,789,overconfident_fail,2002,10,2.0,0.2131,0.838,0.2647,4.255,Easier,Easier,g1_overload_protection,True,False,False,False
PPO+G,789,overconfident_fail,3003,1,3.0,0.0883,0.8256,0.2149,7.149,Same,Easier,g1_overload_protection,True,True,False,False
PPO+G,789,overconfident_fail,3003,2,2.0,0.2312,0.8847,0.2512,5.119,Harder,Easier,g1_overload_protection,True,True,False,False
PPO+G,789,overconfident_fail,3003,3,1.0,0.1916,0.8109,0.3032,3.207,Harder,Harder,none,False,False,False,False
PPO+G,789,overconfident_fail,3003,4,2.0,0.2101,0.8881,0.2378,5.225,Harder,Easier,g1_overload_protection,True,True,False,False
PPO+G,789,overconfident_fail,3003,5,1.0,0.2118,0.8003,0.213,2.799,Harder,Harder,none,False,False,False,False
PPO+G,789,overconfident_fail,3003,6,2.0,0.2217,0.8202,0.214,4.282,Easier,Easier,g1_overload_protection,True,False,False,False
PPO+G,789,overconfident_fail,3003,7,1.0,0.2003,0.8581,0.2377,2.292,Harder,Harder,none,False,False,False,False
PPO+G,789,overconfident_fail,3003,8,2.0,0.1685,0.8333,0.2806,4.312,Easier,Easier,g1_overload_protection,True,False,False,False
PPO+G,789,overconfident_fail,3003,9,1.0,0.2371,0.836,0.3304,2.406,Harder,Harder,none,False,False,False,False
PPO+G,789,overconfident_fail,3003,10,2.0,0.2116,0.8452,0.2314,4.777,Easier,Easier,g1_overload_protection,True,False,False,False
PPO+G,789,overconfident_fail,4004,1,3.0,0.1115,0.8535,0.2505,6.97,Same,Easier,g1_overload_protection,True,True,False,False
PPO+G,789,overconfident_fail,4004,2,2.0,0.2372,0.8541,0.2805,4.998,Harder,Easier,g1_overload_protection,True,True,False,False
PPO+G,789,overconfident_fail,4004,3,1.0,0.2081,0.8459,0.3125,3.044,Harder,Harder,none,False,False,False,False
PPO+G,789,overconfident_fail,4004,4,2.0,0.1917,0.8493,0.2174,5.439,Easier,Easier,g1_overload_protection,True,False,False,False
PPO+G,789,overconfident_fail,4004,5,1.0,0.2435,0.8209,0.2451,2.639,Harder,Harder,none,False,False,False,False
PPO+G,789,overconfident_fail,4004,6,2.0,0.2638,0.8566,0.2856,4.893,Harder,Easier,g1_overload_protection,True,True,False,False
PPO+G,789,overconfident_fail,4004,7,1.0,0.1997,0.8571,0.2586,2.774,Harder,Harder,none,False,False,False,False
PPO+G,789,overconfident_fail,4004,8,2.0,0.2194,0.8511,0.2092,4.925,Easier,Easier,g1_overload_protection,True,False,False,False
PPO+G,789,overconfident_fail,4004,9,1.0,0.1783,0.8759,0.2862,2.605,Harder,Harder,none,False,False,False,False
PPO+G,789,overconfident_fail,4004,10,2.0,0.1678,0.8284,0.2059,4.053,Easier,Easier,g1_overload_protection,True,False,False,False
PPO+G,789,overconfident_fail,5005,1,3.0,0.0132,0.8616,0.2782,7.211,Same,Easier,g1_overload_protection,True,True,False,False
PPO+G,789,overconfident_fail,5005,2,2.0,0.2025,0.8372,0.2424,5.031,Easier,Easier,g1_overload_protection,True,False,False,False
PPO+G,789,overconfident_fail,5005,3,1.0,0.1705,0.8549,0.2165,3.016,Harder,Harder,none,False,False,False,False
PPO+G,789,overconfident_fail,5005,4,2.0,0.21,0.8553,0.2856,5.139,Easier,Easier,g1_overload_protection,True,False,False,False
PPO+G,789,overconfident_fail,5005,5,1.0,0.2288,0.8709,0.1909,2.884,Harder,Harder,none,False,False,False,False
PPO+G,789,overconfident_fail,5005,6,2.0,0.223,0.8611,0.2717,4.026,Easier,Easier,g1_overload_protection,True,False,False,False
PPO+G,789,overconfident_fail,5005,7,1.0,0.186,0.8599,0.2251,2.367,Harder,Harder,none,False,False,False,False
PPO+G,789,overconfident_fail,5005,8,2.0,0.1769,0.839,0.2474,4.902,Easier,Easier,g1_overload_protection,True,False,False,False
PPO+G,789,overconfident_fail,5005,9,1.0,0.2294,0.8455,0.2349,3.483,Harder,Harder,none,False,False,False,False
PPO+G,789,overconfident_fail,5005,10,2.0,0.1999,0.8668,0.2463,4.653,Easier,Easier,g1_overload_protection,True,False,False,False
PPO+G,789,normal,1001,1,3.0,0.4674,0.2547,0.7208,6.148,Same,Same,g2_anxiety_stabilizer_same,True,False,False,False
PPO+G,789,normal,1001,2,3.0,0.4638,0.2689,0.8358,7.76,Same,Same,g2_anxiety_stabilizer_same,True,False,False,False
PPO+G,789,normal,1001,3,3.0,0.5249,0.3732,0.6101,5.814,Same,Same,g5_partial_same,True,False,False,False
PPO+G,789,normal,1001,4,3.0,0.4678,0.3117,0.7823,6.304,Same,Same,g5_partial_same,True,False,False,False
PPO+G,789,normal,1001,5,3.0,0.5368,0.4622,0.5694,5.796,Same,Same,g5_partial_same,True,False,False,False
PPO+G,789,normal,1001,6,3.0,0.5177,0.2673,0.7068,6.935,Same,Same,g2_anxiety_stabilizer_same,True,False,False,False
PPO+G,789,normal,1001,7,3.0,0.4781,0.4281,0.6475,6.178,Same,Same,g5_partial_same,True,False,False,False
PPO+G,789,normal,1001,8,3.0,0.4951,0.2776,0.695,6.489,Same,Same,g5_partial_same,True,False,False,False
PPO+G,789,normal,1001,9,3.0,0.485,0.1802,0.8446,6.576,Same,Same,g2_anxiety_stabilizer_same,True,False,False,False
PPO+G,789,normal,1001,10,3.0,0.5219,0.3643,0.5837,5.469,Same,Same,g5_partial_same,True,False,False,False
PPO+G,789,normal,2002,1,3.0,0.4608,0.3805,0.7601,7.749,Same,Same,g5_partial_same,True,False,False,False
PPO+G,789,normal,2002,2,3.0,0.4794,0.3504,0.5545,5.728,Same,Same,g5_partial_same,True,False,False,False
PPO+G,789,normal,2002,3,3.0,0.5544,0.3957,0.5207,5.255,Same,Same,g5_partial_same,True,False,False,False
PPO+G,789,normal,2002,4,3.0,0.4441,0.3394,0.6642,7.036,Same,Same,g5_partial_same,True,False,False,False
PPO+G,789,normal,2002,5,3.0,0.4543,0.2857,0.6229,6.372,Same,Same,g5_partial_same,True,False,False,False
PPO+G,789,normal,2002,6,3.0,0.5167,0.4381,0.5934,6.604,Same,Same,g5_partial_same,True,False,False,False
PPO+G,789,normal,2002,7,3.0,0.5142,0.5363,0.3991,5.25,Same,Same,g5_partial_same,True,False,False,False
PPO+G,789,normal,2002,8,3.0,0.5065,0.3785,0.6413,6.464,Same,Same,g5_partial_same,True,False,False,False
PPO+G,789,normal,2002,9,3.0,0.4437,0.2544,0.6489,6.145,Same,Same,g5_partial_same,True,False,False,False
PPO+G,789,normal,2002,10,3.0,0.5081,0.2775,0.9003,7.235,Same,Same,g2_anxiety_stabilizer_same,True,False,False,False
PPO+G,789,normal,3003,1,3.0,0.5381,0.3184,0.8131,7.094,Same,Same,g5_partial_same,True,False,False,False
PPO+G,789,normal,3003,2,3.0,0.4505,0.215,0.6914,6.361,Same,Same,g5_partial_same,True,False,False,False
PPO+G,789,normal,3003,3,3.0,0.4795,0.2727,0.7618,7.301,Same,Same,g2_anxiety_stabilizer_same,True,False,False,False
PPO+G,789,normal,3003,4,3.0,0.5521,0.4049,0.632,5.766,Same,Same,g5_partial_same,True,False,False,False
PPO+G,789,normal,3003,5,3.0,0.5254,0.4082,0.5582,5.288,Same,Same,g5_partial_same,True,False,False,False
PPO+G,789,normal,3003,6,3.0,0.5532,0.4005,0.5686,5.853,Same,Same,g5_partial_same,True,False,False,False
PPO+G,789,normal,3003,7,3.0,0.5171,0.4024,0.7499,6.583,Same,Same,g5_partial_same,True,False,False,False
PPO+G,789,normal,3003,8,3.0,0.4966,0.2669,0.74,6.237,Same,Same,g2_anxiety_stabilizer_same,True,False,False,False
PPO+G,789,normal,3003,9,3.0,0.5178,0.1937,0.7076,6.714,Same,Same,g2_anxiety_stabilizer_same,True,False,False,False
PPO+G,789,normal,3003,10,3.0,0.5287,0.3171,0.5891,6.324,Same,Same,g5_partial_same,True,False,False,False
PPO+G,789,normal,4004,1,3.0,0.5363,0.3673,0.5976,6.086,Same,Same,g5_partial_same,True,False,False,False
PPO+G,789,normal,4004,2,3.0,0.488,0.3503,0.6511,6.111,Same,Same,g5_partial_same,True,False,False,False
PPO+G,789,normal,4004,3,3.0,0.5257,0.4248,0.5508,6.37,Same,Same,g5_partial_same,True,False,False,False
PPO+G,789,normal,4004,4,3.0,0.5062,0.4274,0.5919,5.741,Same,Same,g5_partial_same,True,False,False,False
PPO+G,789,normal,4004,5,3.0,0.5038,0.4036,0.6287,6.113,Same,Same,g5_partial_same,True,False,False,False
PPO+G,789,normal,4004,6,3.0,0.5625,0.3478,0.7214,6.791,Same,Same,g5_partial_same,True,False,False,False
PPO+G,789,normal,4004,7,3.0,0.5416,0.3626,0.6347,5.866,Same,Same,g5_partial_same,True,False,False,False
PPO+G,789,normal,4004,8,3.0,0.5128,0.4897,0.5703,5.994,Same,Same,g5_partial_same,True,False,False,False
PPO+G,789,normal,4004,9,3.0,0.5653,0.3134,0.6734,6.552,Same,Same,g5_partial_same,True,False,False,False
PPO+G,789,normal,4004,10,3.0,0.5003,0.2535,0.8367,8.243,Same,Same,g2_anxiety_stabilizer_same,True,False,False,False
PPO+G,789,normal,5005,1,3.0,0.4326,0.3876,0.647,6.396,Same,Same,g5_partial_same,True,False,False,False
PPO+G,789,normal,5005,2,3.0,0.4962,0.3868,0.6883,5.714,Same,Same,g5_partial_same,True,False,False,False
PPO+G,789,normal,5005,3,3.0,0.5471,0.3942,0.6505,6.313,Same,Same,g5_partial_same,True,False,False,False
PPO+G,789,normal,5005,4,3.0,0.4807,0.3129,0.729,6.195,Same,Same,g5_partial_same,True,False,False,False
PPO+G,789,normal,5005,5,3.0,0.4856,0.4054,0.4767,5.564,Same,Same,g5_partial_same,True,False,False,False
PPO+G,789,normal,5005,6,3.0,0.4665,0.4213,0.614,6.554,Same,Same,g5_partial_same,True,False,False,False
PPO+G,789,normal,5005,7,3.0,0.497,0.382,0.6394,6.594,Same,Same,g5_partial_same,True,False,False,False
PPO+G,789,normal,5005,8,3.0,0.4925,0.4,0.5948,6.53,Same,Same,g5_partial_same,True,False,False,False
PPO+G,789,normal,5005,9,3.0,0.5432,0.4665,0.3759,4.899,Same,Same,g5_partial_same,True,False,False,False
PPO+G,789,normal,5005,10,3.0,0.5606,0.3637,0.4759,5.808,Same,Same,g5_partial_same,True,False,False,False
PPO+G,789,lucky_guesser,1001,1,3.0,0.9319,0.2807,0.8392,5.474,Same,Same,none,False,False,False,False
PPO+G,789,lucky_guesser,1001,2,3.0,0.9363,0.2678,0.7974,4.857,Same,Same,none,False,False,False,False
PPO+G,789,lucky_guesser,1001,3,3.0,0.9559,0.2884,0.8177,6.762,Same,Same,none,False,False,False,False
PPO+G,789,lucky_guesser,1001,4,3.0,0.9714,0.3283,0.7921,6.125,Same,Same,none,False,False,False,False
PPO+G,789,lucky_guesser,1001,5,3.0,0.9425,0.2336,0.8093,5.748,Same,Same,none,False,False,False,False
PPO+G,789,lucky_guesser,1001,6,3.0,0.9246,0.2889,0.7523,5.264,Same,Same,none,False,False,False,False
PPO+G,789,lucky_guesser,1001,7,3.0,0.9513,0.3515,0.8256,5.742,Same,Same,none,False,False,False,False
PPO+G,789,lucky_guesser,1001,8,3.0,0.9438,0.3096,0.7838,6.343,Same,Same,none,False,False,False,False
PPO+G,789,lucky_guesser,1001,9,3.0,0.9489,0.283,0.8093,5.317,Same,Same,none,False,False,False,False
PPO+G,789,lucky_guesser,1001,10,3.0,0.937,0.345,0.835,5.773,Same,Same,none,False,False,False,False
PPO+G,789,lucky_guesser,2002,1,3.0,0.9397,0.309,0.7644,6.952,Same,Same,none,False,False,False,False
PPO+G,789,lucky_guesser,2002,2,3.0,0.9269,0.2441,0.8194,4.605,Same,Same,none,False,False,False,False
PPO+G,789,lucky_guesser,2002,3,3.0,0.9328,0.3216,0.8167,4.015,Same,Same,none,False,False,False,False
PPO+G,789,lucky_guesser,2002,4,3.0,0.9869,0.2758,0.8119,6.146,Same,Same,none,False,False,False,False
PPO+G,789,lucky_guesser,2002,5,3.0,0.9219,0.2831,0.7637,5.66,Same,Same,none,False,False,False,False
PPO+G,789,lucky_guesser,2002,6,3.0,0.9436,0.3292,0.8307,5.545,Same,Same,none,False,False,False,False
PPO+G,789,lucky_guesser,2002,7,3.0,0.9595,0.2865,0.8005,5.072,Same,Same,none,False,False,False,False
PPO+G,789,lucky_guesser,2002,8,3.0,0.9456,0.2968,0.8228,5.481,Same,Same,none,False,False,False,False
PPO+G,789,lucky_guesser,2002,9,3.0,0.9527,0.3033,0.8002,5.177,Same,Same,none,False,False,False,False
PPO+G,789,lucky_guesser,2002,10,3.0,0.9599,0.282,0.8147,4.501,Same,Same,none,False,False,False,False
PPO+G,789,lucky_guesser,3003,1,3.0,0.9253,0.2634,0.7649,6.426,Same,Same,none,False,False,False,False
PPO+G,789,lucky_guesser,3003,2,3.0,0.9734,0.3521,0.8012,5.578,Same,Same,none,False,False,False,False
PPO+G,789,lucky_guesser,3003,3,3.0,0.9437,0.2414,0.8532,6.422,Same,Same,none,False,False,False,False
PPO+G,789,lucky_guesser,3003,4,3.0,0.9576,0.3571,0.7878,5.731,Same,Same,none,False,False,False,False
PPO+G,789,lucky_guesser,3003,5,3.0,0.9589,0.2254,0.763,5.575,Same,Same,none,False,False,False,False
PPO+G,789,lucky_guesser,3003,6,3.0,0.9663,0.2554,0.764,4.432,Same,Same,none,False,False,False,False
PPO+G,789,lucky_guesser,3003,7,3.0,0.9502,0.3121,0.7877,4.44,Same,Same,none,False,False,False,False
PPO+G,789,lucky_guesser,3003,8,3.0,0.9264,0.2749,0.8306,4.49,Same,Same,none,False,False,False,False
PPO+G,789,lucky_guesser,3003,9,3.0,0.9778,0.279,0.8804,4.662,Same,Same,none,False,False,False,False
PPO+G,789,lucky_guesser,3003,10,3.0,0.9587,0.2928,0.7814,5.265,Same,Same,none,False,False,False,False
PPO+G,789,lucky_guesser,4004,1,3.0,0.944,0.3053,0.8005,5.274,Same,Same,none,False,False,False,False
PPO+G,789,lucky_guesser,4004,2,3.0,0.9779,0.3062,0.8305,5.479,Same,Same,none,False,False,False,False
PPO+G,789,lucky_guesser,4004,3,3.0,0.9561,0.2939,0.8625,6.049,Same,Same,none,False,False,False,False
PPO+G,789,lucky_guesser,4004,4,3.0,0.9438,0.299,0.7674,5.97,Same,Same,none,False,False,False,False
PPO+G,789,lucky_guesser,4004,5,3.0,0.9826,0.2564,0.7951,5.16,Same,Same,none,False,False,False,False
PPO+G,789,lucky_guesser,4004,6,3.0,0.9979,0.3099,0.8356,5.117,Same,Same,none,False,False,False,False
PPO+G,789,lucky_guesser,4004,7,3.0,0.9498,0.3107,0.8086,5.409,Same,Same,none,False,False,False,False
PPO+G,789,lucky_guesser,4004,8,3.0,0.9646,0.3017,0.7592,5.515,Same,Same,none,False,False,False,False
PPO+G,789,lucky_guesser,4004,9,3.0,0.9337,0.3389,0.8362,5.135,Same,Same,none,False,False,False,False
PPO+G,789,lucky_guesser,4004,10,3.0,0.9259,0.2675,0.7559,3.996,Same,Same,none,False,False,False,False
PPO+G,789,lucky_guesser,5005,1,3.0,0.9481,0.3174,0.8282,5.607,Same,Same,none,False,False,False,False
PPO+G,789,lucky_guesser,5005,2,3.0,0.9519,0.2807,0.7924,5.417,Same,Same,none,False,False,False,False
PPO+G,789,lucky_guesser,5005,3,3.0,0.9279,0.3074,0.7665,5.977,Same,Same,none,False,False,False,False
PPO+G,789,lucky_guesser,5005,4,3.0,0.9575,0.308,0.8356,5.681,Same,Same,none,False,False,False,False
PPO+G,789,lucky_guesser,5005,5,3.0,0.9716,0.3314,0.7409,5.655,Same,Same,none,False,False,False,False
PPO+G,789,lucky_guesser,5005,6,3.0,0.9673,0.3167,0.8217,4.127,Same,Same,none,False,False,False,False
PPO+G,789,lucky_guesser,5005,7,3.0,0.9395,0.3149,0.7751,4.557,Same,Same,none,False,False,False,False
PPO+G,789,lucky_guesser,5005,8,3.0,0.9327,0.2835,0.7974,5.316,Same,Same,none,False,False,False,False
PPO+G,789,lucky_guesser,5005,9,3.0,0.972,0.2933,0.7849,7.035,Same,Same,none,False,False,False,False
PPO+G,789,lucky_guesser,5005,10,3.0,0.9499,0.3252,0.7963,5.004,Same,Same,none,False,False,False,False
PPO+G,789,nervous_expert,1001,1,3.0,0.8471,0.4392,0.7892,5.352,Same,Same,none,False,False,False,False
PPO+G,789,nervous_expert,1001,2,3.0,0.94,0.6349,0.7474,4.687,Same,Same,none,False,False,False,False
PPO+G,789,nervous_expert,1001,3,3.0,0.94,0.463,0.7677,6.649,Same,Same,none,False,False,False,False
PPO+G,789,nervous_expert,1001,4,3.0,0.8894,0.5165,0.7421,6.019,Same,Same,none,False,False,False,False
PPO+G,789,nervous_expert,1001,5,3.0,0.8889,0.415,0.7593,5.611,Same,Same,none,False,False,False,False
PPO+G,789,nervous_expert,1001,6,3.0,0.8222,0.5461,0.7023,5.119,Same,Same,none,False,False,False,False
PPO+G,789,nervous_expert,1001,7,3.0,0.94,0.6829,0.7756,5.587,Same,Same,none,False,False,False,False
PPO+G,789,nervous_expert,1001,8,3.0,0.8729,0.3806,0.7338,6.242,Same,Same,none,False,False,False,False
PPO+G,789,nervous_expert,1001,9,3.0,0.9308,0.5759,0.7593,5.163,Same,Same,none,False,False,False,False
PPO+G,789,nervous_expert,1001,10,3.0,0.9081,0.6567,0.785,5.628,Same,Same,none,False,False,False,False
PPO+G,789,nervous_expert,2002,1,3.0,0.8509,0.5933,0.7144,6.812,Same,Same,none,False,False,False,False
PPO+G,789,nervous_expert,2002,2,3.0,0.861,0.6129,0.7694,4.439,Same,Same,none,False,False,False,False
PPO+G,789,nervous_expert,2002,3,3.0,0.8823,0.7316,0.7667,3.978,Same,Same,none,False,False,False,False
PPO+G,789,nervous_expert,2002,4,3.0,0.94,0.5878,0.7619,6.018,Same,Same,none,False,False,False,False
PPO+G,789,nervous_expert,2002,5,3.0,0.8728,0.5655,0.7137,5.506,Same,Same,none,False,False,False,False
PPO+G,789,nervous_expert,2002,6,3.0,0.8835,0.5903,0.7807,5.357,Same,Same,none,False,False,False,False
PPO+G,789,nervous_expert,2002,7,3.0,0.9011,0.5185,0.7505,4.906,Same,Same,none,False,False,False,False
PPO+G,789,nervous_expert,2002,8,3.0,0.9029,0.5983,0.7728,5.35,Same,Same,none,False,False,False,False
PPO+G,789,nervous_expert,2002,9,3.0,0.9334,0.4873,0.7502,5.031,Same,Same,none,False,False,False,False
PPO+G,789,nervous_expert,2002,10,3.0,0.94,0.6252,0.7647,4.35,Same,Same,none,False,False,False,False
PPO+G,789,nervous_expert,3003,1,3.0,0.9089,0.4856,0.7149,6.314,Same,Same,none,False,False,False,False
PPO+G,789,nervous_expert,3003,2,3.0,0.926,0.549,0.7512,5.427,Same,Same,none,False,False,False,False
PPO+G,789,nervous_expert,3003,3,3.0,0.9092,0.4128,0.8032,6.307,Same,Same,none,False,False,False,False
PPO+G,789,nervous_expert,3003,4,3.0,0.9127,0.5827,0.7378,5.584,Same,Same,none,False,False,False,False
PPO+G,789,nervous_expert,3003,5,3.0,0.9122,0.3961,0.713,5.456,Same,Same,none,False,False,False,False
PPO+G,789,nervous_expert,3003,6,3.0,0.94,0.593,0.714,4.261,Same,Same,none,False,False,False,False
PPO+G,789,nervous_expert,3003,7,3.0,0.9095,0.5548,0.7377,4.272,Same,Same,none,False,False,False,False
PPO+G,789,nervous_expert,3003,8,3.0,0.82,0.5163,0.7806,4.323,Same,Same,none,False,False,False,False
PPO+G,789,nervous_expert,3003,9,3.0,0.9169,0.6116,0.8304,4.487,Same,Same,none,False,False,False,False
PPO+G,789,nervous_expert,3003,10,3.0,0.8888,0.5284,0.7314,5.135,Same,Same,none,False,False,False,False
PPO+G,789,nervous_expert,4004,1,3.0,0.9321,0.5764,0.7505,5.115,Same,Same,none,False,False,False,False
PPO+G,789,nervous_expert,4004,2,3.0,0.9252,0.6041,0.7805,5.338,Same,Same,none,False,False,False,False
PPO+G,789,nervous_expert,4004,3,3.0,0.9191,0.4919,0.8125,5.913,Same,Same,none,False,False,False,False
PPO+G,789,nervous_expert,4004,4,3.0,0.8677,0.5856,0.7174,5.817,Same,Same,none,False,False,False,False
PPO+G,789,nervous_expert,4004,5,3.0,0.94,0.6499,0.7451,4.993,Same,Same,none,False,False,False,False
PPO+G,789,nervous_expert,4004,6,3.0,0.94,0.5808,0.7856,4.932,Same,Same,none,False,False,False,False
PPO+G,789,nervous_expert,4004,7,3.0,0.9353,0.5954,0.7586,5.225,Same,Same,none,False,False,False,False
PPO+G,789,nervous_expert,4004,8,3.0,0.9069,0.5304,0.7092,5.397,Same,Same,none,False,False,False,False
PPO+G,789,nervous_expert,4004,9,3.0,0.8816,0.6821,0.7862,4.995,Same,Same,none,False,False,False,False
PPO+G,789,nervous_expert,4004,10,3.0,0.914,0.6754,0.7059,3.891,Same,Same,none,False,False,False,False
PPO+G,789,nervous_expert,5005,1,3.0,0.8338,0.6088,0.7782,5.457,Same,Same,none,False,False,False,False
PPO+G,789,nervous_expert,5005,2,3.0,0.8383,0.5764,0.7424,5.256,Same,Same,none,False,False,False,False
PPO+G,789,nervous_expert,5005,3,3.0,0.89,0.4859,0.7165,5.831,Same,Same,none,False,False,False,False
PPO+G,789,nervous_expert,5005,4,3.0,0.94,0.6376,0.7856,5.545,Same,Same,none,False,False,False,False
PPO+G,789,nervous_expert,5005,5,3.0,0.9251,0.6352,0.6909,5.483,Same,Same,none,False,False,False,False
PPO+G,789,nervous_expert,5005,6,3.0,0.9095,0.6946,0.7717,3.959,Same,Same,none,False,False,False,False
PPO+G,789,nervous_expert,5005,7,3.0,0.934,0.6224,0.7251,4.366,Same,Same,none,False,False,False,False
PPO+G,789,nervous_expert,5005,8,3.0,0.8651,0.5905,0.7474,5.166,Same,Same,none,False,False,False,False
PPO+G,789,nervous_expert,5005,9,3.0,0.884,0.3543,0.7349,6.943,Same,Same,none,False,False,False,False
PPO+G,789,nervous_expert,5005,10,3.0,0.8983,0.6126,0.7463,4.854,Same,Same,none,False,False,False,False
PPO raw,999,struggling_junior,1001,1,3.0,0.0,0.0,1.0,9.015,Easier,Easier,none,False,False,False,False
PPO raw,999,struggling_junior,1001,2,2.0,0.102,0.0217,0.9376,7.082,Easier,Easier,none,False,False,False,False
PPO raw,999,struggling_junior,1001,3,1.0,0.3177,0.257,0.7712,4.14,Easier,Easier,none,False,False,True,True
PPO raw,999,struggling_junior,1001,4,1.0,0.252,0.3558,0.6175,4.225,Easier,Easier,none,False,False,True,True
PPO raw,999,struggling_junior,1001,5,1.0,0.3219,0.1769,0.7986,4.697,Easier,Easier,none,False,False,True,True
PPO raw,999,struggling_junior,1001,6,1.0,0.3267,0.3287,0.6338,3.84,Easier,Easier,none,False,False,True,True
PPO raw,999,struggling_junior,1001,7,1.0,0.2865,0.2876,0.5078,4.003,Easier,Easier,none,False,False,True,True
PPO raw,999,struggling_junior,1001,8,1.0,0.2959,0.3301,0.7128,4.584,Easier,Easier,none,False,False,True,True
PPO raw,999,struggling_junior,1001,9,1.0,0.3148,0.278,0.7938,5.301,Easier,Easier,none,False,False,True,True
PPO raw,999,struggling_junior,1001,10,1.0,0.2795,0.3481,0.8566,4.616,Easier,Easier,none,False,False,True,True
PPO raw,999,struggling_junior,2002,1,3.0,0.0,0.009,0.9933,11.225,Easier,Easier,none,False,False,False,False
PPO raw,999,struggling_junior,2002,2,2.0,0.1788,0.032,0.8323,6.887,Easier,Easier,none,False,False,False,False
PPO raw,999,struggling_junior,2002,3,1.0,0.2657,0.3216,0.8245,3.542,Easier,Easier,none,False,False,True,True
PPO raw,999,struggling_junior,2002,4,1.0,0.2933,0.3601,0.578,4.239,Easier,Easier,none,False,False,True,True
PPO raw,999,struggling_junior,2002,5,1.0,0.2437,0.2831,0.6299,4.617,Easier,Easier,none,False,False,True,True
PPO raw,999,struggling_junior,2002,6,1.0,0.2757,0.3414,0.7511,4.313,Easier,Easier,none,False,False,True,True
PPO raw,999,struggling_junior,2002,7,1.0,0.3189,0.2865,0.9392,4.215,Harder,Harder,none,False,False,False,False
PPO raw,999,struggling_junior,2002,8,2.0,0.1618,0.0,1.0,7.041,Easier,Easier,none,False,False,False,False
PPO raw,999,struggling_junior,2002,9,1.0,0.3251,0.2973,0.6723,4.666,Easier,Easier,none,False,False,True,True
PPO raw,999,struggling_junior,2002,10,1.0,0.2619,0.2299,0.687,4.369,Easier,Easier,none,False,False,True,True
PPO raw,999,struggling_junior,3003,1,3.0,0.0278,0.0,0.9865,9.928,Easier,Easier,none,False,False,False,False
PPO raw,999,struggling_junior,3003,2,2.0,0.2362,0.0367,0.8923,7.208,Easier,Easier,none,False,False,False,False
PPO raw,999,struggling_junior,3003,3,1.0,0.3532,0.2988,0.5533,3.777,Harder,Harder,none,False,False,False,False
PPO raw,999,struggling_junior,3003,4,2.0,0.2025,0.0,0.9592,6.962,Easier,Easier,none,False,False,False,False
PPO raw,999,struggling_junior,3003,5,1.0,0.2648,0.3325,0.689,4.51,Easier,Easier,none,False,False,True,True
PPO raw,999,struggling_junior,3003,6,1.0,0.2983,0.2338,0.8094,5.032,Easier,Easier,none,False,False,True,True
PPO raw,999,struggling_junior,3003,7,1.0,0.2749,0.2707,0.9088,4.159,Easier,Easier,none,False,False,True,True
PPO raw,999,struggling_junior,3003,8,1.0,0.2676,0.2606,0.7114,4.438,Easier,Easier,none,False,False,True,True
PPO raw,999,struggling_junior,3003,9,1.0,0.2928,0.2814,0.5154,4.201,Easier,Easier,none,False,False,True,True
PPO raw,999,struggling_junior,3003,10,1.0,0.2943,0.2777,0.8272,4.511,Easier,Easier,none,False,False,True,True
PPO raw,999,struggling_junior,4004,1,3.0,0.0634,0.0053,1.0,9.681,Easier,Easier,none,False,False,False,False
PPO raw,999,struggling_junior,4004,2,2.0,0.171,0.0607,0.9976,7.806,Easier,Easier,none,False,False,False,False
PPO raw,999,struggling_junior,4004,3,1.0,0.3038,0.3214,0.5852,4.101,Easier,Easier,none,False,False,True,True
PPO raw,999,struggling_junior,4004,4,1.0,0.3248,0.2895,0.8087,4.496,Harder,Harder,none,False,False,False,False
PPO raw,999,struggling_junior,4004,5,2.0,0.1895,0.008,1.0,8.398,Easier,Easier,none,False,False,False,False
PPO raw,999,struggling_junior,4004,6,1.0,0.3084,0.2657,0.8429,5.386,Easier,Easier,none,False,False,True,True
PPO raw,999,struggling_junior,4004,7,1.0,0.2736,0.3516,0.8626,4.451,Easier,Easier,none,False,False,True,True
PPO raw,999,struggling_junior,4004,8,1.0,0.2687,0.2719,0.6216,4.878,Easier,Easier,none,False,False,True,True
PPO raw,999,struggling_junior,4004,9,1.0,0.2675,0.3389,0.6579,4.191,Easier,Easier,none,False,False,True,True
PPO raw,999,struggling_junior,4004,10,1.0,0.273,0.3293,0.7589,4.454,Easier,Easier,none,False,False,True,True
PPO raw,999,struggling_junior,5005,1,3.0,0.0,0.0174,0.9971,10.015,Easier,Easier,none,False,False,False,False
PPO raw,999,struggling_junior,5005,2,2.0,0.2227,0.0,1.0,7.899,Easier,Easier,none,False,False,False,False
PPO raw,999,struggling_junior,5005,3,1.0,0.2558,0.2821,0.7399,4.828,Easier,Easier,none,False,False,True,True
PPO raw,999,struggling_junior,5005,4,1.0,0.2905,0.3271,0.6445,4.703,Easier,Easier,none,False,False,True,True
PPO raw,999,struggling_junior,5005,5,1.0,0.2409,0.2827,0.6745,4.714,Easier,Easier,none,False,False,True,True
PPO raw,999,struggling_junior,5005,6,1.0,0.3498,0.3031,0.522,3.963,Easier,Easier,none,False,False,True,True
PPO raw,999,struggling_junior,5005,7,1.0,0.3295,0.3114,0.688,4.114,Easier,Easier,none,False,False,True,True
PPO raw,999,struggling_junior,5005,8,1.0,0.2878,0.2842,0.8113,4.912,Easier,Easier,none,False,False,True,True
PPO raw,999,struggling_junior,5005,9,1.0,0.2717,0.2998,0.7296,4.667,Easier,Easier,none,False,False,True,True
PPO raw,999,struggling_junior,5005,10,1.0,0.3079,0.3541,0.5852,4.11,Easier,Easier,none,False,False,True,True
PPO raw,999,overconfident_fail,1001,1,3.0,0.0264,0.8372,0.2892,6.491,Same,Same,none,False,False,False,False
PPO raw,999,overconfident_fail,1001,2,3.0,0.1202,0.8285,0.2474,6.789,Same,Same,none,False,False,False,False
PPO raw,999,overconfident_fail,1001,3,3.0,0.1263,0.8422,0.2677,7.436,Same,Same,none,False,False,False,False
PPO raw,999,overconfident_fail,1001,4,3.0,0.0687,0.8689,0.2421,6.798,Same,Same,none,False,False,False,False
PPO raw,999,overconfident_fail,1001,5,3.0,0.0683,0.8058,0.2593,6.962,Same,Same,none,False,False,False,False
PPO raw,999,overconfident_fail,1001,6,3.0,0.0016,0.8426,0.2023,6.793,Same,Same,none,False,False,False,False
PPO raw,999,overconfident_fail,1001,7,3.0,0.1293,0.8843,0.2756,7.395,Same,Same,none,False,False,False,False
PPO raw,999,overconfident_fail,1001,8,3.0,0.0523,0.8564,0.2338,6.897,Same,Same,none,False,False,False,False
PPO raw,999,overconfident_fail,1001,9,3.0,0.1102,0.8387,0.2593,7.035,Same,Same,none,False,False,False,False
PPO raw,999,overconfident_fail,1001,10,3.0,0.0875,0.88,0.285,7.24,Same,Same,none,False,False,False,False
PPO raw,999,overconfident_fail,2002,1,3.0,0.0303,0.856,0.2144,8.082,Same,Same,none,False,False,False,False
PPO raw,999,overconfident_fail,2002,2,3.0,0.0404,0.8127,0.2694,6.465,Same,Same,none,False,False,False,False
PPO raw,999,overconfident_fail,2002,3,3.0,0.0617,0.8644,0.2667,6.122,Same,Same,none,False,False,False,False
PPO raw,999,overconfident_fail,2002,4,3.0,0.163,0.8338,0.2619,7.223,Same,Same,none,False,False,False,False
PPO raw,999,overconfident_fail,2002,5,3.0,0.0522,0.8388,0.2137,7.318,Same,Same,none,False,False,False,False
PPO raw,999,overconfident_fail,2002,6,3.0,0.0629,0.8695,0.2807,7.428,Same,Same,none,False,False,False,False
PPO raw,999,overconfident_fail,2002,7,3.0,0.0805,0.841,0.2505,6.637,Same,Same,none,False,False,False,False
PPO raw,999,overconfident_fail,2002,8,3.0,0.0822,0.8478,0.2728,6.749,Same,Same,none,False,False,False,False
PPO raw,999,overconfident_fail,2002,9,3.0,0.1128,0.8522,0.2502,6.427,Same,Same,none,False,False,False,False
PPO raw,999,overconfident_fail,2002,10,3.0,0.1271,0.838,0.2647,6.238,Same,Same,none,False,False,False,False
PPO raw,999,overconfident_fail,3003,1,3.0,0.0883,0.8256,0.2149,7.149,Same,Same,none,False,False,False,False
PPO raw,999,overconfident_fail,3003,2,3.0,0.1054,0.8847,0.2512,6.941,Same,Same,none,False,False,False,False
PPO raw,999,overconfident_fail,3003,3,3.0,0.0886,0.8109,0.3032,7.221,Same,Same,none,False,False,False,False
PPO raw,999,overconfident_fail,3003,4,3.0,0.0921,0.8881,0.2378,7.197,Same,Same,none,False,False,False,False
PPO raw,999,overconfident_fail,3003,5,3.0,0.0916,0.8003,0.213,6.593,Same,Same,none,False,False,False,False
PPO raw,999,overconfident_fail,3003,6,3.0,0.1217,0.8202,0.214,6.311,Same,Same,none,False,False,False,False
PPO raw,999,overconfident_fail,3003,7,3.0,0.0888,0.8581,0.2377,6.005,Same,Same,none,False,False,False,False
PPO raw,999,overconfident_fail,3003,8,3.0,0.0,0.8333,0.2806,6.046,Same,Same,none,False,False,False,False
PPO raw,999,overconfident_fail,3003,9,3.0,0.0963,0.836,0.3304,6.607,Same,Same,none,False,False,False,False
PPO raw,999,overconfident_fail,3003,10,3.0,0.0682,0.8452,0.2314,6.569,Same,Same,none,False,False,False,False
PPO raw,999,overconfident_fail,4004,1,3.0,0.1115,0.8535,0.2505,6.97,Same,Same,none,False,False,False,False
PPO raw,999,overconfident_fail,4004,2,3.0,0.1046,0.8541,0.2805,6.948,Same,Same,none,False,False,False,False
PPO raw,999,overconfident_fail,4004,3,3.0,0.0985,0.8459,0.3125,7.307,Same,Same,none,False,False,False,False
PPO raw,999,overconfident_fail,4004,4,3.0,0.0471,0.8493,0.2174,7.545,Same,Same,none,False,False,False,False
PPO raw,999,overconfident_fail,4004,5,3.0,0.1395,0.8209,0.2451,7.098,Same,Same,none,False,False,False,False
PPO raw,999,overconfident_fail,4004,6,3.0,0.1635,0.8566,0.2856,6.983,Same,Same,none,False,False,False,False
PPO raw,999,overconfident_fail,4004,7,3.0,0.1147,0.8571,0.2586,7.355,Same,Same,none,False,False,False,False
PPO raw,999,overconfident_fail,4004,8,3.0,0.0863,0.8511,0.2092,6.544,Same,Same,none,False,False,False,False
PPO raw,999,overconfident_fail,4004,9,3.0,0.0609,0.8759,0.2862,6.651,Same,Same,none,False,False,False,False
PPO raw,999,overconfident_fail,4004,10,3.0,0.0934,0.8284,0.2059,6.041,Same,Same,none,False,False,False,False
PPO raw,999,overconfident_fail,5005,1,3.0,0.0132,0.8616,0.2782,7.211,Same,Same,none,False,False,False,False
PPO raw,999,overconfident_fail,5005,2,3.0,0.0177,0.8372,0.2424,7.24,Same,Same,none,False,False,False,False
PPO raw,999,overconfident_fail,5005,3,3.0,0.0694,0.8549,0.2165,7.245,Same,Same,none,False,False,False,False
PPO raw,999,overconfident_fail,5005,4,3.0,0.1381,0.8553,0.2856,7.02,Same,Same,none,False,False,False,False
PPO raw,999,overconfident_fail,5005,5,3.0,0.1045,0.8709,0.1909,7.625,Same,Same,none,False,False,False,False
PPO raw,999,overconfident_fail,5005,6,3.0,0.0889,0.8611,0.2717,5.946,Same,Same,none,False,False,False,False
PPO raw,999,overconfident_fail,5005,7,3.0,0.1134,0.8599,0.2251,6.554,Same,Same,none,False,False,False,False
PPO raw,999,overconfident_fail,5005,8,3.0,0.0445,0.839,0.2474,6.966,Same,Same,none,False,False,False,False
PPO raw,999,overconfident_fail,5005,9,3.0,0.0634,0.8455,0.2349,7.267,Same,Same,none,False,False,False,False
PPO raw,999,overconfident_fail,5005,10,3.0,0.0777,0.8668,0.2463,6.666,Same,Same,none,False,False,False,False
PPO raw,999,normal,1001,1,3.0,0.4674,0.2547,0.7208,6.148,Same,Same,none,False,False,False,False
PPO raw,999,normal,1001,2,3.0,0.4638,0.2689,0.8358,7.76,Same,Same,none,False,False,False,False
PPO raw,999,normal,1001,3,3.0,0.5249,0.3732,0.6101,5.814,Same,Same,none,False,False,False,False
PPO raw,999,normal,1001,4,3.0,0.4678,0.3117,0.7823,6.304,Same,Same,none,False,False,False,False
PPO raw,999,normal,1001,5,3.0,0.5368,0.4622,0.5694,5.796,Same,Same,none,False,False,False,False
PPO raw,999,normal,1001,6,3.0,0.5177,0.2673,0.7068,6.935,Same,Same,none,False,False,False,False
PPO raw,999,normal,1001,7,3.0,0.4781,0.4281,0.6475,6.178,Same,Same,none,False,False,False,False
PPO raw,999,normal,1001,8,3.0,0.4951,0.2776,0.695,6.489,Same,Same,none,False,False,False,False
PPO raw,999,normal,1001,9,3.0,0.485,0.1802,0.8446,6.576,Same,Same,none,False,False,False,False
PPO raw,999,normal,1001,10,3.0,0.5219,0.3643,0.5837,5.469,Same,Same,none,False,False,False,False
PPO raw,999,normal,2002,1,3.0,0.4608,0.3805,0.7601,7.749,Same,Same,none,False,False,False,False
PPO raw,999,normal,2002,2,3.0,0.4794,0.3504,0.5545,5.728,Same,Same,none,False,False,False,False
PPO raw,999,normal,2002,3,3.0,0.5544,0.3957,0.5207,5.255,Same,Same,none,False,False,False,False
PPO raw,999,normal,2002,4,3.0,0.4441,0.3394,0.6642,7.036,Same,Same,none,False,False,False,False
PPO raw,999,normal,2002,5,3.0,0.4543,0.2857,0.6229,6.372,Same,Same,none,False,False,False,False
PPO raw,999,normal,2002,6,3.0,0.5167,0.4381,0.5934,6.604,Same,Same,none,False,False,False,False
PPO raw,999,normal,2002,7,3.0,0.5142,0.5363,0.3991,5.25,Same,Same,none,False,False,False,False
PPO raw,999,normal,2002,8,3.0,0.5065,0.3785,0.6413,6.464,Same,Same,none,False,False,False,False
PPO raw,999,normal,2002,9,3.0,0.4437,0.2544,0.6489,6.145,Same,Same,none,False,False,False,False
PPO raw,999,normal,2002,10,3.0,0.5081,0.2775,0.9003,7.235,Same,Same,none,False,False,False,False
PPO raw,999,normal,3003,1,3.0,0.5381,0.3184,0.8131,7.094,Same,Same,none,False,False,False,False
PPO raw,999,normal,3003,2,3.0,0.4505,0.215,0.6914,6.361,Same,Same,none,False,False,False,False
PPO raw,999,normal,3003,3,3.0,0.4795,0.2727,0.7618,7.301,Same,Same,none,False,False,False,False
PPO raw,999,normal,3003,4,3.0,0.5521,0.4049,0.632,5.766,Same,Same,none,False,False,False,False
PPO raw,999,normal,3003,5,3.0,0.5254,0.4082,0.5582,5.288,Same,Same,none,False,False,False,False
PPO raw,999,normal,3003,6,3.0,0.5532,0.4005,0.5686,5.853,Same,Same,none,False,False,False,False
PPO raw,999,normal,3003,7,3.0,0.5171,0.4024,0.7499,6.583,Same,Same,none,False,False,False,False
PPO raw,999,normal,3003,8,3.0,0.4966,0.2669,0.74,6.237,Same,Same,none,False,False,False,False
PPO raw,999,normal,3003,9,3.0,0.5178,0.1937,0.7076,6.714,Same,Same,none,False,False,False,False
PPO raw,999,normal,3003,10,3.0,0.5287,0.3171,0.5891,6.324,Same,Same,none,False,False,False,False
PPO raw,999,normal,4004,1,3.0,0.5363,0.3673,0.5976,6.086,Same,Same,none,False,False,False,False
PPO raw,999,normal,4004,2,3.0,0.488,0.3503,0.6511,6.111,Same,Same,none,False,False,False,False
PPO raw,999,normal,4004,3,3.0,0.5257,0.4248,0.5508,6.37,Same,Same,none,False,False,False,False
PPO raw,999,normal,4004,4,3.0,0.5062,0.4274,0.5919,5.741,Same,Same,none,False,False,False,False
PPO raw,999,normal,4004,5,3.0,0.5038,0.4036,0.6287,6.113,Same,Same,none,False,False,False,False
PPO raw,999,normal,4004,6,3.0,0.5625,0.3478,0.7214,6.791,Same,Same,none,False,False,False,False
PPO raw,999,normal,4004,7,3.0,0.5416,0.3626,0.6347,5.866,Same,Same,none,False,False,False,False
PPO raw,999,normal,4004,8,3.0,0.5128,0.4897,0.5703,5.994,Same,Same,none,False,False,False,False
PPO raw,999,normal,4004,9,3.0,0.5653,0.3134,0.6734,6.552,Same,Same,none,False,False,False,False
PPO raw,999,normal,4004,10,3.0,0.5003,0.2535,0.8367,8.243,Same,Same,none,False,False,False,False
PPO raw,999,normal,5005,1,3.0,0.4326,0.3876,0.647,6.396,Same,Same,none,False,False,False,False
PPO raw,999,normal,5005,2,3.0,0.4962,0.3868,0.6883,5.714,Same,Same,none,False,False,False,False
PPO raw,999,normal,5005,3,3.0,0.5471,0.3942,0.6505,6.313,Same,Same,none,False,False,False,False
PPO raw,999,normal,5005,4,3.0,0.4807,0.3129,0.729,6.195,Same,Same,none,False,False,False,False
PPO raw,999,normal,5005,5,3.0,0.4856,0.4054,0.4767,5.564,Same,Same,none,False,False,False,False
PPO raw,999,normal,5005,6,3.0,0.4665,0.4213,0.614,6.554,Same,Same,none,False,False,False,False
PPO raw,999,normal,5005,7,3.0,0.497,0.382,0.6394,6.594,Same,Same,none,False,False,False,False
PPO raw,999,normal,5005,8,3.0,0.4925,0.4,0.5948,6.53,Same,Same,none,False,False,False,False
PPO raw,999,normal,5005,9,3.0,0.5432,0.4665,0.3759,4.899,Same,Same,none,False,False,False,False
PPO raw,999,normal,5005,10,3.0,0.5606,0.3637,0.4759,5.808,Same,Same,none,False,False,False,False
PPO raw,999,lucky_guesser,1001,1,3.0,0.9319,0.2807,0.8392,5.474,Same,Same,none,False,False,False,False
PPO raw,999,lucky_guesser,1001,2,3.0,0.9363,0.2678,0.7974,4.857,Same,Same,none,False,False,False,False
PPO raw,999,lucky_guesser,1001,3,3.0,0.9559,0.2884,0.8177,6.762,Same,Same,none,False,False,False,False
PPO raw,999,lucky_guesser,1001,4,3.0,0.9714,0.3283,0.7921,6.125,Same,Same,none,False,False,False,False
PPO raw,999,lucky_guesser,1001,5,3.0,0.9425,0.2336,0.8093,5.748,Same,Same,none,False,False,False,False
PPO raw,999,lucky_guesser,1001,6,3.0,0.9246,0.2889,0.7523,5.264,Same,Same,none,False,False,False,False
PPO raw,999,lucky_guesser,1001,7,3.0,0.9513,0.3515,0.8256,5.742,Same,Same,none,False,False,False,False
PPO raw,999,lucky_guesser,1001,8,3.0,0.9438,0.3096,0.7838,6.343,Same,Same,none,False,False,False,False
PPO raw,999,lucky_guesser,1001,9,3.0,0.9489,0.283,0.8093,5.317,Same,Same,none,False,False,False,False
PPO raw,999,lucky_guesser,1001,10,3.0,0.937,0.345,0.835,5.773,Same,Same,none,False,False,False,False
PPO raw,999,lucky_guesser,2002,1,3.0,0.9397,0.309,0.7644,6.952,Same,Same,none,False,False,False,False
PPO raw,999,lucky_guesser,2002,2,3.0,0.9269,0.2441,0.8194,4.605,Same,Same,none,False,False,False,False
PPO raw,999,lucky_guesser,2002,3,3.0,0.9328,0.3216,0.8167,4.015,Same,Same,none,False,False,False,False
PPO raw,999,lucky_guesser,2002,4,3.0,0.9869,0.2758,0.8119,6.146,Same,Same,none,False,False,False,False
PPO raw,999,lucky_guesser,2002,5,3.0,0.9219,0.2831,0.7637,5.66,Same,Same,none,False,False,False,False
PPO raw,999,lucky_guesser,2002,6,3.0,0.9436,0.3292,0.8307,5.545,Same,Same,none,False,False,False,False
PPO raw,999,lucky_guesser,2002,7,3.0,0.9595,0.2865,0.8005,5.072,Same,Same,none,False,False,False,False
PPO raw,999,lucky_guesser,2002,8,3.0,0.9456,0.2968,0.8228,5.481,Same,Same,none,False,False,False,False
PPO raw,999,lucky_guesser,2002,9,3.0,0.9527,0.3033,0.8002,5.177,Same,Same,none,False,False,False,False
PPO raw,999,lucky_guesser,2002,10,3.0,0.9599,0.282,0.8147,4.501,Same,Same,none,False,False,False,False
PPO raw,999,lucky_guesser,3003,1,3.0,0.9253,0.2634,0.7649,6.426,Same,Same,none,False,False,False,False
PPO raw,999,lucky_guesser,3003,2,3.0,0.9734,0.3521,0.8012,5.578,Same,Same,none,False,False,False,False
PPO raw,999,lucky_guesser,3003,3,3.0,0.9437,0.2414,0.8532,6.422,Same,Same,none,False,False,False,False
PPO raw,999,lucky_guesser,3003,4,3.0,0.9576,0.3571,0.7878,5.731,Same,Same,none,False,False,False,False
PPO raw,999,lucky_guesser,3003,5,3.0,0.9589,0.2254,0.763,5.575,Same,Same,none,False,False,False,False
PPO raw,999,lucky_guesser,3003,6,3.0,0.9663,0.2554,0.764,4.432,Same,Same,none,False,False,False,False
PPO raw,999,lucky_guesser,3003,7,3.0,0.9502,0.3121,0.7877,4.44,Same,Same,none,False,False,False,False
PPO raw,999,lucky_guesser,3003,8,3.0,0.9264,0.2749,0.8306,4.49,Same,Same,none,False,False,False,False
PPO raw,999,lucky_guesser,3003,9,3.0,0.9778,0.279,0.8804,4.662,Same,Same,none,False,False,False,False
PPO raw,999,lucky_guesser,3003,10,3.0,0.9587,0.2928,0.7814,5.265,Same,Same,none,False,False,False,False
PPO raw,999,lucky_guesser,4004,1,3.0,0.944,0.3053,0.8005,5.274,Same,Same,none,False,False,False,False
PPO raw,999,lucky_guesser,4004,2,3.0,0.9779,0.3062,0.8305,5.479,Same,Same,none,False,False,False,False
PPO raw,999,lucky_guesser,4004,3,3.0,0.9561,0.2939,0.8625,6.049,Same,Same,none,False,False,False,False
PPO raw,999,lucky_guesser,4004,4,3.0,0.9438,0.299,0.7674,5.97,Same,Same,none,False,False,False,False
PPO raw,999,lucky_guesser,4004,5,3.0,0.9826,0.2564,0.7951,5.16,Same,Same,none,False,False,False,False
PPO raw,999,lucky_guesser,4004,6,3.0,0.9979,0.3099,0.8356,5.117,Same,Same,none,False,False,False,False
PPO raw,999,lucky_guesser,4004,7,3.0,0.9498,0.3107,0.8086,5.409,Same,Same,none,False,False,False,False
PPO raw,999,lucky_guesser,4004,8,3.0,0.9646,0.3017,0.7592,5.515,Same,Same,none,False,False,False,False
PPO raw,999,lucky_guesser,4004,9,3.0,0.9337,0.3389,0.8362,5.135,Same,Same,none,False,False,False,False
PPO raw,999,lucky_guesser,4004,10,3.0,0.9259,0.2675,0.7559,3.996,Same,Same,none,False,False,False,False
PPO raw,999,lucky_guesser,5005,1,3.0,0.9481,0.3174,0.8282,5.607,Same,Same,none,False,False,False,False
PPO raw,999,lucky_guesser,5005,2,3.0,0.9519,0.2807,0.7924,5.417,Same,Same,none,False,False,False,False
PPO raw,999,lucky_guesser,5005,3,3.0,0.9279,0.3074,0.7665,5.977,Same,Same,none,False,False,False,False
PPO raw,999,lucky_guesser,5005,4,3.0,0.9575,0.308,0.8356,5.681,Same,Same,none,False,False,False,False
PPO raw,999,lucky_guesser,5005,5,3.0,0.9716,0.3314,0.7409,5.655,Same,Same,none,False,False,False,False
PPO raw,999,lucky_guesser,5005,6,3.0,0.9673,0.3167,0.8217,4.127,Same,Same,none,False,False,False,False
PPO raw,999,lucky_guesser,5005,7,3.0,0.9395,0.3149,0.7751,4.557,Same,Same,none,False,False,False,False
PPO raw,999,lucky_guesser,5005,8,3.0,0.9327,0.2835,0.7974,5.316,Same,Same,none,False,False,False,False
PPO raw,999,lucky_guesser,5005,9,3.0,0.972,0.2933,0.7849,7.035,Same,Same,none,False,False,False,False
PPO raw,999,lucky_guesser,5005,10,3.0,0.9499,0.3252,0.7963,5.004,Same,Same,none,False,False,False,False
PPO raw,999,nervous_expert,1001,1,3.0,0.8471,0.4392,0.7892,5.352,Same,Same,none,False,False,False,False
PPO raw,999,nervous_expert,1001,2,3.0,0.94,0.6349,0.7474,4.687,Same,Same,none,False,False,False,False
PPO raw,999,nervous_expert,1001,3,3.0,0.94,0.463,0.7677,6.649,Same,Same,none,False,False,False,False
PPO raw,999,nervous_expert,1001,4,3.0,0.8894,0.5165,0.7421,6.019,Same,Same,none,False,False,False,False
PPO raw,999,nervous_expert,1001,5,3.0,0.8889,0.415,0.7593,5.611,Same,Same,none,False,False,False,False
PPO raw,999,nervous_expert,1001,6,3.0,0.8222,0.5461,0.7023,5.119,Same,Same,none,False,False,False,False
PPO raw,999,nervous_expert,1001,7,3.0,0.94,0.6829,0.7756,5.587,Same,Same,none,False,False,False,False
PPO raw,999,nervous_expert,1001,8,3.0,0.8729,0.3806,0.7338,6.242,Same,Same,none,False,False,False,False
PPO raw,999,nervous_expert,1001,9,3.0,0.9308,0.5759,0.7593,5.163,Same,Same,none,False,False,False,False
PPO raw,999,nervous_expert,1001,10,3.0,0.9081,0.6567,0.785,5.628,Same,Same,none,False,False,False,False
PPO raw,999,nervous_expert,2002,1,3.0,0.8509,0.5933,0.7144,6.812,Same,Same,none,False,False,False,False
PPO raw,999,nervous_expert,2002,2,3.0,0.861,0.6129,0.7694,4.439,Same,Same,none,False,False,False,False
PPO raw,999,nervous_expert,2002,3,3.0,0.8823,0.7316,0.7667,3.978,Same,Same,none,False,False,False,False
PPO raw,999,nervous_expert,2002,4,3.0,0.94,0.5878,0.7619,6.018,Same,Same,none,False,False,False,False
PPO raw,999,nervous_expert,2002,5,3.0,0.8728,0.5655,0.7137,5.506,Same,Same,none,False,False,False,False
PPO raw,999,nervous_expert,2002,6,3.0,0.8835,0.5903,0.7807,5.357,Same,Same,none,False,False,False,False
PPO raw,999,nervous_expert,2002,7,3.0,0.9011,0.5185,0.7505,4.906,Same,Same,none,False,False,False,False
PPO raw,999,nervous_expert,2002,8,3.0,0.9029,0.5983,0.7728,5.35,Same,Same,none,False,False,False,False
PPO raw,999,nervous_expert,2002,9,3.0,0.9334,0.4873,0.7502,5.031,Same,Same,none,False,False,False,False
PPO raw,999,nervous_expert,2002,10,3.0,0.94,0.6252,0.7647,4.35,Same,Same,none,False,False,False,False
PPO raw,999,nervous_expert,3003,1,3.0,0.9089,0.4856,0.7149,6.314,Same,Same,none,False,False,False,False
PPO raw,999,nervous_expert,3003,2,3.0,0.926,0.549,0.7512,5.427,Same,Same,none,False,False,False,False
PPO raw,999,nervous_expert,3003,3,3.0,0.9092,0.4128,0.8032,6.307,Same,Same,none,False,False,False,False
PPO raw,999,nervous_expert,3003,4,3.0,0.9127,0.5827,0.7378,5.584,Same,Same,none,False,False,False,False
PPO raw,999,nervous_expert,3003,5,3.0,0.9122,0.3961,0.713,5.456,Same,Same,none,False,False,False,False
PPO raw,999,nervous_expert,3003,6,3.0,0.94,0.593,0.714,4.261,Same,Same,none,False,False,False,False
PPO raw,999,nervous_expert,3003,7,3.0,0.9095,0.5548,0.7377,4.272,Same,Same,none,False,False,False,False
PPO raw,999,nervous_expert,3003,8,3.0,0.82,0.5163,0.7806,4.323,Same,Same,none,False,False,False,False
PPO raw,999,nervous_expert,3003,9,3.0,0.9169,0.6116,0.8304,4.487,Same,Same,none,False,False,False,False
PPO raw,999,nervous_expert,3003,10,3.0,0.8888,0.5284,0.7314,5.135,Same,Same,none,False,False,False,False
PPO raw,999,nervous_expert,4004,1,3.0,0.9321,0.5764,0.7505,5.115,Same,Same,none,False,False,False,False
PPO raw,999,nervous_expert,4004,2,3.0,0.9252,0.6041,0.7805,5.338,Same,Same,none,False,False,False,False
PPO raw,999,nervous_expert,4004,3,3.0,0.9191,0.4919,0.8125,5.913,Same,Same,none,False,False,False,False
PPO raw,999,nervous_expert,4004,4,3.0,0.8677,0.5856,0.7174,5.817,Same,Same,none,False,False,False,False
PPO raw,999,nervous_expert,4004,5,3.0,0.94,0.6499,0.7451,4.993,Same,Same,none,False,False,False,False
PPO raw,999,nervous_expert,4004,6,3.0,0.94,0.5808,0.7856,4.932,Same,Same,none,False,False,False,False
PPO raw,999,nervous_expert,4004,7,3.0,0.9353,0.5954,0.7586,5.225,Same,Same,none,False,False,False,False
PPO raw,999,nervous_expert,4004,8,3.0,0.9069,0.5304,0.7092,5.397,Same,Same,none,False,False,False,False
PPO raw,999,nervous_expert,4004,9,3.0,0.8816,0.6821,0.7862,4.995,Same,Same,none,False,False,False,False
PPO raw,999,nervous_expert,4004,10,3.0,0.914,0.6754,0.7059,3.891,Same,Same,none,False,False,False,False
PPO raw,999,nervous_expert,5005,1,3.0,0.8338,0.6088,0.7782,5.457,Same,Same,none,False,False,False,False
PPO raw,999,nervous_expert,5005,2,3.0,0.8383,0.5764,0.7424,5.256,Same,Same,none,False,False,False,False
PPO raw,999,nervous_expert,5005,3,3.0,0.89,0.4859,0.7165,5.831,Same,Same,none,False,False,False,False
PPO raw,999,nervous_expert,5005,4,3.0,0.94,0.6376,0.7856,5.545,Same,Same,none,False,False,False,False
PPO raw,999,nervous_expert,5005,5,3.0,0.9251,0.6352,0.6909,5.483,Same,Same,none,False,False,False,False
PPO raw,999,nervous_expert,5005,6,3.0,0.9095,0.6946,0.7717,3.959,Same,Same,none,False,False,False,False
PPO raw,999,nervous_expert,5005,7,3.0,0.934,0.6224,0.7251,4.366,Same,Same,none,False,False,False,False
PPO raw,999,nervous_expert,5005,8,3.0,0.8651,0.5905,0.7474,5.166,Same,Same,none,False,False,False,False
PPO raw,999,nervous_expert,5005,9,3.0,0.884,0.3543,0.7349,6.943,Same,Same,none,False,False,False,False
PPO raw,999,nervous_expert,5005,10,3.0,0.8983,0.6126,0.7463,4.854,Same,Same,none,False,False,False,False
PPO+G,999,struggling_junior,1001,1,3.0,0.0,0.0,1.0,9.015,Easier,Easier,g4_stuck_easier,True,False,False,False
PPO+G,999,struggling_junior,1001,2,2.0,0.102,0.0217,0.9376,7.082,Easier,Easier,g4_stuck_easier,True,False,False,False
PPO+G,999,struggling_junior,1001,3,1.0,0.3177,0.257,0.7712,4.14,Easier,Same,g2_anxiety_stabilizer_same,True,True,False,True
PPO+G,999,struggling_junior,1001,4,1.0,0.252,0.3558,0.6175,4.225,Easier,Easier,g4_stuck_easier,True,False,True,True
PPO+G,999,struggling_junior,1001,5,1.0,0.3219,0.1769,0.7986,4.697,Easier,Same,g2_anxiety_stabilizer_same,True,True,False,True
PPO+G,999,struggling_junior,1001,6,1.0,0.3267,0.3287,0.6338,3.84,Easier,Easier,none,False,False,True,True
PPO+G,999,struggling_junior,1001,7,1.0,0.2865,0.2876,0.5078,4.003,Easier,Easier,none,False,False,True,True
PPO+G,999,struggling_junior,1001,8,1.0,0.2959,0.3301,0.7128,4.584,Easier,Easier,g4_stuck_easier,True,False,True,True
PPO+G,999,struggling_junior,1001,9,1.0,0.3148,0.278,0.7938,5.301,Easier,Same,g2_anxiety_stabilizer_same,True,True,False,True
PPO+G,999,struggling_junior,1001,10,1.0,0.2795,0.3481,0.8566,4.616,Easier,Easier,g4_stuck_easier,True,False,True,True
PPO+G,999,struggling_junior,2002,1,3.0,0.0,0.009,0.9933,11.225,Easier,Easier,g4_stuck_easier,True,False,False,False
PPO+G,999,struggling_junior,2002,2,2.0,0.1788,0.032,0.8323,6.887,Easier,Easier,g4_stuck_easier,True,False,False,False
PPO+G,999,struggling_junior,2002,3,1.0,0.2657,0.3216,0.8245,3.542,Easier,Easier,g4_stuck_easier,True,False,True,True
PPO+G,999,struggling_junior,2002,4,1.0,0.2933,0.3601,0.578,4.239,Easier,Easier,none,False,False,True,True
PPO+G,999,struggling_junior,2002,5,1.0,0.2437,0.2831,0.6299,4.617,Easier,Easier,g4_stuck_easier,True,False,True,True
PPO+G,999,struggling_junior,2002,6,1.0,0.2757,0.3414,0.7511,4.313,Easier,Easier,g4_stuck_easier,True,False,True,True
PPO+G,999,struggling_junior,2002,7,1.0,0.3189,0.2865,0.9392,4.215,Harder,Same,g2_anxiety_stabilizer_same,True,True,False,False
PPO+G,999,struggling_junior,2002,8,1.0,0.2858,0.2296,0.8804,4.668,Easier,Easier,g4_stuck_easier,True,False,True,True
PPO+G,999,struggling_junior,2002,9,1.0,0.3251,0.2973,0.6723,4.666,Easier,Easier,none,False,False,True,True
PPO+G,999,struggling_junior,2002,10,1.0,0.2619,0.2299,0.687,4.369,Easier,Easier,g4_stuck_easier,True,False,True,True
PPO+G,999,struggling_junior,3003,1,3.0,0.0278,0.0,0.9865,9.928,Easier,Easier,g4_stuck_easier,True,False,False,False
PPO+G,999,struggling_junior,3003,2,2.0,0.2362,0.0367,0.8923,7.208,Easier,Easier,g4_stuck_easier,True,False,False,False
PPO+G,999,struggling_junior,3003,3,1.0,0.3532,0.2988,0.5533,3.777,Harder,Harder,none,False,False,False,False
PPO+G,999,struggling_junior,3003,4,2.0,0.2025,0.0,0.9592,6.962,Easier,Easier,g4_stuck_easier,True,False,False,False
PPO+G,999,struggling_junior,3003,5,1.0,0.2648,0.3325,0.689,4.51,Easier,Easier,g4_stuck_easier,True,False,True,True
PPO+G,999,struggling_junior,3003,6,1.0,0.2983,0.2338,0.8094,5.032,Easier,Easier,g4_stuck_easier,True,False,True,True
PPO+G,999,struggling_junior,3003,7,1.0,0.2749,0.2707,0.9088,4.159,Easier,Easier,g4_stuck_easier,True,False,True,True
PPO+G,999,struggling_junior,3003,8,1.0,0.2676,0.2606,0.7114,4.438,Easier,Easier,g4_stuck_easier,True,False,True,True
PPO+G,999,struggling_junior,3003,9,1.0,0.2928,0.2814,0.5154,4.201,Easier,Easier,none,False,False,True,True
PPO+G,999,struggling_junior,3003,10,1.0,0.2943,0.2777,0.8272,4.511,Easier,Easier,g4_stuck_easier,True,False,True,True
PPO+G,999,struggling_junior,4004,1,3.0,0.0634,0.0053,1.0,9.681,Easier,Easier,g4_stuck_easier,True,False,False,False
PPO+G,999,struggling_junior,4004,2,2.0,0.171,0.0607,0.9976,7.806,Easier,Easier,g4_stuck_easier,True,False,False,False
PPO+G,999,struggling_junior,4004,3,1.0,0.3038,0.3214,0.5852,4.101,Easier,Easier,none,False,False,True,True
PPO+G,999,struggling_junior,4004,4,1.0,0.3248,0.2895,0.8087,4.496,Harder,Same,g2_anxiety_stabilizer_same,True,True,False,False
PPO+G,999,struggling_junior,4004,5,1.0,0.3225,0.2808,0.781,5.275,Harder,Same,g2_anxiety_stabilizer_same,True,True,False,False
PPO+G,999,struggling_junior,4004,6,1.0,0.3084,0.2657,0.8429,5.386,Harder,Same,g2_anxiety_stabilizer_same,True,True,False,False
PPO+G,999,struggling_junior,4004,7,1.0,0.2736,0.3516,0.8626,4.451,Easier,Easier,g4_stuck_easier,True,False,True,True
PPO+G,999,struggling_junior,4004,8,1.0,0.2687,0.2719,0.6216,4.878,Easier,Easier,g4_stuck_easier,True,False,True,True
PPO+G,999,struggling_junior,4004,9,1.0,0.2675,0.3389,0.6579,4.191,Easier,Easier,g4_stuck_easier,True,False,True,True
PPO+G,999,struggling_junior,4004,10,1.0,0.273,0.3293,0.7589,4.454,Easier,Easier,g4_stuck_easier,True,False,True,True
PPO+G,999,struggling_junior,5005,1,3.0,0.0,0.0174,0.9971,10.015,Easier,Easier,g4_stuck_easier,True,False,False,False
PPO+G,999,struggling_junior,5005,2,2.0,0.2227,0.0,1.0,7.899,Easier,Easier,g4_stuck_easier,True,False,False,False
PPO+G,999,struggling_junior,5005,3,1.0,0.2558,0.2821,0.7399,4.828,Easier,Easier,g4_stuck_easier,True,False,True,True
PPO+G,999,struggling_junior,5005,4,1.0,0.2905,0.3271,0.6445,4.703,Easier,Easier,g4_stuck_easier,True,False,True,True
PPO+G,999,struggling_junior,5005,5,1.0,0.2409,0.2827,0.6745,4.714,Easier,Easier,g4_stuck_easier,True,False,True,True
PPO+G,999,struggling_junior,5005,6,1.0,0.3498,0.3031,0.522,3.963,Easier,Easier,none,False,False,True,True
PPO+G,999,struggling_junior,5005,7,1.0,0.3295,0.3114,0.688,4.114,Easier,Easier,none,False,False,True,True
PPO+G,999,struggling_junior,5005,8,1.0,0.2878,0.2842,0.8113,4.912,Easier,Easier,g4_stuck_easier,True,False,True,True
PPO+G,999,struggling_junior,5005,9,1.0,0.2717,0.2998,0.7296,4.667,Easier,Easier,g4_stuck_easier,True,False,True,True
PPO+G,999,struggling_junior,5005,10,1.0,0.3079,0.3541,0.5852,4.11,Easier,Easier,none,False,False,True,True
PPO+G,999,overconfident_fail,1001,1,3.0,0.0264,0.8372,0.2892,6.491,Same,Easier,g1_overload_protection,True,True,False,False
PPO+G,999,overconfident_fail,1001,2,2.0,0.1817,0.8285,0.2474,4.623,Easier,Easier,g1_overload_protection,True,False,False,False
PPO+G,999,overconfident_fail,1001,3,1.0,0.2079,0.8422,0.2677,3.369,Harder,Harder,none,False,False,False,False
PPO+G,999,overconfident_fail,1001,4,2.0,0.2286,0.8689,0.2421,5.341,Easier,Easier,g1_overload_protection,True,False,False,False
PPO+G,999,overconfident_fail,1001,5,1.0,0.19,0.8058,0.2593,2.899,Easier,Easier,none,False,False,True,True
PPO+G,999,overconfident_fail,1001,6,1.0,0.1661,0.8426,0.2023,2.671,Easier,Easier,none,False,False,True,True
PPO+G,999,overconfident_fail,1001,7,1.0,0.2017,0.8843,0.2756,2.911,Easier,Easier,none,False,False,True,True
PPO+G,999,overconfident_fail,1001,8,1.0,0.1917,0.8564,0.2338,3.156,Easier,Easier,none,False,False,True,True
PPO+G,999,overconfident_fail,1001,9,1.0,0.1986,0.8387,0.2593,2.704,Easier,Easier,none,False,False,True,True
PPO+G,999,overconfident_fail,1001,10,1.0,0.1826,0.88,0.285,2.918,Easier,Easier,none,False,False,True,True
PPO+G,999,overconfident_fail,2002,1,3.0,0.0303,0.856,0.2144,8.082,Same,Easier,g1_overload_protection,True,True,False,False
PPO+G,999,overconfident_fail,2002,2,2.0,0.1692,0.8127,0.2694,4.399,Easier,Easier,g1_overload_protection,True,False,False,False
PPO+G,999,overconfident_fail,2002,3,1.0,0.1771,0.8644,0.1986,2.119,Easier,Easier,none,False,False,True,True
PPO+G,999,overconfident_fail,2002,4,1.0,0.2492,0.8338,0.2619,3.084,Harder,Harder,none,False,False,False,False
PPO+G,999,overconfident_fail,2002,5,2.0,0.1625,0.8388,0.2137,5.195,Easier,Easier,g1_overload_protection,True,False,False,False
PPO+G,999,overconfident_fail,2002,6,1.0,0.1914,0.8695,0.2807,2.843,Easier,Easier,none,False,False,True,True
PPO+G,999,overconfident_fail,2002,7,1.0,0.2126,0.841,0.2505,2.596,Easier,Easier,none,False,False,True,True
PPO+G,999,overconfident_fail,2002,8,1.0,0.1941,0.8478,0.2728,2.764,Easier,Easier,none,False,False,True,True
PPO+G,999,overconfident_fail,2002,9,1.0,0.2036,0.8522,0.2502,2.63,Easier,Easier,none,False,False,True,True
PPO+G,999,overconfident_fail,2002,10,1.0,0.2131,0.838,0.2647,2.307,Easier,Easier,none,False,False,True,True
PPO+G,999,overconfident_fail,3003,1,3.0,0.0883,0.8256,0.2149,7.149,Same,Easier,g1_overload_protection,True,True,False,False
PPO+G,999,overconfident_fail,3003,2,2.0,0.2312,0.8847,0.2512,5.119,Easier,Easier,g1_overload_protection,True,False,False,False
PPO+G,999,overconfident_fail,3003,3,1.0,0.1916,0.8109,0.3032,3.207,Easier,Easier,none,False,False,True,True
PPO+G,999,overconfident_fail,3003,4,1.0,0.2101,0.8881,0.2378,2.9,Harder,Harder,none,False,False,False,False
PPO+G,999,overconfident_fail,3003,5,2.0,0.2118,0.8003,0.213,4.973,Easier,Easier,g1_overload_protection,True,False,False,False
PPO+G,999,overconfident_fail,3003,6,1.0,0.2217,0.8202,0.214,2.29,Easier,Easier,none,False,False,True,True
PPO+G,999,overconfident_fail,3003,7,1.0,0.2003,0.8581,0.2377,2.292,Easier,Easier,none,False,False,True,True
PPO+G,999,overconfident_fail,3003,8,1.0,0.1685,0.8333,0.2806,2.315,Easier,Easier,none,False,False,True,True
PPO+G,999,overconfident_fail,3003,9,1.0,0.2371,0.836,0.3304,2.406,Easier,Easier,none,False,False,True,True
PPO+G,999,overconfident_fail,3003,10,1.0,0.2116,0.8452,0.2314,2.659,Easier,Easier,none,False,False,True,True
PPO+G,999,overconfident_fail,4004,1,3.0,0.1115,0.8535,0.2505,6.97,Same,Easier,g1_overload_protection,True,True,False,False
PPO+G,999,overconfident_fail,4004,2,2.0,0.2372,0.8541,0.2805,4.998,Easier,Easier,g1_overload_protection,True,False,False,False
PPO+G,999,overconfident_fail,4004,3,1.0,0.2081,0.8459,0.3125,3.044,Harder,Harder,none,False,False,False,False
PPO+G,999,overconfident_fail,4004,4,2.0,0.1917,0.8493,0.2174,5.439,Easier,Easier,g1_overload_protection,True,False,False,False
PPO+G,999,overconfident_fail,4004,5,1.0,0.2435,0.8209,0.2451,2.639,Harder,Harder,none,False,False,False,False
PPO+G,999,overconfident_fail,4004,6,2.0,0.2638,0.8566,0.2856,4.893,Easier,Easier,g1_overload_protection,True,False,False,False
PPO+G,999,overconfident_fail,4004,7,1.0,0.1997,0.8571,0.2586,2.774,Easier,Easier,none,False,False,True,True
PPO+G,999,overconfident_fail,4004,8,1.0,0.2194,0.8511,0.2092,2.77,Easier,Easier,none,False,False,True,True
PPO+G,999,overconfident_fail,4004,9,1.0,0.1783,0.8759,0.2862,2.605,Easier,Easier,none,False,False,True,True
PPO+G,999,overconfident_fail,4004,10,1.0,0.1678,0.8284,0.1518,2.103,Easier,Easier,none,False,False,True,True
PPO+G,999,overconfident_fail,5005,1,3.0,0.0132,0.8616,0.2782,7.211,Same,Easier,g1_overload_protection,True,True,False,False
PPO+G,999,overconfident_fail,5005,2,2.0,0.2025,0.8372,0.2424,5.031,Easier,Easier,g1_overload_protection,True,False,False,False
PPO+G,999,overconfident_fail,5005,3,1.0,0.1705,0.8549,0.2165,3.016,Easier,Easier,none,False,False,True,True
PPO+G,999,overconfident_fail,5005,4,1.0,0.21,0.8553,0.2856,2.866,Easier,Easier,none,False,False,True,True
PPO+G,999,overconfident_fail,5005,5,1.0,0.2288,0.8709,0.1909,2.884,Easier,Easier,none,False,False,True,True
PPO+G,999,overconfident_fail,5005,6,1.0,0.223,0.8611,0.2717,2.14,Easier,Easier,none,False,False,True,True
PPO+G,999,overconfident_fail,5005,7,1.0,0.186,0.8599,0.2251,2.367,Easier,Easier,none,False,False,True,True
PPO+G,999,overconfident_fail,5005,8,1.0,0.1769,0.839,0.2474,2.701,Easier,Easier,none,False,False,True,True
PPO+G,999,overconfident_fail,5005,9,1.0,0.2294,0.8455,0.2349,3.483,Easier,Easier,none,False,False,True,True
PPO+G,999,overconfident_fail,5005,10,1.0,0.1999,0.8668,0.2463,2.55,Easier,Easier,none,False,False,True,True
PPO+G,999,normal,1001,1,3.0,0.4674,0.2547,0.7208,6.148,Same,Same,g2_anxiety_stabilizer_same,True,False,False,False
PPO+G,999,normal,1001,2,3.0,0.4638,0.2689,0.8358,7.76,Same,Same,g2_anxiety_stabilizer_same,True,False,False,False
PPO+G,999,normal,1001,3,3.0,0.5249,0.3732,0.6101,5.814,Same,Same,g5_partial_same,True,False,False,False
PPO+G,999,normal,1001,4,3.0,0.4678,0.3117,0.7823,6.304,Same,Same,g5_partial_same,True,False,False,False
PPO+G,999,normal,1001,5,3.0,0.5368,0.4622,0.5694,5.796,Same,Same,g5_partial_same,True,False,False,False
PPO+G,999,normal,1001,6,3.0,0.5177,0.2673,0.7068,6.935,Same,Same,g2_anxiety_stabilizer_same,True,False,False,False
PPO+G,999,normal,1001,7,3.0,0.4781,0.4281,0.6475,6.178,Same,Same,g5_partial_same,True,False,False,False
PPO+G,999,normal,1001,8,3.0,0.4951,0.2776,0.695,6.489,Same,Same,g5_partial_same,True,False,False,False
PPO+G,999,normal,1001,9,3.0,0.485,0.1802,0.8446,6.576,Same,Same,g2_anxiety_stabilizer_same,True,False,False,False
PPO+G,999,normal,1001,10,3.0,0.5219,0.3643,0.5837,5.469,Same,Same,g5_partial_same,True,False,False,False
PPO+G,999,normal,2002,1,3.0,0.4608,0.3805,0.7601,7.749,Same,Same,g5_partial_same,True,False,False,False
PPO+G,999,normal,2002,2,3.0,0.4794,0.3504,0.5545,5.728,Same,Same,g5_partial_same,True,False,False,False
PPO+G,999,normal,2002,3,3.0,0.5544,0.3957,0.5207,5.255,Same,Same,g5_partial_same,True,False,False,False
PPO+G,999,normal,2002,4,3.0,0.4441,0.3394,0.6642,7.036,Same,Same,g5_partial_same,True,False,False,False
PPO+G,999,normal,2002,5,3.0,0.4543,0.2857,0.6229,6.372,Same,Same,g5_partial_same,True,False,False,False
PPO+G,999,normal,2002,6,3.0,0.5167,0.4381,0.5934,6.604,Same,Same,g5_partial_same,True,False,False,False
PPO+G,999,normal,2002,7,3.0,0.5142,0.5363,0.3991,5.25,Same,Same,g5_partial_same,True,False,False,False
PPO+G,999,normal,2002,8,3.0,0.5065,0.3785,0.6413,6.464,Same,Same,g5_partial_same,True,False,False,False
PPO+G,999,normal,2002,9,3.0,0.4437,0.2544,0.6489,6.145,Same,Same,g5_partial_same,True,False,False,False
PPO+G,999,normal,2002,10,3.0,0.5081,0.2775,0.9003,7.235,Same,Same,g2_anxiety_stabilizer_same,True,False,False,False
PPO+G,999,normal,3003,1,3.0,0.5381,0.3184,0.8131,7.094,Same,Same,g5_partial_same,True,False,False,False
PPO+G,999,normal,3003,2,3.0,0.4505,0.215,0.6914,6.361,Same,Same,g5_partial_same,True,False,False,False
PPO+G,999,normal,3003,3,3.0,0.4795,0.2727,0.7618,7.301,Same,Same,g2_anxiety_stabilizer_same,True,False,False,False
PPO+G,999,normal,3003,4,3.0,0.5521,0.4049,0.632,5.766,Same,Same,g5_partial_same,True,False,False,False
PPO+G,999,normal,3003,5,3.0,0.5254,0.4082,0.5582,5.288,Same,Same,g5_partial_same,True,False,False,False
PPO+G,999,normal,3003,6,3.0,0.5532,0.4005,0.5686,5.853,Same,Same,g5_partial_same,True,False,False,False
PPO+G,999,normal,3003,7,3.0,0.5171,0.4024,0.7499,6.583,Same,Same,g5_partial_same,True,False,False,False
PPO+G,999,normal,3003,8,3.0,0.4966,0.2669,0.74,6.237,Same,Same,g2_anxiety_stabilizer_same,True,False,False,False
PPO+G,999,normal,3003,9,3.0,0.5178,0.1937,0.7076,6.714,Same,Same,g2_anxiety_stabilizer_same,True,False,False,False
PPO+G,999,normal,3003,10,3.0,0.5287,0.3171,0.5891,6.324,Same,Same,g5_partial_same,True,False,False,False
PPO+G,999,normal,4004,1,3.0,0.5363,0.3673,0.5976,6.086,Same,Same,g5_partial_same,True,False,False,False
PPO+G,999,normal,4004,2,3.0,0.488,0.3503,0.6511,6.111,Same,Same,g5_partial_same,True,False,False,False
PPO+G,999,normal,4004,3,3.0,0.5257,0.4248,0.5508,6.37,Same,Same,g5_partial_same,True,False,False,False
PPO+G,999,normal,4004,4,3.0,0.5062,0.4274,0.5919,5.741,Same,Same,g5_partial_same,True,False,False,False
PPO+G,999,normal,4004,5,3.0,0.5038,0.4036,0.6287,6.113,Same,Same,g5_partial_same,True,False,False,False
PPO+G,999,normal,4004,6,3.0,0.5625,0.3478,0.7214,6.791,Same,Same,g5_partial_same,True,False,False,False
PPO+G,999,normal,4004,7,3.0,0.5416,0.3626,0.6347,5.866,Same,Same,g5_partial_same,True,False,False,False
PPO+G,999,normal,4004,8,3.0,0.5128,0.4897,0.5703,5.994,Same,Same,g5_partial_same,True,False,False,False
PPO+G,999,normal,4004,9,3.0,0.5653,0.3134,0.6734,6.552,Same,Same,g5_partial_same,True,False,False,False
PPO+G,999,normal,4004,10,3.0,0.5003,0.2535,0.8367,8.243,Same,Same,g2_anxiety_stabilizer_same,True,False,False,False
PPO+G,999,normal,5005,1,3.0,0.4326,0.3876,0.647,6.396,Same,Same,g5_partial_same,True,False,False,False
PPO+G,999,normal,5005,2,3.0,0.4962,0.3868,0.6883,5.714,Same,Same,g5_partial_same,True,False,False,False
PPO+G,999,normal,5005,3,3.0,0.5471,0.3942,0.6505,6.313,Same,Same,g5_partial_same,True,False,False,False
PPO+G,999,normal,5005,4,3.0,0.4807,0.3129,0.729,6.195,Same,Same,g5_partial_same,True,False,False,False
PPO+G,999,normal,5005,5,3.0,0.4856,0.4054,0.4767,5.564,Same,Same,g5_partial_same,True,False,False,False
PPO+G,999,normal,5005,6,3.0,0.4665,0.4213,0.614,6.554,Same,Same,g5_partial_same,True,False,False,False
PPO+G,999,normal,5005,7,3.0,0.497,0.382,0.6394,6.594,Same,Same,g5_partial_same,True,False,False,False
PPO+G,999,normal,5005,8,3.0,0.4925,0.4,0.5948,6.53,Same,Same,g5_partial_same,True,False,False,False
PPO+G,999,normal,5005,9,3.0,0.5432,0.4665,0.3759,4.899,Same,Same,g5_partial_same,True,False,False,False
PPO+G,999,normal,5005,10,3.0,0.5606,0.3637,0.4759,5.808,Same,Same,g5_partial_same,True,False,False,False
PPO+G,999,lucky_guesser,1001,1,3.0,0.9319,0.2807,0.8392,5.474,Same,Same,none,False,False,False,False
PPO+G,999,lucky_guesser,1001,2,3.0,0.9363,0.2678,0.7974,4.857,Same,Same,none,False,False,False,False
PPO+G,999,lucky_guesser,1001,3,3.0,0.9559,0.2884,0.8177,6.762,Same,Same,none,False,False,False,False
PPO+G,999,lucky_guesser,1001,4,3.0,0.9714,0.3283,0.7921,6.125,Same,Same,none,False,False,False,False
PPO+G,999,lucky_guesser,1001,5,3.0,0.9425,0.2336,0.8093,5.748,Same,Same,none,False,False,False,False
PPO+G,999,lucky_guesser,1001,6,3.0,0.9246,0.2889,0.7523,5.264,Same,Same,none,False,False,False,False
PPO+G,999,lucky_guesser,1001,7,3.0,0.9513,0.3515,0.8256,5.742,Same,Same,none,False,False,False,False
PPO+G,999,lucky_guesser,1001,8,3.0,0.9438,0.3096,0.7838,6.343,Same,Same,none,False,False,False,False
PPO+G,999,lucky_guesser,1001,9,3.0,0.9489,0.283,0.8093,5.317,Same,Same,none,False,False,False,False
PPO+G,999,lucky_guesser,1001,10,3.0,0.937,0.345,0.835,5.773,Same,Same,none,False,False,False,False
PPO+G,999,lucky_guesser,2002,1,3.0,0.9397,0.309,0.7644,6.952,Same,Same,none,False,False,False,False
PPO+G,999,lucky_guesser,2002,2,3.0,0.9269,0.2441,0.8194,4.605,Same,Same,none,False,False,False,False
PPO+G,999,lucky_guesser,2002,3,3.0,0.9328,0.3216,0.8167,4.015,Same,Same,none,False,False,False,False
PPO+G,999,lucky_guesser,2002,4,3.0,0.9869,0.2758,0.8119,6.146,Same,Same,none,False,False,False,False
PPO+G,999,lucky_guesser,2002,5,3.0,0.9219,0.2831,0.7637,5.66,Same,Same,none,False,False,False,False
PPO+G,999,lucky_guesser,2002,6,3.0,0.9436,0.3292,0.8307,5.545,Same,Same,none,False,False,False,False
PPO+G,999,lucky_guesser,2002,7,3.0,0.9595,0.2865,0.8005,5.072,Same,Same,none,False,False,False,False
PPO+G,999,lucky_guesser,2002,8,3.0,0.9456,0.2968,0.8228,5.481,Same,Same,none,False,False,False,False
PPO+G,999,lucky_guesser,2002,9,3.0,0.9527,0.3033,0.8002,5.177,Same,Same,none,False,False,False,False
PPO+G,999,lucky_guesser,2002,10,3.0,0.9599,0.282,0.8147,4.501,Same,Same,none,False,False,False,False
PPO+G,999,lucky_guesser,3003,1,3.0,0.9253,0.2634,0.7649,6.426,Same,Same,none,False,False,False,False
PPO+G,999,lucky_guesser,3003,2,3.0,0.9734,0.3521,0.8012,5.578,Same,Same,none,False,False,False,False
PPO+G,999,lucky_guesser,3003,3,3.0,0.9437,0.2414,0.8532,6.422,Same,Same,none,False,False,False,False
PPO+G,999,lucky_guesser,3003,4,3.0,0.9576,0.3571,0.7878,5.731,Same,Same,none,False,False,False,False
PPO+G,999,lucky_guesser,3003,5,3.0,0.9589,0.2254,0.763,5.575,Same,Same,none,False,False,False,False
PPO+G,999,lucky_guesser,3003,6,3.0,0.9663,0.2554,0.764,4.432,Same,Same,none,False,False,False,False
PPO+G,999,lucky_guesser,3003,7,3.0,0.9502,0.3121,0.7877,4.44,Same,Same,none,False,False,False,False
PPO+G,999,lucky_guesser,3003,8,3.0,0.9264,0.2749,0.8306,4.49,Same,Same,none,False,False,False,False
PPO+G,999,lucky_guesser,3003,9,3.0,0.9778,0.279,0.8804,4.662,Same,Same,none,False,False,False,False
PPO+G,999,lucky_guesser,3003,10,3.0,0.9587,0.2928,0.7814,5.265,Same,Same,none,False,False,False,False
PPO+G,999,lucky_guesser,4004,1,3.0,0.944,0.3053,0.8005,5.274,Same,Same,none,False,False,False,False
PPO+G,999,lucky_guesser,4004,2,3.0,0.9779,0.3062,0.8305,5.479,Same,Same,none,False,False,False,False
PPO+G,999,lucky_guesser,4004,3,3.0,0.9561,0.2939,0.8625,6.049,Same,Same,none,False,False,False,False
PPO+G,999,lucky_guesser,4004,4,3.0,0.9438,0.299,0.7674,5.97,Same,Same,none,False,False,False,False
PPO+G,999,lucky_guesser,4004,5,3.0,0.9826,0.2564,0.7951,5.16,Same,Same,none,False,False,False,False
PPO+G,999,lucky_guesser,4004,6,3.0,0.9979,0.3099,0.8356,5.117,Same,Same,none,False,False,False,False
PPO+G,999,lucky_guesser,4004,7,3.0,0.9498,0.3107,0.8086,5.409,Same,Same,none,False,False,False,False
PPO+G,999,lucky_guesser,4004,8,3.0,0.9646,0.3017,0.7592,5.515,Same,Same,none,False,False,False,False
PPO+G,999,lucky_guesser,4004,9,3.0,0.9337,0.3389,0.8362,5.135,Same,Same,none,False,False,False,False
PPO+G,999,lucky_guesser,4004,10,3.0,0.9259,0.2675,0.7559,3.996,Same,Same,none,False,False,False,False
PPO+G,999,lucky_guesser,5005,1,3.0,0.9481,0.3174,0.8282,5.607,Same,Same,none,False,False,False,False
PPO+G,999,lucky_guesser,5005,2,3.0,0.9519,0.2807,0.7924,5.417,Same,Same,none,False,False,False,False
PPO+G,999,lucky_guesser,5005,3,3.0,0.9279,0.3074,0.7665,5.977,Same,Same,none,False,False,False,False
PPO+G,999,lucky_guesser,5005,4,3.0,0.9575,0.308,0.8356,5.681,Same,Same,none,False,False,False,False
PPO+G,999,lucky_guesser,5005,5,3.0,0.9716,0.3314,0.7409,5.655,Same,Same,none,False,False,False,False
PPO+G,999,lucky_guesser,5005,6,3.0,0.9673,0.3167,0.8217,4.127,Same,Same,none,False,False,False,False
PPO+G,999,lucky_guesser,5005,7,3.0,0.9395,0.3149,0.7751,4.557,Same,Same,none,False,False,False,False
PPO+G,999,lucky_guesser,5005,8,3.0,0.9327,0.2835,0.7974,5.316,Same,Same,none,False,False,False,False
PPO+G,999,lucky_guesser,5005,9,3.0,0.972,0.2933,0.7849,7.035,Same,Same,none,False,False,False,False
PPO+G,999,lucky_guesser,5005,10,3.0,0.9499,0.3252,0.7963,5.004,Same,Same,none,False,False,False,False
PPO+G,999,nervous_expert,1001,1,3.0,0.8471,0.4392,0.7892,5.352,Same,Same,none,False,False,False,False
PPO+G,999,nervous_expert,1001,2,3.0,0.94,0.6349,0.7474,4.687,Same,Same,none,False,False,False,False
PPO+G,999,nervous_expert,1001,3,3.0,0.94,0.463,0.7677,6.649,Same,Same,none,False,False,False,False
PPO+G,999,nervous_expert,1001,4,3.0,0.8894,0.5165,0.7421,6.019,Same,Same,none,False,False,False,False
PPO+G,999,nervous_expert,1001,5,3.0,0.8889,0.415,0.7593,5.611,Same,Same,none,False,False,False,False
PPO+G,999,nervous_expert,1001,6,3.0,0.8222,0.5461,0.7023,5.119,Same,Same,none,False,False,False,False
PPO+G,999,nervous_expert,1001,7,3.0,0.94,0.6829,0.7756,5.587,Same,Same,none,False,False,False,False
PPO+G,999,nervous_expert,1001,8,3.0,0.8729,0.3806,0.7338,6.242,Same,Same,none,False,False,False,False
PPO+G,999,nervous_expert,1001,9,3.0,0.9308,0.5759,0.7593,5.163,Same,Same,none,False,False,False,False
PPO+G,999,nervous_expert,1001,10,3.0,0.9081,0.6567,0.785,5.628,Same,Same,none,False,False,False,False
PPO+G,999,nervous_expert,2002,1,3.0,0.8509,0.5933,0.7144,6.812,Same,Same,none,False,False,False,False
PPO+G,999,nervous_expert,2002,2,3.0,0.861,0.6129,0.7694,4.439,Same,Same,none,False,False,False,False
PPO+G,999,nervous_expert,2002,3,3.0,0.8823,0.7316,0.7667,3.978,Same,Same,none,False,False,False,False
PPO+G,999,nervous_expert,2002,4,3.0,0.94,0.5878,0.7619,6.018,Same,Same,none,False,False,False,False
PPO+G,999,nervous_expert,2002,5,3.0,0.8728,0.5655,0.7137,5.506,Same,Same,none,False,False,False,False
PPO+G,999,nervous_expert,2002,6,3.0,0.8835,0.5903,0.7807,5.357,Same,Same,none,False,False,False,False
PPO+G,999,nervous_expert,2002,7,3.0,0.9011,0.5185,0.7505,4.906,Same,Same,none,False,False,False,False
PPO+G,999,nervous_expert,2002,8,3.0,0.9029,0.5983,0.7728,5.35,Same,Same,none,False,False,False,False
PPO+G,999,nervous_expert,2002,9,3.0,0.9334,0.4873,0.7502,5.031,Same,Same,none,False,False,False,False
PPO+G,999,nervous_expert,2002,10,3.0,0.94,0.6252,0.7647,4.35,Same,Same,none,False,False,False,False
PPO+G,999,nervous_expert,3003,1,3.0,0.9089,0.4856,0.7149,6.314,Same,Same,none,False,False,False,False
PPO+G,999,nervous_expert,3003,2,3.0,0.926,0.549,0.7512,5.427,Same,Same,none,False,False,False,False
PPO+G,999,nervous_expert,3003,3,3.0,0.9092,0.4128,0.8032,6.307,Same,Same,none,False,False,False,False
PPO+G,999,nervous_expert,3003,4,3.0,0.9127,0.5827,0.7378,5.584,Same,Same,none,False,False,False,False
PPO+G,999,nervous_expert,3003,5,3.0,0.9122,0.3961,0.713,5.456,Same,Same,none,False,False,False,False
PPO+G,999,nervous_expert,3003,6,3.0,0.94,0.593,0.714,4.261,Same,Same,none,False,False,False,False
PPO+G,999,nervous_expert,3003,7,3.0,0.9095,0.5548,0.7377,4.272,Same,Same,none,False,False,False,False
PPO+G,999,nervous_expert,3003,8,3.0,0.82,0.5163,0.7806,4.323,Same,Same,none,False,False,False,False
PPO+G,999,nervous_expert,3003,9,3.0,0.9169,0.6116,0.8304,4.487,Same,Same,none,False,False,False,False
PPO+G,999,nervous_expert,3003,10,3.0,0.8888,0.5284,0.7314,5.135,Same,Same,none,False,False,False,False
PPO+G,999,nervous_expert,4004,1,3.0,0.9321,0.5764,0.7505,5.115,Same,Same,none,False,False,False,False
PPO+G,999,nervous_expert,4004,2,3.0,0.9252,0.6041,0.7805,5.338,Same,Same,none,False,False,False,False
PPO+G,999,nervous_expert,4004,3,3.0,0.9191,0.4919,0.8125,5.913,Same,Same,none,False,False,False,False
PPO+G,999,nervous_expert,4004,4,3.0,0.8677,0.5856,0.7174,5.817,Same,Same,none,False,False,False,False
PPO+G,999,nervous_expert,4004,5,3.0,0.94,0.6499,0.7451,4.993,Same,Same,none,False,False,False,False
PPO+G,999,nervous_expert,4004,6,3.0,0.94,0.5808,0.7856,4.932,Same,Same,none,False,False,False,False
PPO+G,999,nervous_expert,4004,7,3.0,0.9353,0.5954,0.7586,5.225,Same,Same,none,False,False,False,False
PPO+G,999,nervous_expert,4004,8,3.0,0.9069,0.5304,0.7092,5.397,Same,Same,none,False,False,False,False
PPO+G,999,nervous_expert,4004,9,3.0,0.8816,0.6821,0.7862,4.995,Same,Same,none,False,False,False,False
PPO+G,999,nervous_expert,4004,10,3.0,0.914,0.6754,0.7059,3.891,Same,Same,none,False,False,False,False
PPO+G,999,nervous_expert,5005,1,3.0,0.8338,0.6088,0.7782,5.457,Same,Same,none,False,False,False,False
PPO+G,999,nervous_expert,5005,2,3.0,0.8383,0.5764,0.7424,5.256,Same,Same,none,False,False,False,False
PPO+G,999,nervous_expert,5005,3,3.0,0.89,0.4859,0.7165,5.831,Same,Same,none,False,False,False,False
PPO+G,999,nervous_expert,5005,4,3.0,0.94,0.6376,0.7856,5.545,Same,Same,none,False,False,False,False
PPO+G,999,nervous_expert,5005,5,3.0,0.9251,0.6352,0.6909,5.483,Same,Same,none,False,False,False,False
PPO+G,999,nervous_expert,5005,6,3.0,0.9095,0.6946,0.7717,3.959,Same,Same,none,False,False,False,False
PPO+G,999,nervous_expert,5005,7,3.0,0.934,0.6224,0.7251,4.366,Same,Same,none,False,False,False,False
PPO+G,999,nervous_expert,5005,8,3.0,0.8651,0.5905,0.7474,5.166,Same,Same,none,False,False,False,False
PPO+G,999,nervous_expert,5005,9,3.0,0.884,0.3543,0.7349,6.943,Same,Same,none,False,False,False,False
PPO+G,999,nervous_expert,5005,10,3.0,0.8983,0.6126,0.7463,4.854,Same,Same,none,False,False,False,False
Constant-Same raw,-,struggling_junior,1001,1,3.0,0.0,0.0,1.0,9.015,Same,Same,none,False,False,False,False
Constant-Same raw,-,struggling_junior,1001,2,3.0,0.0,0.0,0.9621,9.145,Same,Same,none,False,False,False,False
Constant-Same raw,-,struggling_junior,1001,3,3.0,0.0937,0.0,0.9801,9.61,Same,Same,none,False,False,False,False
Constant-Same raw,-,struggling_junior,1001,4,3.0,0.0,0.0558,0.9465,9.106,Same,Same,none,False,False,False,False
Constant-Same raw,-,struggling_junior,1001,5,3.0,0.0461,0.0,0.954,9.021,Same,Same,none,False,False,False,False
Constant-Same raw,-,struggling_junior,1001,6,3.0,0.0514,0.0486,0.8916,9.405,Same,Same,none,False,False,False,False
Constant-Same raw,-,struggling_junior,1001,7,3.0,0.0512,0.0,0.8305,8.823,Same,Same,none,False,False,False,False
Constant-Same raw,-,struggling_junior,1001,8,3.0,0.0849,0.0301,1.0,10.265,Same,Same,none,False,False,False,False
Constant-Same raw,-,struggling_junior,1001,9,3.0,0.0695,0.0,0.9785,10.372,Same,Same,none,False,False,False,False
Constant-Same raw,-,struggling_junior,1001,10,3.0,0.0353,0.0481,1.0,10.104,Same,Same,none,False,False,False,False
Constant-Same raw,-,struggling_junior,2002,1,3.0,0.0,0.009,0.9933,11.225,Same,Same,none,False,False,False,False
Constant-Same raw,-,struggling_junior,2002,2,3.0,0.05,0.032,0.8323,8.765,Same,Same,none,False,False,False,False
Constant-Same raw,-,struggling_junior,2002,3,3.0,0.0062,0.0669,0.8693,8.746,Same,Same,none,False,False,False,False
Constant-Same raw,-,struggling_junior,2002,4,3.0,0.0665,0.0601,1.0,9.823,Same,Same,none,False,False,False,False
Constant-Same raw,-,struggling_junior,2002,5,3.0,0.0,0.0,0.9886,10.163,Same,Same,none,False,False,False,False
Constant-Same raw,-,struggling_junior,2002,6,3.0,0.0043,0.0414,1.0,9.775,Same,Same,none,False,False,False,False
Constant-Same raw,-,struggling_junior,2002,7,3.0,0.0428,0.0,0.9392,9.218,Same,Same,none,False,False,False,False
Constant-Same raw,-,struggling_junior,2002,8,3.0,0.033,0.0,1.0,8.961,Same,Same,none,False,False,False,False
Constant-Same raw,-,struggling_junior,2002,9,3.0,0.0698,0.0,1.0,10.302,Same,Same,none,False,False,False,False
Constant-Same raw,-,struggling_junior,2002,10,3.0,0.0,0.0,1.0,9.632,Same,Same,none,False,False,False,False
Constant-Same raw,-,struggling_junior,3003,1,3.0,0.0278,0.0,0.9865,9.928,Same,Same,none,False,False,False,False
Constant-Same raw,-,struggling_junior,3003,2,3.0,0.1074,0.0,0.9548,9.528,Same,Same,none,False,False,False,False
Constant-Same raw,-,struggling_junior,3003,3,3.0,0.1178,0.0,0.9615,8.673,Same,Same,none,False,False,False,False
Constant-Same raw,-,struggling_junior,3003,4,3.0,0.0737,0.0,0.9996,9.071,Same,Same,none,False,False,False,False
Constant-Same raw,-,struggling_junior,3003,5,3.0,0.0,0.0325,0.9647,9.369,Same,Same,none,False,False,False,False
Constant-Same raw,-,struggling_junior,3003,6,3.0,0.0174,0.0,1.0,9.93,Same,Same,none,False,False,False,False
Constant-Same raw,-,struggling_junior,3003,7,3.0,0.0367,0.0306,0.9183,8.517,Same,Same,none,False,False,False,False
Constant-Same raw,-,struggling_junior,3003,8,3.0,0.032,0.0,0.9794,9.253,Same,Same,none,False,False,False,False
Constant-Same raw,-,struggling_junior,3003,9,3.0,0.0356,0.0,0.8792,9.448,Same,Same,none,False,False,False,False
Constant-Same raw,-,struggling_junior,3003,10,3.0,0.0236,0.0,0.9747,9.721,Same,Same,none,False,False,False,False
Constant-Same raw,-,struggling_junior,4004,1,3.0,0.0634,0.0053,1.0,9.681,Same,Same,none,False,False,False,False
Constant-Same raw,-,struggling_junior,4004,2,3.0,0.0422,0.0,0.9976,9.935,Same,Same,none,False,False,False,False
Constant-Same raw,-,struggling_junior,4004,3,3.0,0.0491,0.0214,0.9933,9.359,Same,Same,none,False,False,False,False
Constant-Same raw,-,struggling_junior,4004,4,3.0,0.081,0.0,0.9551,10.007,Same,Same,none,False,False,False,False
Constant-Same raw,-,struggling_junior,4004,5,3.0,0.0607,0.008,1.0,10.688,Same,Same,none,False,False,False,False
Constant-Same raw,-,struggling_junior,4004,6,3.0,0.051,0.0,0.9607,11.211,Same,Same,none,False,False,False,False
Constant-Same raw,-,struggling_junior,4004,7,3.0,0.0227,0.0516,0.9722,9.794,Same,Same,none,False,False,False,False
Constant-Same raw,-,struggling_junior,4004,8,3.0,0.0067,0.0,0.9827,10.756,Same,Same,none,False,False,False,False
Constant-Same raw,-,struggling_junior,4004,9,3.0,0.0061,0.0389,0.9619,9.237,Same,Same,none,False,False,False,False
Constant-Same raw,-,struggling_junior,4004,10,3.0,0.0606,0.0324,0.9875,8.966,Same,Same,none,False,False,False,False
Constant-Same raw,-,struggling_junior,5005,1,3.0,0.0,0.0174,0.9971,10.015,Same,Same,none,False,False,False,False
Constant-Same raw,-,struggling_junior,5005,2,3.0,0.0939,0.0,1.0,10.053,Same,Same,none,False,False,False,False
Constant-Same raw,-,struggling_junior,5005,3,3.0,0.0107,0.0074,1.0,10.063,Same,Same,none,False,False,False,False
Constant-Same raw,-,struggling_junior,5005,4,3.0,0.0114,0.0271,1.0,10.366,Same,Same,none,False,False,False,False
Constant-Same raw,-,struggling_junior,5005,5,3.0,0.0,0.0,1.0,10.313,Same,Same,none,False,False,False,False
Constant-Same raw,-,struggling_junior,5005,6,3.0,0.1468,0.0316,0.9828,9.539,Same,Same,none,False,False,False,False
Constant-Same raw,-,struggling_junior,5005,7,3.0,0.0476,0.0114,0.8819,9.184,Same,Same,none,False,False,False,False
Constant-Same raw,-,struggling_junior,5005,8,3.0,0.0,0.0,0.9963,10.355,Same,Same,none,False,False,False,False
Constant-Same raw,-,struggling_junior,5005,9,3.0,0.0,0.0,1.0,9.708,Same,Same,none,False,False,False,False
Constant-Same raw,-,struggling_junior,5005,10,3.0,0.0673,0.0541,0.936,9.031,Same,Same,none,False,False,False,False
Constant-Same raw,-,overconfident_fail,1001,1,3.0,0.0264,0.8372,0.2892,6.491,Same,Same,none,False,False,False,False
Constant-Same raw,-,overconfident_fail,1001,2,3.0,0.1202,0.8285,0.2474,6.789,Same,Same,none,False,False,False,False
Constant-Same raw,-,overconfident_fail,1001,3,3.0,0.1263,0.8422,0.2677,7.436,Same,Same,none,False,False,False,False
Constant-Same raw,-,overconfident_fail,1001,4,3.0,0.0687,0.8689,0.2421,6.798,Same,Same,none,False,False,False,False
Constant-Same raw,-,overconfident_fail,1001,5,3.0,0.0683,0.8058,0.2593,6.962,Same,Same,none,False,False,False,False
Constant-Same raw,-,overconfident_fail,1001,6,3.0,0.0016,0.8426,0.2023,6.793,Same,Same,none,False,False,False,False
Constant-Same raw,-,overconfident_fail,1001,7,3.0,0.1293,0.8843,0.2756,7.395,Same,Same,none,False,False,False,False
Constant-Same raw,-,overconfident_fail,1001,8,3.0,0.0523,0.8564,0.2338,6.897,Same,Same,none,False,False,False,False
Constant-Same raw,-,overconfident_fail,1001,9,3.0,0.1102,0.8387,0.2593,7.035,Same,Same,none,False,False,False,False
Constant-Same raw,-,overconfident_fail,1001,10,3.0,0.0875,0.88,0.285,7.24,Same,Same,none,False,False,False,False
Constant-Same raw,-,overconfident_fail,2002,1,3.0,0.0303,0.856,0.2144,8.082,Same,Same,none,False,False,False,False
Constant-Same raw,-,overconfident_fail,2002,2,3.0,0.0404,0.8127,0.2694,6.465,Same,Same,none,False,False,False,False
Constant-Same raw,-,overconfident_fail,2002,3,3.0,0.0617,0.8644,0.2667,6.122,Same,Same,none,False,False,False,False
Constant-Same raw,-,overconfident_fail,2002,4,3.0,0.163,0.8338,0.2619,7.223,Same,Same,none,False,False,False,False
Constant-Same raw,-,overconfident_fail,2002,5,3.0,0.0522,0.8388,0.2137,7.318,Same,Same,none,False,False,False,False
Constant-Same raw,-,overconfident_fail,2002,6,3.0,0.0629,0.8695,0.2807,7.428,Same,Same,none,False,False,False,False
Constant-Same raw,-,overconfident_fail,2002,7,3.0,0.0805,0.841,0.2505,6.637,Same,Same,none,False,False,False,False
Constant-Same raw,-,overconfident_fail,2002,8,3.0,0.0822,0.8478,0.2728,6.749,Same,Same,none,False,False,False,False
Constant-Same raw,-,overconfident_fail,2002,9,3.0,0.1128,0.8522,0.2502,6.427,Same,Same,none,False,False,False,False
Constant-Same raw,-,overconfident_fail,2002,10,3.0,0.1271,0.838,0.2647,6.238,Same,Same,none,False,False,False,False
Constant-Same raw,-,overconfident_fail,3003,1,3.0,0.0883,0.8256,0.2149,7.149,Same,Same,none,False,False,False,False
Constant-Same raw,-,overconfident_fail,3003,2,3.0,0.1054,0.8847,0.2512,6.941,Same,Same,none,False,False,False,False
Constant-Same raw,-,overconfident_fail,3003,3,3.0,0.0886,0.8109,0.3032,7.221,Same,Same,none,False,False,False,False
Constant-Same raw,-,overconfident_fail,3003,4,3.0,0.0921,0.8881,0.2378,7.197,Same,Same,none,False,False,False,False
Constant-Same raw,-,overconfident_fail,3003,5,3.0,0.0916,0.8003,0.213,6.593,Same,Same,none,False,False,False,False
Constant-Same raw,-,overconfident_fail,3003,6,3.0,0.1217,0.8202,0.214,6.311,Same,Same,none,False,False,False,False
Constant-Same raw,-,overconfident_fail,3003,7,3.0,0.0888,0.8581,0.2377,6.005,Same,Same,none,False,False,False,False
Constant-Same raw,-,overconfident_fail,3003,8,3.0,0.0,0.8333,0.2806,6.046,Same,Same,none,False,False,False,False
Constant-Same raw,-,overconfident_fail,3003,9,3.0,0.0963,0.836,0.3304,6.607,Same,Same,none,False,False,False,False
Constant-Same raw,-,overconfident_fail,3003,10,3.0,0.0682,0.8452,0.2314,6.569,Same,Same,none,False,False,False,False
Constant-Same raw,-,overconfident_fail,4004,1,3.0,0.1115,0.8535,0.2505,6.97,Same,Same,none,False,False,False,False
Constant-Same raw,-,overconfident_fail,4004,2,3.0,0.1046,0.8541,0.2805,6.948,Same,Same,none,False,False,False,False
Constant-Same raw,-,overconfident_fail,4004,3,3.0,0.0985,0.8459,0.3125,7.307,Same,Same,none,False,False,False,False
Constant-Same raw,-,overconfident_fail,4004,4,3.0,0.0471,0.8493,0.2174,7.545,Same,Same,none,False,False,False,False
Constant-Same raw,-,overconfident_fail,4004,5,3.0,0.1395,0.8209,0.2451,7.098,Same,Same,none,False,False,False,False
Constant-Same raw,-,overconfident_fail,4004,6,3.0,0.1635,0.8566,0.2856,6.983,Same,Same,none,False,False,False,False
Constant-Same raw,-,overconfident_fail,4004,7,3.0,0.1147,0.8571,0.2586,7.355,Same,Same,none,False,False,False,False
Constant-Same raw,-,overconfident_fail,4004,8,3.0,0.0863,0.8511,0.2092,6.544,Same,Same,none,False,False,False,False
Constant-Same raw,-,overconfident_fail,4004,9,3.0,0.0609,0.8759,0.2862,6.651,Same,Same,none,False,False,False,False
Constant-Same raw,-,overconfident_fail,4004,10,3.0,0.0934,0.8284,0.2059,6.041,Same,Same,none,False,False,False,False
Constant-Same raw,-,overconfident_fail,5005,1,3.0,0.0132,0.8616,0.2782,7.211,Same,Same,none,False,False,False,False
Constant-Same raw,-,overconfident_fail,5005,2,3.0,0.0177,0.8372,0.2424,7.24,Same,Same,none,False,False,False,False
Constant-Same raw,-,overconfident_fail,5005,3,3.0,0.0694,0.8549,0.2165,7.245,Same,Same,none,False,False,False,False
Constant-Same raw,-,overconfident_fail,5005,4,3.0,0.1381,0.8553,0.2856,7.02,Same,Same,none,False,False,False,False
Constant-Same raw,-,overconfident_fail,5005,5,3.0,0.1045,0.8709,0.1909,7.625,Same,Same,none,False,False,False,False
Constant-Same raw,-,overconfident_fail,5005,6,3.0,0.0889,0.8611,0.2717,5.946,Same,Same,none,False,False,False,False
Constant-Same raw,-,overconfident_fail,5005,7,3.0,0.1134,0.8599,0.2251,6.554,Same,Same,none,False,False,False,False
Constant-Same raw,-,overconfident_fail,5005,8,3.0,0.0445,0.839,0.2474,6.966,Same,Same,none,False,False,False,False
Constant-Same raw,-,overconfident_fail,5005,9,3.0,0.0634,0.8455,0.2349,7.267,Same,Same,none,False,False,False,False
Constant-Same raw,-,overconfident_fail,5005,10,3.0,0.0777,0.8668,0.2463,6.666,Same,Same,none,False,False,False,False
Constant-Same raw,-,normal,1001,1,3.0,0.4674,0.2547,0.7208,6.148,Same,Same,none,False,False,False,False
Constant-Same raw,-,normal,1001,2,3.0,0.4638,0.2689,0.8358,7.76,Same,Same,none,False,False,False,False
Constant-Same raw,-,normal,1001,3,3.0,0.5249,0.3732,0.6101,5.814,Same,Same,none,False,False,False,False
Constant-Same raw,-,normal,1001,4,3.0,0.4678,0.3117,0.7823,6.304,Same,Same,none,False,False,False,False
Constant-Same raw,-,normal,1001,5,3.0,0.5368,0.4622,0.5694,5.796,Same,Same,none,False,False,False,False
Constant-Same raw,-,normal,1001,6,3.0,0.5177,0.2673,0.7068,6.935,Same,Same,none,False,False,False,False
Constant-Same raw,-,normal,1001,7,3.0,0.4781,0.4281,0.6475,6.178,Same,Same,none,False,False,False,False
Constant-Same raw,-,normal,1001,8,3.0,0.4951,0.2776,0.695,6.489,Same,Same,none,False,False,False,False
Constant-Same raw,-,normal,1001,9,3.0,0.485,0.1802,0.8446,6.576,Same,Same,none,False,False,False,False
Constant-Same raw,-,normal,1001,10,3.0,0.5219,0.3643,0.5837,5.469,Same,Same,none,False,False,False,False
Constant-Same raw,-,normal,2002,1,3.0,0.4608,0.3805,0.7601,7.749,Same,Same,none,False,False,False,False
Constant-Same raw,-,normal,2002,2,3.0,0.4794,0.3504,0.5545,5.728,Same,Same,none,False,False,False,False
Constant-Same raw,-,normal,2002,3,3.0,0.5544,0.3957,0.5207,5.255,Same,Same,none,False,False,False,False
Constant-Same raw,-,normal,2002,4,3.0,0.4441,0.3394,0.6642,7.036,Same,Same,none,False,False,False,False
Constant-Same raw,-,normal,2002,5,3.0,0.4543,0.2857,0.6229,6.372,Same,Same,none,False,False,False,False
Constant-Same raw,-,normal,2002,6,3.0,0.5167,0.4381,0.5934,6.604,Same,Same,none,False,False,False,False
Constant-Same raw,-,normal,2002,7,3.0,0.5142,0.5363,0.3991,5.25,Same,Same,none,False,False,False,False
Constant-Same raw,-,normal,2002,8,3.0,0.5065,0.3785,0.6413,6.464,Same,Same,none,False,False,False,False
Constant-Same raw,-,normal,2002,9,3.0,0.4437,0.2544,0.6489,6.145,Same,Same,none,False,False,False,False
Constant-Same raw,-,normal,2002,10,3.0,0.5081,0.2775,0.9003,7.235,Same,Same,none,False,False,False,False
Constant-Same raw,-,normal,3003,1,3.0,0.5381,0.3184,0.8131,7.094,Same,Same,none,False,False,False,False
Constant-Same raw,-,normal,3003,2,3.0,0.4505,0.215,0.6914,6.361,Same,Same,none,False,False,False,False
Constant-Same raw,-,normal,3003,3,3.0,0.4795,0.2727,0.7618,7.301,Same,Same,none,False,False,False,False
Constant-Same raw,-,normal,3003,4,3.0,0.5521,0.4049,0.632,5.766,Same,Same,none,False,False,False,False
Constant-Same raw,-,normal,3003,5,3.0,0.5254,0.4082,0.5582,5.288,Same,Same,none,False,False,False,False
Constant-Same raw,-,normal,3003,6,3.0,0.5532,0.4005,0.5686,5.853,Same,Same,none,False,False,False,False
Constant-Same raw,-,normal,3003,7,3.0,0.5171,0.4024,0.7499,6.583,Same,Same,none,False,False,False,False
Constant-Same raw,-,normal,3003,8,3.0,0.4966,0.2669,0.74,6.237,Same,Same,none,False,False,False,False
Constant-Same raw,-,normal,3003,9,3.0,0.5178,0.1937,0.7076,6.714,Same,Same,none,False,False,False,False
Constant-Same raw,-,normal,3003,10,3.0,0.5287,0.3171,0.5891,6.324,Same,Same,none,False,False,False,False
Constant-Same raw,-,normal,4004,1,3.0,0.5363,0.3673,0.5976,6.086,Same,Same,none,False,False,False,False
Constant-Same raw,-,normal,4004,2,3.0,0.488,0.3503,0.6511,6.111,Same,Same,none,False,False,False,False
Constant-Same raw,-,normal,4004,3,3.0,0.5257,0.4248,0.5508,6.37,Same,Same,none,False,False,False,False
Constant-Same raw,-,normal,4004,4,3.0,0.5062,0.4274,0.5919,5.741,Same,Same,none,False,False,False,False
Constant-Same raw,-,normal,4004,5,3.0,0.5038,0.4036,0.6287,6.113,Same,Same,none,False,False,False,False
Constant-Same raw,-,normal,4004,6,3.0,0.5625,0.3478,0.7214,6.791,Same,Same,none,False,False,False,False
Constant-Same raw,-,normal,4004,7,3.0,0.5416,0.3626,0.6347,5.866,Same,Same,none,False,False,False,False
Constant-Same raw,-,normal,4004,8,3.0,0.5128,0.4897,0.5703,5.994,Same,Same,none,False,False,False,False
Constant-Same raw,-,normal,4004,9,3.0,0.5653,0.3134,0.6734,6.552,Same,Same,none,False,False,False,False
Constant-Same raw,-,normal,4004,10,3.0,0.5003,0.2535,0.8367,8.243,Same,Same,none,False,False,False,False
Constant-Same raw,-,normal,5005,1,3.0,0.4326,0.3876,0.647,6.396,Same,Same,none,False,False,False,False
Constant-Same raw,-,normal,5005,2,3.0,0.4962,0.3868,0.6883,5.714,Same,Same,none,False,False,False,False
Constant-Same raw,-,normal,5005,3,3.0,0.5471,0.3942,0.6505,6.313,Same,Same,none,False,False,False,False
Constant-Same raw,-,normal,5005,4,3.0,0.4807,0.3129,0.729,6.195,Same,Same,none,False,False,False,False
Constant-Same raw,-,normal,5005,5,3.0,0.4856,0.4054,0.4767,5.564,Same,Same,none,False,False,False,False
Constant-Same raw,-,normal,5005,6,3.0,0.4665,0.4213,0.614,6.554,Same,Same,none,False,False,False,False
Constant-Same raw,-,normal,5005,7,3.0,0.497,0.382,0.6394,6.594,Same,Same,none,False,False,False,False
Constant-Same raw,-,normal,5005,8,3.0,0.4925,0.4,0.5948,6.53,Same,Same,none,False,False,False,False
Constant-Same raw,-,normal,5005,9,3.0,0.5432,0.4665,0.3759,4.899,Same,Same,none,False,False,False,False
Constant-Same raw,-,normal,5005,10,3.0,0.5606,0.3637,0.4759,5.808,Same,Same,none,False,False,False,False
Constant-Same raw,-,lucky_guesser,1001,1,3.0,0.9319,0.2807,0.8392,5.474,Same,Same,none,False,False,False,False
Constant-Same raw,-,lucky_guesser,1001,2,3.0,0.9363,0.2678,0.7974,4.857,Same,Same,none,False,False,False,False
Constant-Same raw,-,lucky_guesser,1001,3,3.0,0.9559,0.2884,0.8177,6.762,Same,Same,none,False,False,False,False
Constant-Same raw,-,lucky_guesser,1001,4,3.0,0.9714,0.3283,0.7921,6.125,Same,Same,none,False,False,False,False
Constant-Same raw,-,lucky_guesser,1001,5,3.0,0.9425,0.2336,0.8093,5.748,Same,Same,none,False,False,False,False
Constant-Same raw,-,lucky_guesser,1001,6,3.0,0.9246,0.2889,0.7523,5.264,Same,Same,none,False,False,False,False
Constant-Same raw,-,lucky_guesser,1001,7,3.0,0.9513,0.3515,0.8256,5.742,Same,Same,none,False,False,False,False
Constant-Same raw,-,lucky_guesser,1001,8,3.0,0.9438,0.3096,0.7838,6.343,Same,Same,none,False,False,False,False
Constant-Same raw,-,lucky_guesser,1001,9,3.0,0.9489,0.283,0.8093,5.317,Same,Same,none,False,False,False,False
Constant-Same raw,-,lucky_guesser,1001,10,3.0,0.937,0.345,0.835,5.773,Same,Same,none,False,False,False,False
Constant-Same raw,-,lucky_guesser,2002,1,3.0,0.9397,0.309,0.7644,6.952,Same,Same,none,False,False,False,False
Constant-Same raw,-,lucky_guesser,2002,2,3.0,0.9269,0.2441,0.8194,4.605,Same,Same,none,False,False,False,False
Constant-Same raw,-,lucky_guesser,2002,3,3.0,0.9328,0.3216,0.8167,4.015,Same,Same,none,False,False,False,False
Constant-Same raw,-,lucky_guesser,2002,4,3.0,0.9869,0.2758,0.8119,6.146,Same,Same,none,False,False,False,False
Constant-Same raw,-,lucky_guesser,2002,5,3.0,0.9219,0.2831,0.7637,5.66,Same,Same,none,False,False,False,False
Constant-Same raw,-,lucky_guesser,2002,6,3.0,0.9436,0.3292,0.8307,5.545,Same,Same,none,False,False,False,False
Constant-Same raw,-,lucky_guesser,2002,7,3.0,0.9595,0.2865,0.8005,5.072,Same,Same,none,False,False,False,False
Constant-Same raw,-,lucky_guesser,2002,8,3.0,0.9456,0.2968,0.8228,5.481,Same,Same,none,False,False,False,False
Constant-Same raw,-,lucky_guesser,2002,9,3.0,0.9527,0.3033,0.8002,5.177,Same,Same,none,False,False,False,False
Constant-Same raw,-,lucky_guesser,2002,10,3.0,0.9599,0.282,0.8147,4.501,Same,Same,none,False,False,False,False
Constant-Same raw,-,lucky_guesser,3003,1,3.0,0.9253,0.2634,0.7649,6.426,Same,Same,none,False,False,False,False
Constant-Same raw,-,lucky_guesser,3003,2,3.0,0.9734,0.3521,0.8012,5.578,Same,Same,none,False,False,False,False
Constant-Same raw,-,lucky_guesser,3003,3,3.0,0.9437,0.2414,0.8532,6.422,Same,Same,none,False,False,False,False
Constant-Same raw,-,lucky_guesser,3003,4,3.0,0.9576,0.3571,0.7878,5.731,Same,Same,none,False,False,False,False
Constant-Same raw,-,lucky_guesser,3003,5,3.0,0.9589,0.2254,0.763,5.575,Same,Same,none,False,False,False,False
Constant-Same raw,-,lucky_guesser,3003,6,3.0,0.9663,0.2554,0.764,4.432,Same,Same,none,False,False,False,False
Constant-Same raw,-,lucky_guesser,3003,7,3.0,0.9502,0.3121,0.7877,4.44,Same,Same,none,False,False,False,False
Constant-Same raw,-,lucky_guesser,3003,8,3.0,0.9264,0.2749,0.8306,4.49,Same,Same,none,False,False,False,False
Constant-Same raw,-,lucky_guesser,3003,9,3.0,0.9778,0.279,0.8804,4.662,Same,Same,none,False,False,False,False
Constant-Same raw,-,lucky_guesser,3003,10,3.0,0.9587,0.2928,0.7814,5.265,Same,Same,none,False,False,False,False
Constant-Same raw,-,lucky_guesser,4004,1,3.0,0.944,0.3053,0.8005,5.274,Same,Same,none,False,False,False,False
Constant-Same raw,-,lucky_guesser,4004,2,3.0,0.9779,0.3062,0.8305,5.479,Same,Same,none,False,False,False,False
Constant-Same raw,-,lucky_guesser,4004,3,3.0,0.9561,0.2939,0.8625,6.049,Same,Same,none,False,False,False,False
Constant-Same raw,-,lucky_guesser,4004,4,3.0,0.9438,0.299,0.7674,5.97,Same,Same,none,False,False,False,False
Constant-Same raw,-,lucky_guesser,4004,5,3.0,0.9826,0.2564,0.7951,5.16,Same,Same,none,False,False,False,False
Constant-Same raw,-,lucky_guesser,4004,6,3.0,0.9979,0.3099,0.8356,5.117,Same,Same,none,False,False,False,False
Constant-Same raw,-,lucky_guesser,4004,7,3.0,0.9498,0.3107,0.8086,5.409,Same,Same,none,False,False,False,False
Constant-Same raw,-,lucky_guesser,4004,8,3.0,0.9646,0.3017,0.7592,5.515,Same,Same,none,False,False,False,False
Constant-Same raw,-,lucky_guesser,4004,9,3.0,0.9337,0.3389,0.8362,5.135,Same,Same,none,False,False,False,False
Constant-Same raw,-,lucky_guesser,4004,10,3.0,0.9259,0.2675,0.7559,3.996,Same,Same,none,False,False,False,False
Constant-Same raw,-,lucky_guesser,5005,1,3.0,0.9481,0.3174,0.8282,5.607,Same,Same,none,False,False,False,False
Constant-Same raw,-,lucky_guesser,5005,2,3.0,0.9519,0.2807,0.7924,5.417,Same,Same,none,False,False,False,False
Constant-Same raw,-,lucky_guesser,5005,3,3.0,0.9279,0.3074,0.7665,5.977,Same,Same,none,False,False,False,False
Constant-Same raw,-,lucky_guesser,5005,4,3.0,0.9575,0.308,0.8356,5.681,Same,Same,none,False,False,False,False
Constant-Same raw,-,lucky_guesser,5005,5,3.0,0.9716,0.3314,0.7409,5.655,Same,Same,none,False,False,False,False
Constant-Same raw,-,lucky_guesser,5005,6,3.0,0.9673,0.3167,0.8217,4.127,Same,Same,none,False,False,False,False
Constant-Same raw,-,lucky_guesser,5005,7,3.0,0.9395,0.3149,0.7751,4.557,Same,Same,none,False,False,False,False
Constant-Same raw,-,lucky_guesser,5005,8,3.0,0.9327,0.2835,0.7974,5.316,Same,Same,none,False,False,False,False
Constant-Same raw,-,lucky_guesser,5005,9,3.0,0.972,0.2933,0.7849,7.035,Same,Same,none,False,False,False,False
Constant-Same raw,-,lucky_guesser,5005,10,3.0,0.9499,0.3252,0.7963,5.004,Same,Same,none,False,False,False,False
Constant-Same raw,-,nervous_expert,1001,1,3.0,0.8471,0.4392,0.7892,5.352,Same,Same,none,False,False,False,False
Constant-Same raw,-,nervous_expert,1001,2,3.0,0.94,0.6349,0.7474,4.687,Same,Same,none,False,False,False,False
Constant-Same raw,-,nervous_expert,1001,3,3.0,0.94,0.463,0.7677,6.649,Same,Same,none,False,False,False,False
Constant-Same raw,-,nervous_expert,1001,4,3.0,0.8894,0.5165,0.7421,6.019,Same,Same,none,False,False,False,False
Constant-Same raw,-,nervous_expert,1001,5,3.0,0.8889,0.415,0.7593,5.611,Same,Same,none,False,False,False,False
Constant-Same raw,-,nervous_expert,1001,6,3.0,0.8222,0.5461,0.7023,5.119,Same,Same,none,False,False,False,False
Constant-Same raw,-,nervous_expert,1001,7,3.0,0.94,0.6829,0.7756,5.587,Same,Same,none,False,False,False,False
Constant-Same raw,-,nervous_expert,1001,8,3.0,0.8729,0.3806,0.7338,6.242,Same,Same,none,False,False,False,False
Constant-Same raw,-,nervous_expert,1001,9,3.0,0.9308,0.5759,0.7593,5.163,Same,Same,none,False,False,False,False
Constant-Same raw,-,nervous_expert,1001,10,3.0,0.9081,0.6567,0.785,5.628,Same,Same,none,False,False,False,False
Constant-Same raw,-,nervous_expert,2002,1,3.0,0.8509,0.5933,0.7144,6.812,Same,Same,none,False,False,False,False
Constant-Same raw,-,nervous_expert,2002,2,3.0,0.861,0.6129,0.7694,4.439,Same,Same,none,False,False,False,False
Constant-Same raw,-,nervous_expert,2002,3,3.0,0.8823,0.7316,0.7667,3.978,Same,Same,none,False,False,False,False
Constant-Same raw,-,nervous_expert,2002,4,3.0,0.94,0.5878,0.7619,6.018,Same,Same,none,False,False,False,False
Constant-Same raw,-,nervous_expert,2002,5,3.0,0.8728,0.5655,0.7137,5.506,Same,Same,none,False,False,False,False
Constant-Same raw,-,nervous_expert,2002,6,3.0,0.8835,0.5903,0.7807,5.357,Same,Same,none,False,False,False,False
Constant-Same raw,-,nervous_expert,2002,7,3.0,0.9011,0.5185,0.7505,4.906,Same,Same,none,False,False,False,False
Constant-Same raw,-,nervous_expert,2002,8,3.0,0.9029,0.5983,0.7728,5.35,Same,Same,none,False,False,False,False
Constant-Same raw,-,nervous_expert,2002,9,3.0,0.9334,0.4873,0.7502,5.031,Same,Same,none,False,False,False,False
Constant-Same raw,-,nervous_expert,2002,10,3.0,0.94,0.6252,0.7647,4.35,Same,Same,none,False,False,False,False
Constant-Same raw,-,nervous_expert,3003,1,3.0,0.9089,0.4856,0.7149,6.314,Same,Same,none,False,False,False,False
Constant-Same raw,-,nervous_expert,3003,2,3.0,0.926,0.549,0.7512,5.427,Same,Same,none,False,False,False,False
Constant-Same raw,-,nervous_expert,3003,3,3.0,0.9092,0.4128,0.8032,6.307,Same,Same,none,False,False,False,False
Constant-Same raw,-,nervous_expert,3003,4,3.0,0.9127,0.5827,0.7378,5.584,Same,Same,none,False,False,False,False
Constant-Same raw,-,nervous_expert,3003,5,3.0,0.9122,0.3961,0.713,5.456,Same,Same,none,False,False,False,False
Constant-Same raw,-,nervous_expert,3003,6,3.0,0.94,0.593,0.714,4.261,Same,Same,none,False,False,False,False
Constant-Same raw,-,nervous_expert,3003,7,3.0,0.9095,0.5548,0.7377,4.272,Same,Same,none,False,False,False,False
Constant-Same raw,-,nervous_expert,3003,8,3.0,0.82,0.5163,0.7806,4.323,Same,Same,none,False,False,False,False
Constant-Same raw,-,nervous_expert,3003,9,3.0,0.9169,0.6116,0.8304,4.487,Same,Same,none,False,False,False,False
Constant-Same raw,-,nervous_expert,3003,10,3.0,0.8888,0.5284,0.7314,5.135,Same,Same,none,False,False,False,False
Constant-Same raw,-,nervous_expert,4004,1,3.0,0.9321,0.5764,0.7505,5.115,Same,Same,none,False,False,False,False
Constant-Same raw,-,nervous_expert,4004,2,3.0,0.9252,0.6041,0.7805,5.338,Same,Same,none,False,False,False,False
Constant-Same raw,-,nervous_expert,4004,3,3.0,0.9191,0.4919,0.8125,5.913,Same,Same,none,False,False,False,False
Constant-Same raw,-,nervous_expert,4004,4,3.0,0.8677,0.5856,0.7174,5.817,Same,Same,none,False,False,False,False
Constant-Same raw,-,nervous_expert,4004,5,3.0,0.94,0.6499,0.7451,4.993,Same,Same,none,False,False,False,False
Constant-Same raw,-,nervous_expert,4004,6,3.0,0.94,0.5808,0.7856,4.932,Same,Same,none,False,False,False,False
Constant-Same raw,-,nervous_expert,4004,7,3.0,0.9353,0.5954,0.7586,5.225,Same,Same,none,False,False,False,False
Constant-Same raw,-,nervous_expert,4004,8,3.0,0.9069,0.5304,0.7092,5.397,Same,Same,none,False,False,False,False
Constant-Same raw,-,nervous_expert,4004,9,3.0,0.8816,0.6821,0.7862,4.995,Same,Same,none,False,False,False,False
Constant-Same raw,-,nervous_expert,4004,10,3.0,0.914,0.6754,0.7059,3.891,Same,Same,none,False,False,False,False
Constant-Same raw,-,nervous_expert,5005,1,3.0,0.8338,0.6088,0.7782,5.457,Same,Same,none,False,False,False,False
Constant-Same raw,-,nervous_expert,5005,2,3.0,0.8383,0.5764,0.7424,5.256,Same,Same,none,False,False,False,False
Constant-Same raw,-,nervous_expert,5005,3,3.0,0.89,0.4859,0.7165,5.831,Same,Same,none,False,False,False,False
Constant-Same raw,-,nervous_expert,5005,4,3.0,0.94,0.6376,0.7856,5.545,Same,Same,none,False,False,False,False
Constant-Same raw,-,nervous_expert,5005,5,3.0,0.9251,0.6352,0.6909,5.483,Same,Same,none,False,False,False,False
Constant-Same raw,-,nervous_expert,5005,6,3.0,0.9095,0.6946,0.7717,3.959,Same,Same,none,False,False,False,False
Constant-Same raw,-,nervous_expert,5005,7,3.0,0.934,0.6224,0.7251,4.366,Same,Same,none,False,False,False,False
Constant-Same raw,-,nervous_expert,5005,8,3.0,0.8651,0.5905,0.7474,5.166,Same,Same,none,False,False,False,False
Constant-Same raw,-,nervous_expert,5005,9,3.0,0.884,0.3543,0.7349,6.943,Same,Same,none,False,False,False,False
Constant-Same raw,-,nervous_expert,5005,10,3.0,0.8983,0.6126,0.7463,4.854,Same,Same,none,False,False,False,False
Constant-Same+G,-,struggling_junior,1001,1,3.0,0.0,0.0,1.0,9.015,Same,Easier,g4_stuck_easier,True,True,False,False
Constant-Same+G,-,struggling_junior,1001,2,2.0,0.102,0.0217,0.9376,7.082,Same,Easier,g4_stuck_easier,True,True,False,False
Constant-Same+G,-,struggling_junior,1001,3,1.0,0.3177,0.257,0.7712,4.14,Same,Same,g2_anxiety_stabilizer_same,True,False,False,False
Constant-Same+G,-,struggling_junior,1001,4,1.0,0.252,0.3558,0.6175,4.225,Same,Easier,g4_stuck_easier,True,True,True,False
Constant-Same+G,-,struggling_junior,1001,5,1.0,0.3219,0.1769,0.7986,4.697,Same,Same,g2_anxiety_stabilizer_same,True,False,False,False
Constant-Same+G,-,struggling_junior,1001,6,1.0,0.3267,0.3287,0.6338,3.84,Same,Same,none,False,False,False,False
Constant-Same+G,-,struggling_junior,1001,7,1.0,0.2865,0.2876,0.5078,4.003,Same,Same,none,False,False,False,False
Constant-Same+G,-,struggling_junior,1001,8,1.0,0.2959,0.3301,0.7128,4.584,Same,Easier,g4_stuck_easier,True,True,True,False
Constant-Same+G,-,struggling_junior,1001,9,1.0,0.3148,0.278,0.7938,5.301,Same,Same,g2_anxiety_stabilizer_same,True,False,False,False
Constant-Same+G,-,struggling_junior,1001,10,1.0,0.2795,0.3481,0.8566,4.616,Same,Easier,g4_stuck_easier,True,True,True,False
Constant-Same+G,-,struggling_junior,2002,1,3.0,0.0,0.009,0.9933,11.225,Same,Easier,g4_stuck_easier,True,True,False,False
Constant-Same+G,-,struggling_junior,2002,2,2.0,0.1788,0.032,0.8323,6.887,Same,Easier,g4_stuck_easier,True,True,False,False
Constant-Same+G,-,struggling_junior,2002,3,1.0,0.2657,0.3216,0.8245,3.542,Same,Easier,g4_stuck_easier,True,True,True,False
Constant-Same+G,-,struggling_junior,2002,4,1.0,0.2933,0.3601,0.578,4.239,Same,Same,none,False,False,False,False
Constant-Same+G,-,struggling_junior,2002,5,1.0,0.2437,0.2831,0.6299,4.617,Same,Easier,g4_stuck_easier,True,True,True,False
Constant-Same+G,-,struggling_junior,2002,6,1.0,0.2757,0.3414,0.7511,4.313,Same,Easier,g4_stuck_easier,True,True,True,False
Constant-Same+G,-,struggling_junior,2002,7,1.0,0.3189,0.2865,0.9392,4.215,Same,Same,g2_anxiety_stabilizer_same,True,False,False,False
Constant-Same+G,-,struggling_junior,2002,8,1.0,0.2858,0.2296,0.8804,4.668,Same,Easier,g4_stuck_easier,True,True,True,False
Constant-Same+G,-,struggling_junior,2002,9,1.0,0.3251,0.2973,0.6723,4.666,Same,Same,none,False,False,False,False
Constant-Same+G,-,struggling_junior,2002,10,1.0,0.2619,0.2299,0.687,4.369,Same,Easier,g4_stuck_easier,True,True,True,False
Constant-Same+G,-,struggling_junior,3003,1,3.0,0.0278,0.0,0.9865,9.928,Same,Easier,g4_stuck_easier,True,True,False,False
Constant-Same+G,-,struggling_junior,3003,2,2.0,0.2362,0.0367,0.8923,7.208,Same,Easier,g4_stuck_easier,True,True,False,False
Constant-Same+G,-,struggling_junior,3003,3,1.0,0.3532,0.2988,0.5533,3.777,Same,Same,none,False,False,False,False
Constant-Same+G,-,struggling_junior,3003,4,1.0,0.2956,0.2251,0.6305,4.07,Same,Easier,g4_stuck_easier,True,True,True,False
Constant-Same+G,-,struggling_junior,3003,5,1.0,0.2648,0.3325,0.689,4.51,Same,Easier,g4_stuck_easier,True,True,True,False
Constant-Same+G,-,struggling_junior,3003,6,1.0,0.2983,0.2338,0.8094,5.032,Same,Easier,g4_stuck_easier,True,True,True,False
Constant-Same+G,-,struggling_junior,3003,7,1.0,0.2749,0.2707,0.9088,4.159,Same,Easier,g4_stuck_easier,True,True,True,False
Constant-Same+G,-,struggling_junior,3003,8,1.0,0.2676,0.2606,0.7114,4.438,Same,Easier,g4_stuck_easier,True,True,True,False
Constant-Same+G,-,struggling_junior,3003,9,1.0,0.2928,0.2814,0.5154,4.201,Same,Same,none,False,False,False,False
Constant-Same+G,-,struggling_junior,3003,10,1.0,0.2943,0.2777,0.8272,4.511,Same,Easier,g4_stuck_easier,True,True,True,False
Constant-Same+G,-,struggling_junior,4004,1,3.0,0.0634,0.0053,1.0,9.681,Same,Easier,g4_stuck_easier,True,True,False,False
Constant-Same+G,-,struggling_junior,4004,2,2.0,0.171,0.0607,0.9976,7.806,Same,Easier,g4_stuck_easier,True,True,False,False
Constant-Same+G,-,struggling_junior,4004,3,1.0,0.3038,0.3214,0.5852,4.101,Same,Same,none,False,False,False,False
Constant-Same+G,-,struggling_junior,4004,4,1.0,0.3248,0.2895,0.8087,4.496,Same,Same,g2_anxiety_stabilizer_same,True,False,False,False
Constant-Same+G,-,struggling_junior,4004,5,1.0,0.3225,0.2808,0.781,5.275,Same,Same,g2_anxiety_stabilizer_same,True,False,False,False
Constant-Same+G,-,struggling_junior,4004,6,1.0,0.3084,0.2657,0.8429,5.386,Same,Same,g2_anxiety_stabilizer_same,True,False,False,False
Constant-Same+G,-,struggling_junior,4004,7,1.0,0.2736,0.3516,0.8626,4.451,Same,Easier,g4_stuck_easier,True,True,True,False
Constant-Same+G,-,struggling_junior,4004,8,1.0,0.2687,0.2719,0.6216,4.878,Same,Easier,g4_stuck_easier,True,True,True,False
Constant-Same+G,-,struggling_junior,4004,9,1.0,0.2675,0.3389,0.6579,4.191,Same,Easier,g4_stuck_easier,True,True,True,False
Constant-Same+G,-,struggling_junior,4004,10,1.0,0.273,0.3293,0.7589,4.454,Same,Easier,g4_stuck_easier,True,True,True,False
Constant-Same+G,-,struggling_junior,5005,1,3.0,0.0,0.0174,0.9971,10.015,Same,Easier,g4_stuck_easier,True,True,False,False
Constant-Same+G,-,struggling_junior,5005,2,2.0,0.2227,0.0,1.0,7.899,Same,Easier,g4_stuck_easier,True,True,False,False
Constant-Same+G,-,struggling_junior,5005,3,1.0,0.2558,0.2821,0.7399,4.828,Same,Easier,g4_stuck_easier,True,True,True,False
Constant-Same+G,-,struggling_junior,5005,4,1.0,0.2905,0.3271,0.6445,4.703,Same,Easier,g4_stuck_easier,True,True,True,False
Constant-Same+G,-,struggling_junior,5005,5,1.0,0.2409,0.2827,0.6745,4.714,Same,Easier,g4_stuck_easier,True,True,True,False
Constant-Same+G,-,struggling_junior,5005,6,1.0,0.3498,0.3031,0.522,3.963,Same,Same,none,False,False,False,False
Constant-Same+G,-,struggling_junior,5005,7,1.0,0.3295,0.3114,0.688,4.114,Same,Same,none,False,False,False,False
Constant-Same+G,-,struggling_junior,5005,8,1.0,0.2878,0.2842,0.8113,4.912,Same,Easier,g4_stuck_easier,True,True,True,False
Constant-Same+G,-,struggling_junior,5005,9,1.0,0.2717,0.2998,0.7296,4.667,Same,Easier,g4_stuck_easier,True,True,True,False
Constant-Same+G,-,struggling_junior,5005,10,1.0,0.3079,0.3541,0.5852,4.11,Same,Same,none,False,False,False,False
Constant-Same+G,-,overconfident_fail,1001,1,3.0,0.0264,0.8372,0.2892,6.491,Same,Easier,g1_overload_protection,True,True,False,False
Constant-Same+G,-,overconfident_fail,1001,2,2.0,0.1817,0.8285,0.2474,4.623,Same,Easier,g1_overload_protection,True,True,False,False
Constant-Same+G,-,overconfident_fail,1001,3,1.0,0.2079,0.8422,0.2677,3.369,Same,Same,none,False,False,False,False
Constant-Same+G,-,overconfident_fail,1001,4,1.0,0.2286,0.8689,0.2421,3.054,Same,Same,none,False,False,False,False
Constant-Same+G,-,overconfident_fail,1001,5,1.0,0.19,0.8058,0.2593,2.899,Same,Same,none,False,False,False,False
Constant-Same+G,-,overconfident_fail,1001,6,1.0,0.1661,0.8426,0.2023,2.671,Same,Same,none,False,False,False,False
Constant-Same+G,-,overconfident_fail,1001,7,1.0,0.2017,0.8843,0.2756,2.911,Same,Same,none,False,False,False,False
Constant-Same+G,-,overconfident_fail,1001,8,1.0,0.1917,0.8564,0.2338,3.156,Same,Same,none,False,False,False,False
Constant-Same+G,-,overconfident_fail,1001,9,1.0,0.1986,0.8387,0.2593,2.704,Same,Same,none,False,False,False,False
Constant-Same+G,-,overconfident_fail,1001,10,1.0,0.1826,0.88,0.285,2.918,Same,Same,none,False,False,False,False
Constant-Same+G,-,overconfident_fail,2002,1,3.0,0.0303,0.856,0.2144,8.082,Same,Easier,g1_overload_protection,True,True,False,False
Constant-Same+G,-,overconfident_fail,2002,2,2.0,0.1692,0.8127,0.2694,4.399,Same,Easier,g1_overload_protection,True,True,False,False
Constant-Same+G,-,overconfident_fail,2002,3,1.0,0.1771,0.8644,0.1986,2.119,Same,Same,none,False,False,False,False
Constant-Same+G,-,overconfident_fail,2002,4,1.0,0.2492,0.8338,0.2619,3.084,Same,Same,none,False,False,False,False
Constant-Same+G,-,overconfident_fail,2002,5,1.0,0.1625,0.8388,0.2137,2.87,Same,Same,none,False,False,False,False
Constant-Same+G,-,overconfident_fail,2002,6,1.0,0.1914,0.8695,0.2807,2.843,Same,Same,none,False,False,False,False
Constant-Same+G,-,overconfident_fail,2002,7,1.0,0.2126,0.841,0.2505,2.596,Same,Same,none,False,False,False,False
Constant-Same+G,-,overconfident_fail,2002,8,1.0,0.1941,0.8478,0.2728,2.764,Same,Same,none,False,False,False,False
Constant-Same+G,-,overconfident_fail,2002,9,1.0,0.2036,0.8522,0.2502,2.63,Same,Same,none,False,False,False,False
Constant-Same+G,-,overconfident_fail,2002,10,1.0,0.2131,0.838,0.2647,2.307,Same,Same,none,False,False,False,False
Constant-Same+G,-,overconfident_fail,3003,1,3.0,0.0883,0.8256,0.2149,7.149,Same,Easier,g1_overload_protection,True,True,False,False
Constant-Same+G,-,overconfident_fail,3003,2,2.0,0.2312,0.8847,0.2512,5.119,Same,Easier,g1_overload_protection,True,True,False,False
Constant-Same+G,-,overconfident_fail,3003,3,1.0,0.1916,0.8109,0.3032,3.207,Same,Same,none,False,False,False,False
Constant-Same+G,-,overconfident_fail,3003,4,1.0,0.2101,0.8881,0.2378,2.9,Same,Same,none,False,False,False,False
Constant-Same+G,-,overconfident_fail,3003,5,1.0,0.2118,0.8003,0.213,2.799,Same,Same,none,False,False,False,False
Constant-Same+G,-,overconfident_fail,3003,6,1.0,0.2217,0.8202,0.214,2.29,Same,Same,none,False,False,False,False
Constant-Same+G,-,overconfident_fail,3003,7,1.0,0.2003,0.8581,0.2377,2.292,Same,Same,none,False,False,False,False
Constant-Same+G,-,overconfident_fail,3003,8,1.0,0.1685,0.8333,0.2806,2.315,Same,Same,none,False,False,False,False
Constant-Same+G,-,overconfident_fail,3003,9,1.0,0.2371,0.836,0.3304,2.406,Same,Same,none,False,False,False,False
Constant-Same+G,-,overconfident_fail,3003,10,1.0,0.2116,0.8452,0.2314,2.659,Same,Same,none,False,False,False,False
Constant-Same+G,-,overconfident_fail,4004,1,3.0,0.1115,0.8535,0.2505,6.97,Same,Easier,g1_overload_protection,True,True,False,False
Constant-Same+G,-,overconfident_fail,4004,2,2.0,0.2372,0.8541,0.2805,4.998,Same,Easier,g1_overload_protection,True,True,False,False
Constant-Same+G,-,overconfident_fail,4004,3,1.0,0.2081,0.8459,0.3125,3.044,Same,Same,none,False,False,False,False
Constant-Same+G,-,overconfident_fail,4004,4,1.0,0.1917,0.8493,0.2174,3.02,Same,Same,none,False,False,False,False
Constant-Same+G,-,overconfident_fail,4004,5,1.0,0.2435,0.8209,0.2451,2.639,Same,Same,none,False,False,False,False
Constant-Same+G,-,overconfident_fail,4004,6,1.0,0.2638,0.8566,0.2856,2.634,Same,Same,none,False,False,False,False
Constant-Same+G,-,overconfident_fail,4004,7,1.0,0.1997,0.8571,0.2586,2.774,Same,Same,none,False,False,False,False
Constant-Same+G,-,overconfident_fail,4004,8,1.0,0.2194,0.8511,0.2092,2.77,Same,Same,none,False,False,False,False
Constant-Same+G,-,overconfident_fail,4004,9,1.0,0.1783,0.8759,0.2862,2.605,Same,Same,none,False,False,False,False
Constant-Same+G,-,overconfident_fail,4004,10,1.0,0.1678,0.8284,0.1518,2.103,Same,Same,none,False,False,False,False
Constant-Same+G,-,overconfident_fail,5005,1,3.0,0.0132,0.8616,0.2782,7.211,Same,Easier,g1_overload_protection,True,True,False,False
Constant-Same+G,-,overconfident_fail,5005,2,2.0,0.2025,0.8372,0.2424,5.031,Same,Easier,g1_overload_protection,True,True,False,False
Constant-Same+G,-,overconfident_fail,5005,3,1.0,0.1705,0.8549,0.2165,3.016,Same,Same,none,False,False,False,False
Constant-Same+G,-,overconfident_fail,5005,4,1.0,0.21,0.8553,0.2856,2.866,Same,Same,none,False,False,False,False
Constant-Same+G,-,overconfident_fail,5005,5,1.0,0.2288,0.8709,0.1909,2.884,Same,Same,none,False,False,False,False
Constant-Same+G,-,overconfident_fail,5005,6,1.0,0.223,0.8611,0.2717,2.14,Same,Same,none,False,False,False,False
Constant-Same+G,-,overconfident_fail,5005,7,1.0,0.186,0.8599,0.2251,2.367,Same,Same,none,False,False,False,False
Constant-Same+G,-,overconfident_fail,5005,8,1.0,0.1769,0.839,0.2474,2.701,Same,Same,none,False,False,False,False
Constant-Same+G,-,overconfident_fail,5005,9,1.0,0.2294,0.8455,0.2349,3.483,Same,Same,none,False,False,False,False
Constant-Same+G,-,overconfident_fail,5005,10,1.0,0.1999,0.8668,0.2463,2.55,Same,Same,none,False,False,False,False
Constant-Same+G,-,normal,1001,1,3.0,0.4674,0.2547,0.7208,6.148,Same,Same,g2_anxiety_stabilizer_same,True,False,False,False
Constant-Same+G,-,normal,1001,2,3.0,0.4638,0.2689,0.8358,7.76,Same,Same,g2_anxiety_stabilizer_same,True,False,False,False
Constant-Same+G,-,normal,1001,3,3.0,0.5249,0.3732,0.6101,5.814,Same,Same,g5_partial_same,True,False,False,False
Constant-Same+G,-,normal,1001,4,3.0,0.4678,0.3117,0.7823,6.304,Same,Same,g5_partial_same,True,False,False,False
Constant-Same+G,-,normal,1001,5,3.0,0.5368,0.4622,0.5694,5.796,Same,Same,g5_partial_same,True,False,False,False
Constant-Same+G,-,normal,1001,6,3.0,0.5177,0.2673,0.7068,6.935,Same,Same,g2_anxiety_stabilizer_same,True,False,False,False
Constant-Same+G,-,normal,1001,7,3.0,0.4781,0.4281,0.6475,6.178,Same,Same,g5_partial_same,True,False,False,False
Constant-Same+G,-,normal,1001,8,3.0,0.4951,0.2776,0.695,6.489,Same,Same,g5_partial_same,True,False,False,False
Constant-Same+G,-,normal,1001,9,3.0,0.485,0.1802,0.8446,6.576,Same,Same,g2_anxiety_stabilizer_same,True,False,False,False
Constant-Same+G,-,normal,1001,10,3.0,0.5219,0.3643,0.5837,5.469,Same,Same,g5_partial_same,True,False,False,False
Constant-Same+G,-,normal,2002,1,3.0,0.4608,0.3805,0.7601,7.749,Same,Same,g5_partial_same,True,False,False,False
Constant-Same+G,-,normal,2002,2,3.0,0.4794,0.3504,0.5545,5.728,Same,Same,g5_partial_same,True,False,False,False
Constant-Same+G,-,normal,2002,3,3.0,0.5544,0.3957,0.5207,5.255,Same,Same,g5_partial_same,True,False,False,False
Constant-Same+G,-,normal,2002,4,3.0,0.4441,0.3394,0.6642,7.036,Same,Same,g5_partial_same,True,False,False,False
Constant-Same+G,-,normal,2002,5,3.0,0.4543,0.2857,0.6229,6.372,Same,Same,g5_partial_same,True,False,False,False
Constant-Same+G,-,normal,2002,6,3.0,0.5167,0.4381,0.5934,6.604,Same,Same,g5_partial_same,True,False,False,False
Constant-Same+G,-,normal,2002,7,3.0,0.5142,0.5363,0.3991,5.25,Same,Same,g5_partial_same,True,False,False,False
Constant-Same+G,-,normal,2002,8,3.0,0.5065,0.3785,0.6413,6.464,Same,Same,g5_partial_same,True,False,False,False
Constant-Same+G,-,normal,2002,9,3.0,0.4437,0.2544,0.6489,6.145,Same,Same,g5_partial_same,True,False,False,False
Constant-Same+G,-,normal,2002,10,3.0,0.5081,0.2775,0.9003,7.235,Same,Same,g2_anxiety_stabilizer_same,True,False,False,False
Constant-Same+G,-,normal,3003,1,3.0,0.5381,0.3184,0.8131,7.094,Same,Same,g5_partial_same,True,False,False,False
Constant-Same+G,-,normal,3003,2,3.0,0.4505,0.215,0.6914,6.361,Same,Same,g5_partial_same,True,False,False,False
Constant-Same+G,-,normal,3003,3,3.0,0.4795,0.2727,0.7618,7.301,Same,Same,g2_anxiety_stabilizer_same,True,False,False,False
Constant-Same+G,-,normal,3003,4,3.0,0.5521,0.4049,0.632,5.766,Same,Same,g5_partial_same,True,False,False,False
Constant-Same+G,-,normal,3003,5,3.0,0.5254,0.4082,0.5582,5.288,Same,Same,g5_partial_same,True,False,False,False
Constant-Same+G,-,normal,3003,6,3.0,0.5532,0.4005,0.5686,5.853,Same,Same,g5_partial_same,True,False,False,False
Constant-Same+G,-,normal,3003,7,3.0,0.5171,0.4024,0.7499,6.583,Same,Same,g5_partial_same,True,False,False,False
Constant-Same+G,-,normal,3003,8,3.0,0.4966,0.2669,0.74,6.237,Same,Same,g2_anxiety_stabilizer_same,True,False,False,False
Constant-Same+G,-,normal,3003,9,3.0,0.5178,0.1937,0.7076,6.714,Same,Same,g2_anxiety_stabilizer_same,True,False,False,False
Constant-Same+G,-,normal,3003,10,3.0,0.5287,0.3171,0.5891,6.324,Same,Same,g5_partial_same,True,False,False,False
Constant-Same+G,-,normal,4004,1,3.0,0.5363,0.3673,0.5976,6.086,Same,Same,g5_partial_same,True,False,False,False
Constant-Same+G,-,normal,4004,2,3.0,0.488,0.3503,0.6511,6.111,Same,Same,g5_partial_same,True,False,False,False
Constant-Same+G,-,normal,4004,3,3.0,0.5257,0.4248,0.5508,6.37,Same,Same,g5_partial_same,True,False,False,False
Constant-Same+G,-,normal,4004,4,3.0,0.5062,0.4274,0.5919,5.741,Same,Same,g5_partial_same,True,False,False,False
Constant-Same+G,-,normal,4004,5,3.0,0.5038,0.4036,0.6287,6.113,Same,Same,g5_partial_same,True,False,False,False
Constant-Same+G,-,normal,4004,6,3.0,0.5625,0.3478,0.7214,6.791,Same,Same,g5_partial_same,True,False,False,False
Constant-Same+G,-,normal,4004,7,3.0,0.5416,0.3626,0.6347,5.866,Same,Same,g5_partial_same,True,False,False,False
Constant-Same+G,-,normal,4004,8,3.0,0.5128,0.4897,0.5703,5.994,Same,Same,g5_partial_same,True,False,False,False
Constant-Same+G,-,normal,4004,9,3.0,0.5653,0.3134,0.6734,6.552,Same,Same,g5_partial_same,True,False,False,False
Constant-Same+G,-,normal,4004,10,3.0,0.5003,0.2535,0.8367,8.243,Same,Same,g2_anxiety_stabilizer_same,True,False,False,False
Constant-Same+G,-,normal,5005,1,3.0,0.4326,0.3876,0.647,6.396,Same,Same,g5_partial_same,True,False,False,False
Constant-Same+G,-,normal,5005,2,3.0,0.4962,0.3868,0.6883,5.714,Same,Same,g5_partial_same,True,False,False,False
Constant-Same+G,-,normal,5005,3,3.0,0.5471,0.3942,0.6505,6.313,Same,Same,g5_partial_same,True,False,False,False
Constant-Same+G,-,normal,5005,4,3.0,0.4807,0.3129,0.729,6.195,Same,Same,g5_partial_same,True,False,False,False
Constant-Same+G,-,normal,5005,5,3.0,0.4856,0.4054,0.4767,5.564,Same,Same,g5_partial_same,True,False,False,False
Constant-Same+G,-,normal,5005,6,3.0,0.4665,0.4213,0.614,6.554,Same,Same,g5_partial_same,True,False,False,False
Constant-Same+G,-,normal,5005,7,3.0,0.497,0.382,0.6394,6.594,Same,Same,g5_partial_same,True,False,False,False
Constant-Same+G,-,normal,5005,8,3.0,0.4925,0.4,0.5948,6.53,Same,Same,g5_partial_same,True,False,False,False
Constant-Same+G,-,normal,5005,9,3.0,0.5432,0.4665,0.3759,4.899,Same,Same,g5_partial_same,True,False,False,False
Constant-Same+G,-,normal,5005,10,3.0,0.5606,0.3637,0.4759,5.808,Same,Same,g5_partial_same,True,False,False,False
Constant-Same+G,-,lucky_guesser,1001,1,3.0,0.9319,0.2807,0.8392,5.474,Same,Same,none,False,False,False,False
Constant-Same+G,-,lucky_guesser,1001,2,3.0,0.9363,0.2678,0.7974,4.857,Same,Same,none,False,False,False,False
Constant-Same+G,-,lucky_guesser,1001,3,3.0,0.9559,0.2884,0.8177,6.762,Same,Same,none,False,False,False,False
Constant-Same+G,-,lucky_guesser,1001,4,3.0,0.9714,0.3283,0.7921,6.125,Same,Same,none,False,False,False,False
Constant-Same+G,-,lucky_guesser,1001,5,3.0,0.9425,0.2336,0.8093,5.748,Same,Same,none,False,False,False,False
Constant-Same+G,-,lucky_guesser,1001,6,3.0,0.9246,0.2889,0.7523,5.264,Same,Same,none,False,False,False,False
Constant-Same+G,-,lucky_guesser,1001,7,3.0,0.9513,0.3515,0.8256,5.742,Same,Same,none,False,False,False,False
Constant-Same+G,-,lucky_guesser,1001,8,3.0,0.9438,0.3096,0.7838,6.343,Same,Same,none,False,False,False,False
Constant-Same+G,-,lucky_guesser,1001,9,3.0,0.9489,0.283,0.8093,5.317,Same,Same,none,False,False,False,False
Constant-Same+G,-,lucky_guesser,1001,10,3.0,0.937,0.345,0.835,5.773,Same,Same,none,False,False,False,False
Constant-Same+G,-,lucky_guesser,2002,1,3.0,0.9397,0.309,0.7644,6.952,Same,Same,none,False,False,False,False
Constant-Same+G,-,lucky_guesser,2002,2,3.0,0.9269,0.2441,0.8194,4.605,Same,Same,none,False,False,False,False
Constant-Same+G,-,lucky_guesser,2002,3,3.0,0.9328,0.3216,0.8167,4.015,Same,Same,none,False,False,False,False
Constant-Same+G,-,lucky_guesser,2002,4,3.0,0.9869,0.2758,0.8119,6.146,Same,Same,none,False,False,False,False
Constant-Same+G,-,lucky_guesser,2002,5,3.0,0.9219,0.2831,0.7637,5.66,Same,Same,none,False,False,False,False
Constant-Same+G,-,lucky_guesser,2002,6,3.0,0.9436,0.3292,0.8307,5.545,Same,Same,none,False,False,False,False
Constant-Same+G,-,lucky_guesser,2002,7,3.0,0.9595,0.2865,0.8005,5.072,Same,Same,none,False,False,False,False
Constant-Same+G,-,lucky_guesser,2002,8,3.0,0.9456,0.2968,0.8228,5.481,Same,Same,none,False,False,False,False
Constant-Same+G,-,lucky_guesser,2002,9,3.0,0.9527,0.3033,0.8002,5.177,Same,Same,none,False,False,False,False
Constant-Same+G,-,lucky_guesser,2002,10,3.0,0.9599,0.282,0.8147,4.501,Same,Same,none,False,False,False,False
Constant-Same+G,-,lucky_guesser,3003,1,3.0,0.9253,0.2634,0.7649,6.426,Same,Same,none,False,False,False,False
Constant-Same+G,-,lucky_guesser,3003,2,3.0,0.9734,0.3521,0.8012,5.578,Same,Same,none,False,False,False,False
Constant-Same+G,-,lucky_guesser,3003,3,3.0,0.9437,0.2414,0.8532,6.422,Same,Same,none,False,False,False,False
Constant-Same+G,-,lucky_guesser,3003,4,3.0,0.9576,0.3571,0.7878,5.731,Same,Same,none,False,False,False,False
Constant-Same+G,-,lucky_guesser,3003,5,3.0,0.9589,0.2254,0.763,5.575,Same,Same,none,False,False,False,False
Constant-Same+G,-,lucky_guesser,3003,6,3.0,0.9663,0.2554,0.764,4.432,Same,Same,none,False,False,False,False
Constant-Same+G,-,lucky_guesser,3003,7,3.0,0.9502,0.3121,0.7877,4.44,Same,Same,none,False,False,False,False
Constant-Same+G,-,lucky_guesser,3003,8,3.0,0.9264,0.2749,0.8306,4.49,Same,Same,none,False,False,False,False
Constant-Same+G,-,lucky_guesser,3003,9,3.0,0.9778,0.279,0.8804,4.662,Same,Same,none,False,False,False,False
Constant-Same+G,-,lucky_guesser,3003,10,3.0,0.9587,0.2928,0.7814,5.265,Same,Same,none,False,False,False,False
Constant-Same+G,-,lucky_guesser,4004,1,3.0,0.944,0.3053,0.8005,5.274,Same,Same,none,False,False,False,False
Constant-Same+G,-,lucky_guesser,4004,2,3.0,0.9779,0.3062,0.8305,5.479,Same,Same,none,False,False,False,False
Constant-Same+G,-,lucky_guesser,4004,3,3.0,0.9561,0.2939,0.8625,6.049,Same,Same,none,False,False,False,False
Constant-Same+G,-,lucky_guesser,4004,4,3.0,0.9438,0.299,0.7674,5.97,Same,Same,none,False,False,False,False
Constant-Same+G,-,lucky_guesser,4004,5,3.0,0.9826,0.2564,0.7951,5.16,Same,Same,none,False,False,False,False
Constant-Same+G,-,lucky_guesser,4004,6,3.0,0.9979,0.3099,0.8356,5.117,Same,Same,none,False,False,False,False
Constant-Same+G,-,lucky_guesser,4004,7,3.0,0.9498,0.3107,0.8086,5.409,Same,Same,none,False,False,False,False
Constant-Same+G,-,lucky_guesser,4004,8,3.0,0.9646,0.3017,0.7592,5.515,Same,Same,none,False,False,False,False
Constant-Same+G,-,lucky_guesser,4004,9,3.0,0.9337,0.3389,0.8362,5.135,Same,Same,none,False,False,False,False
Constant-Same+G,-,lucky_guesser,4004,10,3.0,0.9259,0.2675,0.7559,3.996,Same,Same,none,False,False,False,False
Constant-Same+G,-,lucky_guesser,5005,1,3.0,0.9481,0.3174,0.8282,5.607,Same,Same,none,False,False,False,False
Constant-Same+G,-,lucky_guesser,5005,2,3.0,0.9519,0.2807,0.7924,5.417,Same,Same,none,False,False,False,False
Constant-Same+G,-,lucky_guesser,5005,3,3.0,0.9279,0.3074,0.7665,5.977,Same,Same,none,False,False,False,False
Constant-Same+G,-,lucky_guesser,5005,4,3.0,0.9575,0.308,0.8356,5.681,Same,Same,none,False,False,False,False
Constant-Same+G,-,lucky_guesser,5005,5,3.0,0.9716,0.3314,0.7409,5.655,Same,Same,none,False,False,False,False
Constant-Same+G,-,lucky_guesser,5005,6,3.0,0.9673,0.3167,0.8217,4.127,Same,Same,none,False,False,False,False
Constant-Same+G,-,lucky_guesser,5005,7,3.0,0.9395,0.3149,0.7751,4.557,Same,Same,none,False,False,False,False
Constant-Same+G,-,lucky_guesser,5005,8,3.0,0.9327,0.2835,0.7974,5.316,Same,Same,none,False,False,False,False
Constant-Same+G,-,lucky_guesser,5005,9,3.0,0.972,0.2933,0.7849,7.035,Same,Same,none,False,False,False,False
Constant-Same+G,-,lucky_guesser,5005,10,3.0,0.9499,0.3252,0.7963,5.004,Same,Same,none,False,False,False,False
Constant-Same+G,-,nervous_expert,1001,1,3.0,0.8471,0.4392,0.7892,5.352,Same,Same,none,False,False,False,False
Constant-Same+G,-,nervous_expert,1001,2,3.0,0.94,0.6349,0.7474,4.687,Same,Same,none,False,False,False,False
Constant-Same+G,-,nervous_expert,1001,3,3.0,0.94,0.463,0.7677,6.649,Same,Same,none,False,False,False,False
Constant-Same+G,-,nervous_expert,1001,4,3.0,0.8894,0.5165,0.7421,6.019,Same,Same,none,False,False,False,False
Constant-Same+G,-,nervous_expert,1001,5,3.0,0.8889,0.415,0.7593,5.611,Same,Same,none,False,False,False,False
Constant-Same+G,-,nervous_expert,1001,6,3.0,0.8222,0.5461,0.7023,5.119,Same,Same,none,False,False,False,False
Constant-Same+G,-,nervous_expert,1001,7,3.0,0.94,0.6829,0.7756,5.587,Same,Same,none,False,False,False,False
Constant-Same+G,-,nervous_expert,1001,8,3.0,0.8729,0.3806,0.7338,6.242,Same,Same,none,False,False,False,False
Constant-Same+G,-,nervous_expert,1001,9,3.0,0.9308,0.5759,0.7593,5.163,Same,Same,none,False,False,False,False
Constant-Same+G,-,nervous_expert,1001,10,3.0,0.9081,0.6567,0.785,5.628,Same,Same,none,False,False,False,False
Constant-Same+G,-,nervous_expert,2002,1,3.0,0.8509,0.5933,0.7144,6.812,Same,Same,none,False,False,False,False
Constant-Same+G,-,nervous_expert,2002,2,3.0,0.861,0.6129,0.7694,4.439,Same,Same,none,False,False,False,False
Constant-Same+G,-,nervous_expert,2002,3,3.0,0.8823,0.7316,0.7667,3.978,Same,Same,none,False,False,False,False
Constant-Same+G,-,nervous_expert,2002,4,3.0,0.94,0.5878,0.7619,6.018,Same,Same,none,False,False,False,False
Constant-Same+G,-,nervous_expert,2002,5,3.0,0.8728,0.5655,0.7137,5.506,Same,Same,none,False,False,False,False
Constant-Same+G,-,nervous_expert,2002,6,3.0,0.8835,0.5903,0.7807,5.357,Same,Same,none,False,False,False,False
Constant-Same+G,-,nervous_expert,2002,7,3.0,0.9011,0.5185,0.7505,4.906,Same,Same,none,False,False,False,False
Constant-Same+G,-,nervous_expert,2002,8,3.0,0.9029,0.5983,0.7728,5.35,Same,Same,none,False,False,False,False
Constant-Same+G,-,nervous_expert,2002,9,3.0,0.9334,0.4873,0.7502,5.031,Same,Same,none,False,False,False,False
Constant-Same+G,-,nervous_expert,2002,10,3.0,0.94,0.6252,0.7647,4.35,Same,Same,none,False,False,False,False
Constant-Same+G,-,nervous_expert,3003,1,3.0,0.9089,0.4856,0.7149,6.314,Same,Same,none,False,False,False,False
Constant-Same+G,-,nervous_expert,3003,2,3.0,0.926,0.549,0.7512,5.427,Same,Same,none,False,False,False,False
Constant-Same+G,-,nervous_expert,3003,3,3.0,0.9092,0.4128,0.8032,6.307,Same,Same,none,False,False,False,False
Constant-Same+G,-,nervous_expert,3003,4,3.0,0.9127,0.5827,0.7378,5.584,Same,Same,none,False,False,False,False
Constant-Same+G,-,nervous_expert,3003,5,3.0,0.9122,0.3961,0.713,5.456,Same,Same,none,False,False,False,False
Constant-Same+G,-,nervous_expert,3003,6,3.0,0.94,0.593,0.714,4.261,Same,Same,none,False,False,False,False
Constant-Same+G,-,nervous_expert,3003,7,3.0,0.9095,0.5548,0.7377,4.272,Same,Same,none,False,False,False,False
Constant-Same+G,-,nervous_expert,3003,8,3.0,0.82,0.5163,0.7806,4.323,Same,Same,none,False,False,False,False
Constant-Same+G,-,nervous_expert,3003,9,3.0,0.9169,0.6116,0.8304,4.487,Same,Same,none,False,False,False,False
Constant-Same+G,-,nervous_expert,3003,10,3.0,0.8888,0.5284,0.7314,5.135,Same,Same,none,False,False,False,False
Constant-Same+G,-,nervous_expert,4004,1,3.0,0.9321,0.5764,0.7505,5.115,Same,Same,none,False,False,False,False
Constant-Same+G,-,nervous_expert,4004,2,3.0,0.9252,0.6041,0.7805,5.338,Same,Same,none,False,False,False,False
Constant-Same+G,-,nervous_expert,4004,3,3.0,0.9191,0.4919,0.8125,5.913,Same,Same,none,False,False,False,False
Constant-Same+G,-,nervous_expert,4004,4,3.0,0.8677,0.5856,0.7174,5.817,Same,Same,none,False,False,False,False
Constant-Same+G,-,nervous_expert,4004,5,3.0,0.94,0.6499,0.7451,4.993,Same,Same,none,False,False,False,False
Constant-Same+G,-,nervous_expert,4004,6,3.0,0.94,0.5808,0.7856,4.932,Same,Same,none,False,False,False,False
Constant-Same+G,-,nervous_expert,4004,7,3.0,0.9353,0.5954,0.7586,5.225,Same,Same,none,False,False,False,False
Constant-Same+G,-,nervous_expert,4004,8,3.0,0.9069,0.5304,0.7092,5.397,Same,Same,none,False,False,False,False
Constant-Same+G,-,nervous_expert,4004,9,3.0,0.8816,0.6821,0.7862,4.995,Same,Same,none,False,False,False,False
Constant-Same+G,-,nervous_expert,4004,10,3.0,0.914,0.6754,0.7059,3.891,Same,Same,none,False,False,False,False
Constant-Same+G,-,nervous_expert,5005,1,3.0,0.8338,0.6088,0.7782,5.457,Same,Same,none,False,False,False,False
Constant-Same+G,-,nervous_expert,5005,2,3.0,0.8383,0.5764,0.7424,5.256,Same,Same,none,False,False,False,False
Constant-Same+G,-,nervous_expert,5005,3,3.0,0.89,0.4859,0.7165,5.831,Same,Same,none,False,False,False,False
Constant-Same+G,-,nervous_expert,5005,4,3.0,0.94,0.6376,0.7856,5.545,Same,Same,none,False,False,False,False
Constant-Same+G,-,nervous_expert,5005,5,3.0,0.9251,0.6352,0.6909,5.483,Same,Same,none,False,False,False,False
Constant-Same+G,-,nervous_expert,5005,6,3.0,0.9095,0.6946,0.7717,3.959,Same,Same,none,False,False,False,False
Constant-Same+G,-,nervous_expert,5005,7,3.0,0.934,0.6224,0.7251,4.366,Same,Same,none,False,False,False,False
Constant-Same+G,-,nervous_expert,5005,8,3.0,0.8651,0.5905,0.7474,5.166,Same,Same,none,False,False,False,False
Constant-Same+G,-,nervous_expert,5005,9,3.0,0.884,0.3543,0.7349,6.943,Same,Same,none,False,False,False,False
Constant-Same+G,-,nervous_expert,5005,10,3.0,0.8983,0.6126,0.7463,4.854,Same,Same,none,False,False,False,False
